RestaurantID,CuisineID,CuisineSequence
100001,9,1
100001,10,2
100002,1,1
100002,15,2
100003,1,1
100003,16,2
100004,3,1
100004,22,2
100005,19,1
100005,4,2
100006,3,1
100006,15,2
100007,12,1
100007,3,2
100008,22,1
100009,10,1
100009,4,2
100010,20,1
100010,6,2
100011,22,1
100012,9,1
100013,6,1
100013,17,2
100014,8,1
100014,17,2
100015,11,1
100015,22,2
100016,9,1
100016,15,2
100017,12,1
100018,11,1
100019,2,1
100019,16,2
100020,11,1
100021,20,1
100022,7,1
100023,10,1
100023,8,2
100024,14,1
100024,18,2
100024,16,3
100025,4,1
100025,11,2
100026,19,1
100026,6,2
100027,1,1
100027,19,2
100027,9,3
100028,2,1
100028,16,2
100029,8,1
100030,4,1
100031,12,1
100032,15,1
100032,4,2
100033,22,1
100033,2,2
100033,4,3
100034,11,1
100035,15,1
100035,8,2
100036,20,1
100036,9,2
100037,3,1
100038,22,1
100038,9,2
100039,16,1
100039,5,2
100040,12,1
100041,17,1
100042,9,1
100043,11,1
100044,21,1
100045,4,1
100045,13,2
100046,21,1
100046,12,2
100047,20,1
100048,5,1
100048,8,2
100049,18,1
100049,12,2
100050,12,1
100050,18,2
100050,1,3
100051,22,1
100051,19,2
100052,12,1
100052,16,2
100053,10,1
100053,16,2
100054,17,1
100055,14,1
100056,5,1
100057,17,1
100057,9,2
100058,4,1
100058,7,2
100059,8,1
100060,21,1
100061,21,1
100061,10,2
100062,10,1
100063,4,1
100064,19,1
100065,15,1
100065,21,2
100065,4,3
100066,16,1
100067,16,1
100067,8,2
100068,4,1
100068,18,2
100068,12,3
100069,19,1
100069,11,2
100070,17,1
100070,7,2
100070,16,3
100071,12,1
100071,13,2
100071,2,3
100072,1,1
100073,13,1
100074,3,1
100075,20,1
100076,22,1
100076,2,2
100077,15,1
100077,2,2
100078,15,1
100078,19,2
100078,21,3
100079,2,1
100080,14,1
100080,20,2
100081,17,1
100082,22,1
100083,5,1
100084,12,1
100085,8,1
100085,22,2
100086,19,1
100086,14,2
100087,22,1
100088,7,1
100089,16,1
100089,8,2
100090,22,1
100091,17,1
100091,20,2
100092,16,1
100093,5,1
100094,18,1
100095,3,1
100096,8,1
100096,12,2
100096,4,3
100097,20,1
100097,1,2
100098,7,1
100099,15,1
100100,10,1
100100,6,2
100100,16,3
100101,20,1
100101,8,2
100102,22,1
100103,11,1
100103,16,2
100103,19,3
100104,3,1
100105,9,1
100105,17,2
100105,1,3
100106,22,1
100107,2,1
100108,22,1
100108,8,2
100108,12,3
100109,14,1
100109,12,2
100110,5,1
100110,13,2
100111,17,1
100111,6,2
100112,11,1
100112,6,2
100112,22,3
100113,16,1
100114,9,1
100114,3,2
100115,17,1
100116,17,1
100116,13,2
100117,19,1
100118,5,1
100119,7,1
100119,6,2
100120,21,1
100121,11,1
100121,6,2
100122,3,1
100122,4,2
100123,21,1
100123,18,2
100124,5,1
100124,11,2
100125,10,1
100125,13,2
100126,11,1
100126,15,2
100126,9,3
100127,9,1
100127,13,2
100128,7,1
100128,6,2
100128,12,3
100129,11,1
100129,9,2
100130,3,1
100131,4,1
100132,18,1
100132,22,2
100133,11,1
100133,3,2
100134,15,1
100135,1,1
100136,5,1
100136,2,2
100137,21,1
100138,4,1
100138,19,2
100139,14,1
100140,4,1
100140,18,2
100141,9,1
100141,16,2
100142,9,1
100142,13,2
100142,22,3
100143,1,1
100144,9,1
100144,22,2
100144,17,3
100145,8,1
100146,2,1
100147,4,1
100147,6,2
100148,18,1
100149,13,1
100150,1,1
100151,13,1
100151,10,2
100152,16,1
100153,19,1
100154,14,1
100155,16,1
100155,14,2
100156,18,1
100157,15,1
100158,20,1
100159,16,1
100160,16,1
100161,3,1
100161,21,2
100162,4,1
100163,2,1
100163,10,2
100164,17,1
100164,13,2
100165,22,1
100165,10,2
100166,13,1
100167,8,1
100167,2,2
100168,22,1
100169,10,1
100170,13,1
100170,9,2
100171,15,1
100171,10,2
100172,20,1
100173,2,1
100174,22,1
100175,20,1
100175,22,2
100176,9,1
100177,19,1
100177,2,2
100178,16,1
100178,21,2
100178,1,3
100179,5,1
100180,22,1
100181,20,1
100181,15,2
100181,22,3
100182,18,1
100183,12,1
100184,4,1
100184,7,2
100185,18,1
100186,13,1
100187,1,1
100188,6,1
100189,11,1
100190,3,1
100190,20,2
100190,8,3
100191,13,1
100191,5,2
100192,11,1
100192,6,2
100193,1,1
100194,4,1
100195,1,1
100196,17,1
100196,15,2
100197,9,1
100198,5,1
100198,20,2
100199,12,1
100200,17,1
100200,10,2
100201,20,1
100202,1,1
100202,14,2
100203,8,1
100204,11,1
100204,3,2
100205,11,1
100205,9,2
100206,7,1
100207,12,1
100207,4,2
100208,6,1
100209,10,1
100209,2,2
100210,3,1
100210,5,2
100211,8,1
100211,7,2
100211,3,3
100212,12,1
100212,17,2
100213,19,1
100213,16,2
100213,1,3
100214,11,1
100214,20,2
100214,15,3
100215,16,1
100216,16,1
100217,7,1
100217,2,2
100218,17,1
100219,2,1
100220,10,1
100220,3,2
100221,13,1
100222,3,1
100223,9,1
100223,18,2
100223,8,3
100224,21,1
100224,18,2
100225,7,1
100225,8,2
100226,18,1
100227,18,1
100228,13,1
100229,22,1
100230,2,1
100231,9,1
100232,11,1
100233,21,1
100233,19,2
100233,15,3
100234,22,1
100234,8,2
100235,21,1
100235,16,2
100236,2,1
100236,8,2
100237,9,1
100238,14,1
100238,15,2
100239,16,1
100240,9,1
100240,11,2
100241,1,1
100242,9,1
100243,2,1
100243,19,2
100244,15,1
100245,7,1
100245,4,2
100246,12,1
100246,13,2
100247,11,1
100248,6,1
100248,16,2
100249,20,1
100250,19,1
100250,12,2
100251,10,1
100251,16,2
100252,4,1
100253,2,1
100254,19,1
100254,16,2
100255,15,1
100256,22,1
100257,14,1
100257,11,2
100258,17,1
100259,15,1
100259,5,2
100260,22,1
100261,10,1
100261,17,2
100262,22,1
100263,7,1
100264,20,1
100264,17,2
100265,22,1
100266,12,1
100267,1,1
100267,14,2
100268,19,1
100269,6,1
100269,21,2
100270,14,1
100270,3,2
100271,5,1
100272,18,1
100272,16,2
100272,2,3
100273,15,1
100273,20,2
100274,2,1
100275,7,1
100275,19,2
100276,14,1
100276,5,2
100277,16,1
100278,6,1
100279,15,1
100279,3,2
100280,3,1
100280,2,2
100281,8,1
100281,12,2
100281,4,3
100282,20,1
100283,6,1
100284,2,1
100284,14,2
100285,21,1
100285,6,2
100286,6,1
100287,22,1
100288,8,1
100288,2,2
100288,5,3
100289,19,1
100290,9,1
100290,13,2
100290,1,3
100291,1,1
100291,13,2
100292,9,1
100292,8,2
100293,1,1
100293,13,2
100294,21,1
100294,5,2
100295,15,1
100296,13,1
100296,11,2
100297,20,1
100297,10,2
100298,17,1
100299,16,1
100300,2,1
100300,13,2
100301,9,1
100301,17,2
100302,18,1
100302,11,2
100303,16,1
100304,11,1
100304,8,2
100305,19,1
100306,17,1
100306,1,2
100307,12,1
100308,10,1
100309,17,1
100309,1,2
100310,15,1
100311,10,1
100312,12,1
100312,11,2
100312,1,3
100313,14,1
100314,21,1
100314,15,2
100315,1,1
100315,22,2
100316,8,1
100317,5,1
100317,6,2
100318,3,1
100319,2,1
100319,3,2
100319,20,3
100320,11,1
100320,18,2
100320,13,3
100321,7,1
100321,19,2
100321,22,3
100322,16,1
100323,16,1
100323,6,2
100324,17,1
100324,16,2
100324,7,3
100325,3,1
100325,9,2
100326,10,1
100326,19,2
100327,14,1
100328,4,1
100329,22,1
100330,10,1
100330,4,2
100331,8,1
100332,6,1
100333,17,1
100333,1,2
100334,1,1
100335,2,1
100336,16,1
100337,22,1
100338,1,1
100339,6,1
100340,21,1
100340,1,2
100341,16,1
100342,12,1
100343,3,1
100343,13,2
100343,9,3
100344,20,1
100344,5,2
100345,3,1
100345,2,2
100346,9,1
100346,13,2
100347,15,1
100348,1,1
100349,12,1
100349,6,2
100350,22,1
100351,9,1
100351,6,2
100352,8,1
100352,13,2
100353,18,1
100354,11,1
100354,10,2
100355,7,1
100355,1,2
100356,12,1
100356,17,2
100357,5,1
100357,8,2
100357,18,3
100358,18,1
100359,1,1
100359,14,2
100360,3,1
100361,11,1
100361,15,2
100362,5,1
100362,8,2
100362,13,3
100363,9,1
100363,22,2
100364,17,1
100364,4,2
100365,15,1
100365,1,2
100366,2,1
100367,19,1
100367,14,2
100368,16,1
100368,22,2
100369,20,1
100370,3,1
100371,2,1
100371,4,2
100372,5,1
100372,18,2
100373,12,1
100373,5,2
100374,5,1
100375,15,1
100375,1,2
100375,9,3
100376,7,1
100376,16,2
100377,17,1
100377,6,2
100378,4,1
100378,11,2
100379,21,1
100379,12,2
100380,4,1
100380,3,2
100380,14,3
100381,20,1
100381,21,2
100382,10,1
100383,1,1
100383,15,2
100384,15,1
100385,4,1
100386,10,1
100386,6,2
100386,18,3
100387,8,1
100387,19,2
100388,13,1
100389,20,1
100390,18,1
100391,3,1
100392,21,1
100393,16,1
100393,15,2
100394,21,1
100395,15,1
100396,9,1
100396,10,2
100397,10,1
100398,11,1
100399,20,1
100399,15,2
100400,6,1
100400,20,2
100401,13,1
100401,12,2
100401,16,3
100402,13,1
100403,10,1
100403,8,2
100404,22,1
100404,21,2
100405,6,1
100406,19,1
100406,2,2
100407,8,1
100407,9,2
100408,21,1
100408,1,2
100408,10,3
100409,16,1
100410,14,1
100410,2,2
100411,2,1
100411,19,2
100412,20,1
100413,12,1
100414,16,1
100414,14,2
100415,6,1
100416,5,1
100417,9,1
100418,2,1
100418,8,2
100419,20,1
100420,20,1
100421,9,1
100421,21,2
100422,4,1
100422,22,2
100422,11,3
100423,8,1
100424,4,1
100425,6,1
100425,13,2
100426,3,1
100427,11,1
100428,1,1
100429,21,1
100429,3,2
100430,5,1
100430,20,2
100431,7,1
100431,11,2
100432,9,1
100432,15,2
100433,6,1
100433,19,2
100434,8,1
100434,21,2
100435,20,1
100435,14,2
100436,16,1
100436,3,2
100437,8,1
100437,20,2
100437,1,3
100438,6,1
100438,14,2
100439,6,1
100439,10,2
100440,8,1
100441,1,1
100442,7,1
100443,19,1
100444,2,1
100445,21,1
100445,2,2
100446,15,1
100447,21,1
100448,5,1
100449,16,1
100450,11,1
100451,22,1
100452,10,1
100452,6,2
100452,21,3
100453,13,1
100454,20,1
100454,5,2
100455,2,1
100455,14,2
100456,12,1
100457,9,1
100457,19,2
100458,7,1
100459,8,1
100460,13,1
100460,19,2
100461,11,1
100462,22,1
100462,19,2
100463,12,1
100463,6,2
100464,18,1
100464,8,2
100465,7,1
100466,17,1
100467,8,1
100468,16,1
100469,11,1
100470,22,1
100471,6,1
100472,14,1
100472,10,2
100472,4,3
100473,5,1
100473,10,2
100474,9,1
100474,1,2
100475,18,1
100475,12,2
100476,15,1
100477,8,1
100478,2,1
100479,3,1
100480,5,1
100481,5,1
100482,1,1
100483,3,1
100483,12,2
100484,11,1
100484,18,2
100484,16,3
100485,19,1
100486,9,1
100486,21,2
100486,2,3
100487,5,1
100488,22,1
100488,10,2
100489,13,1
100489,10,2
100489,3,3
100490,20,1
100491,12,1
100492,5,1
100492,11,2
100493,2,1
100494,17,1
100494,3,2
100494,19,3
100495,8,1
100496,12,1
100496,1,2
100497,8,1
100498,10,1
100498,20,2
100499,3,1
100499,20,2
100499,16,3
100500,16,1
100501,11,1
100501,12,2
100502,4,1
100502,13,2
100503,8,1
100504,17,1
100505,5,1
100505,9,2
100506,1,1
100507,14,1
100507,4,2
100508,5,1
100508,3,2
100509,18,1
100509,22,2
100510,14,1
100511,5,1
100512,1,1
100513,3,1
100514,10,1
100515,11,1
100516,22,1
100516,13,2
100517,12,1
100517,22,2
100518,20,1
100518,15,2
100519,3,1
100520,22,1
100521,14,1
100522,17,1
100523,19,1
100524,2,1
100525,10,1
100526,14,1
100526,4,2
100527,7,1
100527,20,2
100528,17,1
100529,18,1
100529,4,2
100530,7,1
100530,2,2
100531,13,1
100532,13,1
100532,8,2
100533,4,1
100533,14,2
100534,16,1
100534,18,2
100534,12,3
100535,22,1
100536,14,1
100537,2,1
100537,12,2
100537,21,3
100538,19,1
100539,13,1
100540,18,1
100540,6,2
100541,6,1
100542,1,1
100542,16,2
100543,16,1
100543,6,2
100543,1,3
100544,18,1
100544,4,2
100545,10,1
100545,15,2
100546,7,1
100547,12,1
100548,1,1
100549,8,1
100550,1,1
100550,18,2
100551,13,1
100552,17,1
100552,20,2
100553,19,1
100553,12,2
100554,9,1
100555,10,1
100556,7,1
100556,14,2
100557,3,1
100558,16,1
100559,2,1
100560,13,1
100560,17,2
100560,14,3
100561,3,1
100562,11,1
100562,16,2
100563,3,1
100563,14,2
100564,14,1
100565,22,1
100566,12,1
100566,13,2
100567,10,1
100568,3,1
100569,21,1
100569,15,2
100570,5,1
100571,2,1
100572,17,1
100573,12,1
100573,14,2
100574,7,1
100575,16,1
100576,16,1
100576,8,2
100577,7,1
100578,16,1
100579,16,1
100579,4,2
100580,6,1
100580,14,2
100581,10,1
100582,22,1
100582,5,2
100583,4,1
100584,22,1
100585,12,1
100586,10,1
100586,11,2
100586,1,3
100587,11,1
100587,10,2
100588,2,1
100588,17,2
100589,2,1
100589,22,2
100589,19,3
100590,18,1
100590,7,2
100591,16,1
100591,13,2
100592,8,1
100592,17,2
100593,5,1
100593,10,2
100594,13,1
100595,7,1
100596,10,1
100596,8,2
100597,22,1
100597,2,2
100598,19,1
100599,8,1
100600,20,1
100601,8,1
100602,16,1
100602,9,2
100602,4,3
100603,19,1
100604,21,1
100604,14,2
100605,9,1
100606,13,1
100607,20,1
100608,7,1
100608,12,2
100609,20,1
100610,6,1
100610,5,2
100611,15,1
100612,21,1
100612,13,2
100613,6,1
100614,2,1
100615,10,1
100616,13,1
100617,15,1
100617,4,2
100618,3,1
100619,17,1
100619,19,2
100620,9,1
100620,4,2
100621,21,1
100621,6,2
100621,17,3
100622,1,1
100622,11,2
100623,13,1
100624,18,1
100625,6,1
100625,7,2
100626,16,1
100626,17,2
100627,9,1
100627,16,2
100628,2,1
100628,19,2
100629,7,1
100629,14,2
100630,5,1
100631,20,1
100632,18,1
100633,10,1
100633,5,2
100634,6,1
100635,9,1
100635,18,2
100636,18,1
100637,13,1
100637,7,2
100638,8,1
100638,15,2
100639,3,1
100640,2,1
100641,3,1
100642,4,1
100642,18,2
100643,5,1
100644,13,1
100645,4,1
100645,9,2
100646,20,1
100646,8,2
100647,14,1
100647,1,2
100648,1,1
100649,3,1
100650,19,1
100650,4,2
100651,19,1
100651,20,2
100652,11,1
100653,13,1
100653,22,2
100654,5,1
100654,10,2
100655,14,1
100655,18,2
100656,7,1
100656,10,2
100657,2,1
100658,3,1
100659,7,1
100660,17,1
100660,4,2
100661,18,1
100662,10,1
100662,1,2
100663,11,1
100663,3,2
100663,8,3
100664,21,1
100665,19,1
100666,10,1
100666,15,2
100667,12,1
100668,19,1
100669,2,1
100669,13,2
100670,10,1
100671,17,1
100671,15,2
100672,3,1
100672,1,2
100673,9,1
100674,12,1
100674,13,2
100675,16,1
100676,5,1
100677,22,1
100678,20,1
100678,9,2
100678,2,3
100679,9,1
100680,7,1
100681,15,1
100681,9,2
100682,21,1
100683,17,1
100683,15,2
100684,8,1
100685,4,1
100686,13,1
100686,20,2
100687,6,1
100688,13,1
100688,10,2
100689,13,1
100690,6,1
100691,15,1
100692,3,1
100693,18,1
100693,2,2
100694,13,1
100695,22,1
100696,3,1
100696,1,2
100697,20,1
100697,13,2
100697,21,3
100698,14,1
100699,6,1
100699,11,2
100700,2,1
100701,10,1
100702,9,1
100703,17,1
100704,20,1
100705,18,1
100706,21,1
100707,17,1
100707,19,2
100708,9,1
100709,15,1
100709,1,2
100710,8,1
100710,13,2
100711,1,1
100711,2,2
100712,15,1
100712,1,2
100712,3,3
100713,8,1
100714,11,1
100714,19,2
100715,20,1
100715,7,2
100716,2,1
100716,15,2
100717,4,1
100717,3,2
100718,19,1
100719,14,1
100719,2,2
100720,9,1
100720,20,2
100720,1,3
100721,3,1
100722,10,1
100723,12,1
100724,19,1
100725,9,1
100726,8,1
100727,17,1
100727,10,2
100728,14,1
100728,11,2
100729,6,1
100730,4,1
100731,22,1
100731,1,2
100732,8,1
100732,12,2
100733,1,1
100734,2,1
100734,10,2
100735,19,1
100735,6,2
100736,13,1
100737,7,1
100737,13,2
100737,4,3
100738,20,1
100738,16,2
100738,21,3
100739,8,1
100739,4,2
100740,7,1
100740,19,2
100740,10,3
100741,5,1
100741,9,2
100742,5,1
100742,7,2
100743,18,1
100743,12,2
100744,13,1
100744,11,2
100745,8,1
100745,20,2
100745,5,3
100746,22,1
100746,13,2
100747,22,1
100747,3,2
100748,3,1
100749,8,1
100749,9,2
100749,19,3
100750,4,1
100751,16,1
100751,20,2
100752,2,1
100753,12,1
100754,21,1
100755,8,1
100756,15,1
100756,20,2
100757,4,1
100758,11,1
100759,19,1
100760,7,1
100760,12,2
100761,13,1
100761,10,2
100762,19,1
100763,20,1
100763,15,2
100764,10,1
100765,21,1
100765,11,2
100766,1,1
100767,8,1
100767,20,2
100768,9,1
100768,22,2
100769,4,1
100770,13,1
100770,19,2
100771,12,1
100771,11,2
100771,5,3
100772,21,1
100772,2,2
100773,20,1
100774,13,1
100774,2,2
100774,1,3
100775,3,1
100776,4,1
100776,22,2
100777,2,1
100777,3,2
100778,14,1
100778,3,2
100779,19,1
100780,18,1
100781,9,1
100782,20,1
100782,21,2
100782,17,3
100783,3,1
100784,1,1
100784,2,2
100785,18,1
100785,17,2
100786,7,1
100787,10,1
100787,22,2
100788,19,1
100788,20,2
100788,2,3
100789,22,1
100789,18,2
100790,16,1
100790,5,2
100791,7,1
100792,9,1
100793,17,1
100793,4,2
100794,15,1
100794,21,2
100795,14,1
100796,12,1
100796,11,2
100797,3,1
100797,20,2
100798,3,1
100799,17,1
100799,18,2
100800,5,1
100801,7,1
100802,17,1
100802,13,2
100803,4,1
100803,16,2
100804,21,1
100805,8,1
100805,1,2
100806,14,1
100807,4,1
100808,14,1
100808,20,2
100809,17,1
100810,21,1
100811,3,1
100811,14,2
100812,14,1
100812,9,2
100813,8,1
100814,19,1
100815,19,1
100815,8,2
100816,11,1
100816,5,2
100817,18,1
100817,5,2
100818,21,1
100818,13,2
100819,4,1
100819,6,2
100820,20,1
100821,19,1
100822,20,1
100823,6,1
100823,11,2
100824,20,1
100825,9,1
100826,22,1
100827,8,1
100827,21,2
100828,18,1
100829,4,1
100830,4,1
100830,3,2
100831,8,1
100832,14,1
100833,20,1
100834,1,1
100834,11,2
100835,16,1
100835,3,2
100836,11,1
100836,12,2
100837,22,1
100837,2,2
100838,13,1
100838,6,2
100839,17,1
100839,16,2
100840,2,1
100840,6,2
100840,12,3
100841,5,1
100841,1,2
100842,9,1
100842,13,2
100843,15,1
100843,6,2
100843,4,3
100844,13,1
100845,1,1
100846,7,1
100847,10,1
100848,1,1
100849,11,1
100850,20,1
100851,16,1
100851,15,2
100852,15,1
100852,19,2
100853,12,1
100854,19,1
100854,11,2
100854,12,3
100855,21,1
100856,9,1
100856,15,2
100857,3,1
100858,16,1
100859,13,1
100859,15,2
100860,17,1
100861,12,1
100862,21,1
100863,14,1
100864,6,1
100865,18,1
100866,6,1
100867,1,1
100868,18,1
100868,2,2
100869,8,1
100870,17,1
100871,19,1
100871,6,2
100872,21,1
100872,18,2
100873,15,1
100874,6,1
100875,2,1
100875,16,2
100876,17,1
100876,7,2
100877,21,1
100878,14,1
100879,10,1
100879,18,2
100879,12,3
100880,1,1
100881,1,1
100882,15,1
100883,18,1
100883,10,2
100884,16,1
100885,22,1
100886,22,1
100887,16,1
100887,20,2
100888,7,1
100888,21,2
100889,3,1
100890,11,1
100891,3,1
100892,1,1
100892,12,2
100893,2,1
100893,17,2
100894,10,1
100895,9,1
100895,5,2
100896,6,1
100897,2,1
100898,14,1
100899,15,1
100900,8,1
100901,5,1
100902,17,1
100902,8,2
100903,7,1
100904,22,1
100904,5,2
100905,21,1
100905,9,2
100906,15,1
100907,7,1
100908,14,1
100908,19,2
100909,18,1
100910,20,1
100911,14,1
100912,8,1
100912,4,2
100913,14,1
100914,18,1
100914,16,2
100915,10,1
100915,1,2
100916,1,1
100917,9,1
100918,3,1
100918,1,2
100919,14,1
100920,19,1
100921,1,1
100922,10,1
100922,11,2
100923,4,1
100923,11,2
100924,4,1
100924,16,2
100925,5,1
100926,14,1
100926,6,2
100927,19,1
100927,5,2
100928,4,1
100929,11,1
100930,21,1
100930,20,2
100931,14,1
100931,20,2
100931,19,3
100932,14,1
100932,4,2
100932,7,3
100933,6,1
100934,12,1
100934,6,2
100935,6,1
100935,5,2
100936,18,1
100936,2,2
100937,18,1
100938,15,1
100939,21,1
100939,10,2
100940,9,1
100941,10,1
100941,16,2
100942,6,1
100942,11,2
100942,22,3
100943,12,1
100944,4,1
100945,11,1
100946,11,1
100946,17,2
100947,6,1
100947,15,2
100948,18,1
100949,6,1
100949,13,2
100950,3,1
100951,9,1
100951,18,2
100951,19,3
100952,8,1
100953,12,1
100954,18,1
100954,17,2
100955,19,1
100956,18,1
100957,10,1
100958,5,1
100958,6,2
100959,8,1
100959,12,2
100960,11,1
100960,10,2
100960,22,3
100961,20,1
100961,6,2
100962,12,1
100963,15,1
100963,11,2
100964,20,1
100965,3,1
100965,4,2
100966,15,1
100966,19,2
100967,8,1
100967,1,2
100968,11,1
100968,15,2
100969,5,1
100970,9,1
100971,22,1
100972,13,1
100973,19,1
100974,12,1
100974,17,2
100974,19,3
100975,2,1
100976,4,1
100976,12,2
100977,6,1
100977,4,2
100978,7,1
100978,13,2
100979,20,1
100979,13,2
100980,17,1
100981,15,1
100982,3,1
100983,17,1
100984,17,1
100984,19,2
100985,8,1
100985,1,2
100986,16,1
100986,9,2
100987,4,1
100988,8,1
100988,19,2
100989,21,1
100989,16,2
100990,20,1
100990,5,2
100991,21,1
100992,11,1
100992,13,2
100993,8,1
100993,7,2
100993,17,3
100994,18,1
100994,17,2
100995,5,1
100995,17,2
100996,21,1
100997,18,1
100997,20,2
100997,17,3
100998,21,1
100999,9,1
101000,19,1
101000,15,2
101001,8,1
101002,19,1
101003,1,1
101004,16,1
101005,20,1
101005,19,2
101006,21,1
101006,10,2
101006,9,3
101007,22,1
101008,22,1
101008,9,2
101009,10,1
101009,9,2
101010,2,1
101011,19,1
101012,6,1
101012,14,2
101013,21,1
101014,11,1
101014,10,2
101015,10,1
101015,15,2
101016,19,1
101016,4,2
101017,1,1
101017,9,2
101018,19,1
101019,17,1
101019,7,2
101020,17,1
101020,11,2
101020,21,3
101021,19,1
101021,2,2
101022,20,1
101023,19,1
101023,14,2
101024,11,1
101025,8,1
101026,16,1
101026,11,2
101026,14,3
101027,18,1
101027,3,2
101028,17,1
101029,7,1
101030,22,1
101030,2,2
101030,16,3
101031,7,1
101031,2,2
101032,21,1
101032,22,2
101032,4,3
101033,15,1
101033,13,2
101034,22,1
101035,7,1
101035,11,2
101036,21,1
101036,1,2
101037,18,1
101037,7,2
101038,6,1
101039,7,1
101040,17,1
101040,11,2
101041,8,1
101042,14,1
101042,19,2
101043,11,1
101043,5,2
101044,11,1
101044,22,2
101044,2,3
101045,8,1
101045,3,2
101046,5,1
101046,22,2
101047,11,1
101047,7,2
101048,8,1
101049,22,1
101050,4,1
101050,10,2
101051,5,1
101051,9,2
101052,2,1
101052,7,2
101053,5,1
101054,16,1
101055,10,1
101055,14,2
101056,11,1
101056,2,2
101057,12,1
101057,11,2
101058,15,1
101059,2,1
101059,5,2
101059,14,3
101060,9,1
101061,14,1
101062,9,1
101062,12,2
101062,19,3
101063,16,1
101064,4,1
101064,6,2
101065,19,1
101066,22,1
101067,21,1
101067,5,2
101068,1,1
101069,11,1
101069,1,2
101070,13,1
101071,5,1
101072,5,1
101073,18,1
101073,21,2
101074,21,1
101075,13,1
101076,14,1
101077,12,1
101077,8,2
101078,9,1
101078,12,2
101079,11,1
101080,2,1
101080,5,2
101081,7,1
101081,11,2
101081,14,3
101082,16,1
101083,18,1
101083,20,2
101084,10,1
101084,7,2
101085,5,1
101086,7,1
101086,19,2
101087,2,1
101087,9,2
101088,14,1
101088,2,2
101089,6,1
101090,8,1
101090,13,2
101091,22,1
101091,5,2
101092,14,1
101092,19,2
101092,1,3
101093,22,1
101094,2,1
101095,12,1
101095,11,2
101096,13,1
101096,4,2
101097,20,1
101098,21,1
101099,15,1
101099,1,2
101099,3,3
101100,22,1
101100,4,2
101100,6,3
101101,7,1
101102,7,1
101102,9,2
101103,2,1
101104,20,1
101105,6,1
101106,13,1
101106,6,2
101106,3,3
101107,7,1
101107,22,2
101108,22,1
101109,19,1
101109,21,2
101110,3,1
101110,20,2
101111,13,1
101112,20,1
101112,5,2
101113,11,1
101114,16,1
101115,6,1
101116,2,1
101116,18,2
101116,5,3
101117,17,1
101117,8,2
101118,15,1
101118,9,2
101119,2,1
101120,20,1
101121,16,1
101121,18,2
101122,15,1
101122,6,2
101123,5,1
101123,2,2
101124,5,1
101125,22,1
101126,1,1
101126,3,2
101127,6,1
101127,14,2
101127,19,3
101128,10,1
101128,9,2
101129,14,1
101130,19,1
101131,9,1
101132,1,1
101132,19,2
101133,1,1
101134,9,1
101134,15,2
101135,21,1
101136,11,1
101137,15,1
101138,18,1
101139,9,1
101140,18,1
101141,9,1
101141,1,2
101142,20,1
101143,11,1
101144,15,1
101145,2,1
101145,14,2
101146,20,1
101147,20,1
101147,15,2
101148,5,1
101148,18,2
101148,10,3
101149,17,1
101150,20,1
101151,5,1
101152,22,1
101152,3,2
101153,13,1
101153,9,2
101154,1,1
101155,7,1
101156,3,1
101156,21,2
101157,14,1
101157,2,2
101158,13,1
101159,1,1
101159,7,2
101160,21,1
101161,10,1
101162,19,1
101162,12,2
101162,21,3
101163,15,1
101164,7,1
101164,4,2
101165,9,1
101165,5,2
101166,12,1
101166,8,2
101167,22,1
101167,9,2
101167,3,3
101168,1,1
101168,3,2
101169,3,1
101169,20,2
101170,9,1
101170,18,2
101171,15,1
101172,4,1
101173,17,1
101174,22,1
101174,13,2
101175,4,1
101175,12,2
101176,16,1
101177,4,1
101178,2,1
101178,16,2
101179,2,1
101179,10,2
101180,14,1
101181,19,1
101181,12,2
101181,15,3
101182,15,1
101182,5,2
101183,10,1
101183,14,2
101184,2,1
101185,3,1
101186,19,1
101187,2,1
101187,22,2
101187,16,3
101188,4,1
101189,12,1
101189,1,2
101190,1,1
101190,12,2
101191,12,1
101192,19,1
101192,16,2
101193,21,1
101194,22,1
101195,2,1
101195,3,2
101196,22,1
101197,16,1
101198,20,1
101199,16,1
101199,9,2
101200,22,1
101200,21,2
101201,11,1
101201,21,2
101202,20,1
101203,20,1
101204,15,1
101204,10,2
101205,6,1
101206,13,1
101207,22,1
101207,20,2
101208,9,1
101208,22,2
101209,2,1
101209,10,2
101210,10,1
101211,7,1
101212,2,1
101213,22,1
101213,12,2
101213,3,3
101214,7,1
101214,8,2
101215,20,1
101216,15,1
101216,14,2
101217,13,1
101217,19,2
101218,22,1
101218,20,2
101219,18,1
101220,22,1
101221,1,1
101221,17,2
101222,16,1
101223,15,1
101223,10,2
101224,2,1
101224,12,2
101225,20,1
101225,13,2
101226,3,1
101226,9,2
101227,20,1
101228,2,1
101229,11,1
101230,6,1
101230,10,2
101231,22,1
101231,12,2
101232,9,1
101233,19,1
101234,18,1
101234,14,2
101235,9,1
101236,8,1
101237,15,1
101238,4,1
101238,3,2
101239,2,1
101239,17,2
101240,3,1
101241,9,1
101241,14,2
101241,22,3
101242,17,1
101243,22,1
101243,11,2
101244,6,1
101244,3,2
101245,19,1
101246,17,1
101247,2,1
101247,22,2
101248,7,1
101249,18,1
101249,1,2
101250,2,1
101250,5,2
101251,14,1
101252,12,1
101253,16,1
101253,22,2
101254,1,1
101254,11,2
101254,10,3
101255,6,1
101255,19,2
101256,16,1
101256,18,2
101257,20,1
101257,5,2
101258,10,1
101258,16,2
101258,22,3
101259,18,1
101260,10,1
101261,10,1
101262,8,1
101263,4,1
101263,16,2
101263,18,3
101264,22,1
101264,16,2
101264,6,3
101265,14,1
101266,6,1
101267,18,1
101267,2,2
101268,12,1
101268,5,2
101269,6,1
101269,14,2
101270,14,1
101271,17,1
101271,21,2
101272,19,1
101272,18,2
101273,16,1
101273,11,2
101274,11,1
101275,15,1
101275,10,2
101276,8,1
101276,9,2
101276,1,3
101277,20,1
101278,5,1
101278,19,2
101278,7,3
101279,1,1
101280,20,1
101280,14,2
101281,15,1
101282,3,1
101283,19,1
101283,7,2
101283,9,3
101284,8,1
101285,1,1
101285,4,2
101286,9,1
101287,17,1
101287,10,2
101288,16,1
101288,20,2
101289,22,1
101290,4,1
101291,3,1
101291,12,2
101291,14,3
101292,13,1
101292,5,2
101293,8,1
101293,2,2
101294,15,1
101294,1,2
101294,22,3
101295,20,1
101296,1,1
101297,8,1
101297,4,2
101298,5,1
101299,15,1
101299,21,2
101300,8,1
101300,2,2
101300,7,3
101301,22,1
101301,6,2
101302,21,1
101302,16,2
101303,14,1
101304,6,1
101304,10,2
101305,12,1
101306,3,1
101307,4,1
101307,5,2
101308,7,1
101308,18,2
101309,16,1
101309,18,2
101310,18,1
101310,16,2
101311,2,1
101311,13,2
101312,11,1
101313,10,1
101313,12,2
101314,17,1
101314,11,2
101315,13,1
101315,8,2
101316,11,1
101317,10,1
101317,3,2
101318,1,1
101318,6,2
101319,18,1
101319,22,2
101320,11,1
101320,5,2
101321,6,1
101322,17,1
101322,18,2
101322,13,3
101323,2,1
101324,11,1
101324,20,2
101324,9,3
101325,20,1
101326,10,1
101326,6,2
101327,6,1
101327,18,2
101328,15,1
101328,2,2
101328,11,3
101329,8,1
101330,8,1
101331,6,1
101331,20,2
101332,15,1
101332,3,2
101333,6,1
101333,7,2
101334,1,1
101334,7,2
101335,13,1
101335,17,2
101336,10,1
101337,15,1
101338,16,1
101338,18,2
101338,13,3
101339,18,1
101340,11,1
101340,6,2
101341,17,1
101342,13,1
101343,8,1
101343,5,2
101343,1,3
101344,16,1
101344,15,2
101345,9,1
101345,15,2
101346,1,1
101346,14,2
101346,6,3
101347,8,1
101347,9,2
101348,12,1
101348,21,2
101349,16,1
101349,8,2
101350,14,1
101351,21,1
101352,15,1
101353,2,1
101353,9,2
101354,11,1
101355,19,1
101355,16,2
101356,5,1
101357,8,1
101357,21,2
101358,5,1
101358,6,2
101359,15,1
101359,1,2
101360,6,1
101361,2,1
101361,5,2
101362,11,1
101363,14,1
101364,22,1
101364,8,2
101365,15,1
101365,21,2
101365,2,3
101366,4,1
101367,18,1
101368,3,1
101368,12,2
101369,14,1
101369,21,2
101370,10,1
101370,13,2
101371,15,1
101371,8,2
101372,11,1
101372,13,2
101373,10,1
101373,9,2
101374,9,1
101374,22,2
101375,8,1
101376,6,1
101377,3,1
101377,6,2
101378,20,1
101379,18,1
101380,15,1
101381,22,1
101382,6,1
101382,8,2
101383,9,1
101383,11,2
101384,19,1
101384,22,2
101385,6,1
101385,14,2
101386,16,1
101387,21,1
101388,11,1
101388,7,2
101389,5,1
101390,2,1
101390,8,2
101390,19,3
101391,4,1
101391,8,2
101392,17,1
101392,16,2
101393,13,1
101394,8,1
101395,14,1
101396,2,1
101396,11,2
101397,18,1
101397,3,2
101398,22,1
101399,4,1
101400,7,1
101401,9,1
101402,7,1
101402,11,2
101403,1,1
101404,21,1
101405,6,1
101406,15,1
101406,3,2
101407,13,1
101407,12,2
101407,20,3
101408,20,1
101409,19,1
101410,10,1
101410,12,2
101411,11,1
101411,19,2
101411,20,3
101412,12,1
101412,1,2
101413,11,1
101413,21,2
101414,21,1
101415,19,1
101416,3,1
101416,15,2
101417,17,1
101418,10,1
101419,18,1
101419,8,2
101420,6,1
101420,11,2
101421,22,1
101422,5,1
101422,2,2
101423,22,1
101423,17,2
101423,21,3
101424,6,1
101424,3,2
101424,13,3
101425,4,1
101425,3,2
101426,6,1
101426,3,2
101427,12,1
101428,10,1
101428,11,2
101429,7,1
101430,22,1
101431,21,1
101432,20,1
101433,15,1
101433,7,2
101434,18,1
101435,2,1
101436,12,1
101437,8,1
101437,6,2
101438,3,1
101438,6,2
101439,10,1
101439,1,2
101440,6,1
101440,19,2
101441,14,1
101442,21,1
101443,1,1
101443,19,2
101444,6,1
101445,3,1
101445,18,2
101446,12,1
101446,22,2
101447,16,1
101448,19,1
101448,2,2
101449,10,1
101449,16,2
101450,9,1
101450,3,2
101451,21,1
101452,5,1
101453,14,1
101454,18,1
101455,3,1
101455,4,2
101456,10,1
101457,8,1
101457,9,2
101458,12,1
101458,16,2
101459,7,1
101460,22,1
101460,20,2
101461,6,1
101462,14,1
101462,18,2
101463,6,1
101464,10,1
101464,5,2
101465,4,1
101466,6,1
101467,7,1
101467,17,2
101468,8,1
101469,10,1
101470,10,1
101470,18,2
101471,20,1
101472,20,1
101472,2,2
101473,21,1
101473,17,2
101474,19,1
101474,13,2
101475,10,1
101475,12,2
101476,4,1
101477,4,1
101477,22,2
101478,19,1
101478,2,2
101479,3,1
101479,22,2
101480,11,1
101481,18,1
101482,7,1
101482,4,2
101483,5,1
101484,14,1
101485,21,1
101485,13,2
101486,10,1
101486,3,2
101487,3,1
101487,1,2
101487,21,3
101488,18,1
101489,3,1
101489,20,2
101490,17,1
101491,16,1
101491,10,2
101492,1,1
101493,7,1
101494,1,1
101494,8,2
101495,9,1
101496,14,1
101496,1,2
101497,3,1
101497,9,2
101497,17,3
101498,13,1
101499,16,1
101500,5,1
101501,21,1
101502,8,1
101503,13,1
101504,7,1
101504,4,2
101505,7,1
101506,21,1
101506,17,2
101507,3,1
101507,21,2
101508,22,1
101508,2,2
101508,11,3
101509,15,1
101509,1,2
101510,19,1
101510,20,2
101510,13,3
101511,7,1
101511,2,2
101512,15,1
101513,12,1
101514,9,1
101514,13,2
101515,13,1
101515,22,2
101515,20,3
101516,5,1
101517,8,1
101517,7,2
101517,15,3
101518,16,1
101519,22,1
101520,1,1
101521,19,1
101521,16,2
101522,3,1
101522,9,2
101523,18,1
101523,14,2
101524,6,1
101525,7,1
101526,13,1
101526,11,2
101527,16,1
101527,10,2
101528,18,1
101529,18,1
101529,7,2
101530,21,1
101530,6,2
101531,11,1
101532,1,1
101532,19,2
101533,5,1
101533,17,2
101534,11,1
101534,18,2
101535,5,1
101535,22,2
101536,11,1
101537,12,1
101537,11,2
101538,4,1
101538,7,2
101538,20,3
101539,19,1
101539,14,2
101540,7,1
101540,10,2
101541,6,1
101541,8,2
101542,18,1
101543,7,1
101543,18,2
101544,7,1
101544,13,2
101545,21,1
101545,7,2
101546,8,1
101547,2,1
101547,9,2
101548,14,1
101548,9,2
101549,17,1
101550,14,1
101551,9,1
101551,17,2
101552,16,1
101553,9,1
101553,4,2
101553,13,3
101554,3,1
101555,13,1
101556,15,1
101557,6,1
101558,16,1
101558,13,2
101559,9,1
101560,10,1
101561,4,1
101562,9,1
101563,3,1
101564,6,1
101565,10,1
101565,7,2
101566,3,1
101566,14,2
101567,4,1
101567,10,2
101568,1,1
101569,13,1
101569,3,2
101570,20,1
101571,1,1
101572,11,1
101572,21,2
101573,12,1
101574,6,1
101574,13,2
101575,8,1
101575,13,2
101576,9,1
101576,8,2
101577,3,1
101577,9,2
101578,7,1
101578,10,2
101579,22,1
101579,9,2
101580,11,1
101580,9,2
101581,19,1
101581,12,2
101581,22,3
101582,14,1
101583,8,1
101584,3,1
101584,20,2
101584,14,3
101585,5,1
101585,16,2
101586,8,1
101586,17,2
101587,19,1
101588,9,1
101589,4,1
101589,21,2
101590,15,1
101590,7,2
101591,17,1
101592,12,1
101593,2,1
101593,19,2
101594,22,1
101595,1,1
101595,19,2
101596,1,1
101597,20,1
101597,19,2
101598,22,1
101599,12,1
101599,2,2
101599,18,3
101600,7,1
101601,9,1
101602,1,1
101602,8,2
101603,17,1
101604,18,1
101604,9,2
101605,16,1
101606,2,1
101606,1,2
101607,6,1
101607,16,2
101608,11,1
101608,22,2
101608,19,3
101609,4,1
101610,6,1
101611,12,1
101611,9,2
101612,13,1
101613,11,1
101614,3,1
101615,16,1
101615,12,2
101615,14,3
101616,11,1
101617,1,1
101618,4,1
101618,14,2
101618,3,3
101619,15,1
101619,7,2
101620,15,1
101621,10,1
101621,11,2
101622,8,1
101622,11,2
101623,14,1
101623,7,2
101624,6,1
101624,14,2
101625,17,1
101626,3,1
101626,22,2
101627,2,1
101627,3,2
101627,15,3
101628,18,1
101629,4,1
101629,5,2
101629,22,3
101630,10,1
101630,21,2
101631,15,1
101631,13,2
101632,8,1
101632,2,2
101632,9,3
101633,19,1
101633,10,2
101634,3,1
101634,10,2
101635,21,1
101636,8,1
101636,11,2
101637,5,1
101637,18,2
101638,7,1
101639,22,1
101639,18,2
101640,12,1
101640,13,2
101641,19,1
101641,18,2
101642,7,1
101643,5,1
101644,11,1
101645,21,1
101646,16,1
101647,3,1
101648,18,1
101649,3,1
101650,15,1
101650,2,2
101651,17,1
101651,20,2
101652,1,1
101653,19,1
101653,4,2
101654,14,1
101655,10,1
101656,9,1
101656,13,2
101656,21,3
101657,4,1
101658,17,1
101658,8,2
101658,2,3
101659,15,1
101659,12,2
101660,6,1
101660,10,2
101661,16,1
101661,7,2
101662,22,1
101662,17,2
101662,18,3
101663,11,1
101663,6,2
101664,22,1
101665,10,1
101665,18,2
101666,16,1
101666,15,2
101667,16,1
101668,4,1
101668,21,2
101669,8,1
101670,4,1
101671,21,1
101672,18,1
101672,1,2
101673,6,1
101673,13,2
101674,19,1
101674,2,2
101675,22,1
101675,13,2
101676,1,1
101677,14,1
101678,7,1
101679,7,1
101679,19,2
101680,12,1
101680,15,2
101681,10,1
101682,22,1
101683,4,1
101683,1,2
101684,7,1
101684,22,2
101685,16,1
101685,1,2
101685,19,3
101686,1,1
101686,15,2
101687,8,1
101688,2,1
101688,17,2
101689,14,1
101689,19,2
101690,2,1
101691,2,1
101691,19,2
101692,17,1
101692,8,2
101692,9,3
101693,20,1
101693,5,2
101694,14,1
101694,16,2
101695,18,1
101695,15,2
101696,22,1
101696,6,2
101697,12,1
101697,2,2
101698,10,1
101698,22,2
101699,11,1
101699,13,2
101700,5,1
101701,13,1
101702,9,1
101703,20,1
101704,17,1
101704,4,2
101705,19,1
101706,16,1
101707,1,1
101707,2,2
101708,11,1
101709,5,1
101709,2,2
101710,6,1
101711,8,1
101712,5,1
101713,13,1
101713,22,2
101714,9,1
101714,12,2
101714,6,3
101715,12,1
101715,15,2
101715,8,3
101716,20,1
101717,2,1
101717,15,2
101717,9,3
101718,2,1
101718,13,2
101719,3,1
101720,11,1
101721,5,1
101722,13,1
101723,12,1
101723,4,2
101724,18,1
101725,21,1
101726,1,1
101726,2,2
101727,12,1
101727,7,2
101728,14,1
101729,7,1
101729,5,2
101730,8,1
101730,7,2
101731,5,1
101731,18,2
101731,12,3
101732,6,1
101732,17,2
101733,5,1
101734,8,1
101734,16,2
101735,6,1
101735,11,2
101736,7,1
101736,4,2
101737,8,1
101738,2,1
101738,1,2
101739,19,1
101739,10,2
101740,7,1
101741,2,1
101742,15,1
101743,7,1
101744,7,1
101745,21,1
101745,18,2
101746,17,1
101746,7,2
101747,12,1
101747,13,2
101748,3,1
101748,5,2
101749,16,1
101750,21,1
101750,1,2
101751,8,1
101752,19,1
101753,21,1
101753,12,2
101754,22,1
101754,4,2
101755,14,1
101756,13,1
101756,18,2
101757,21,1
101758,10,1
101758,12,2
101759,12,1
101759,10,2
101760,5,1
101761,16,1
101762,18,1
101762,8,2
101763,22,1
101764,10,1
101765,7,1
101766,21,1
101766,15,2
101767,20,1
101768,17,1
101769,7,1
101770,5,1
101771,18,1
101771,7,2
101772,19,1
101772,2,2
101773,15,1
101774,20,1
101774,15,2
101775,22,1
101775,17,2
101775,7,3
101776,3,1
101776,12,2
101777,6,1
101778,17,1
101779,19,1
101780,14,1
101780,12,2
101781,3,1
101781,22,2
101782,1,1
101782,5,2
101783,13,1
101784,21,1
101785,21,1
101785,22,2
101786,13,1
101786,21,2
101787,10,1
101788,16,1
101788,3,2
101789,19,1
101789,22,2
101790,8,1
101790,5,2
101791,12,1
101791,20,2
101792,1,1
101793,11,1
101794,5,1
101795,13,1
101795,6,2
101796,11,1
101797,13,1
101798,22,1
101799,7,1
101800,14,1
101800,8,2
101801,9,1
101801,20,2
101802,20,1
101803,7,1
101804,12,1
101804,11,2
101805,10,1
101805,14,2
101806,22,1
101807,7,1
101807,3,2
101808,17,1
101809,2,1
101809,5,2
101810,3,1
101810,1,2
101811,15,1
101811,7,2
101812,13,1
101813,6,1
101814,13,1
101815,15,1
101815,7,2
101816,6,1
101816,7,2
101817,17,1
101818,19,1
101819,3,1
101820,13,1
101821,4,1
101822,2,1
101822,20,2
101823,18,1
101824,13,1
101824,1,2
101825,7,1
101825,5,2
101826,10,1
101827,15,1
101827,18,2
101827,19,3
101828,7,1
101828,22,2
101829,12,1
101830,21,1
101830,9,2
101831,14,1
101832,20,1
101832,22,2
101833,7,1
101834,14,1
101834,10,2
101835,22,1
101835,12,2
101835,21,3
101836,4,1
101836,1,2
101836,10,3
101837,16,1
101838,9,1
101838,14,2
101839,19,1
101840,9,1
101840,16,2
101841,8,1
101841,18,2
101842,18,1
101843,11,1
101843,5,2
101844,19,1
101844,1,2
101845,13,1
101845,14,2
101846,3,1
101847,15,1
101847,18,2
101848,10,1
101848,15,2
101849,19,1
101850,18,1
101850,17,2
101851,15,1
101852,9,1
101853,20,1
101854,17,1
101854,11,2
101855,17,1
101855,2,2
101856,11,1
101857,8,1
101858,19,1
101859,22,1
101859,13,2
101860,20,1
101861,6,1
101861,9,2
101861,8,3
101862,8,1
101863,17,1
101864,11,1
101865,4,1
101866,4,1
101867,13,1
101867,2,2
101868,17,1
101868,15,2
101869,17,1
101870,7,1
101870,11,2
101871,14,1
101871,20,2
101872,14,1
101873,10,1
101874,2,1
101874,7,2
101875,9,1
101876,15,1
101877,19,1
101878,3,1
101879,6,1
101880,11,1
101881,8,1
101882,22,1
101882,13,2
101883,12,1
101883,18,2
101884,17,1
101884,3,2
101885,21,1
101885,2,2
101886,10,1
101887,17,1
101888,7,1
101888,12,2
101889,18,1
101890,22,1
101891,4,1
101892,17,1
101892,11,2
101893,1,1
101894,1,1
101894,6,2
101895,16,1
101895,7,2
101896,1,1
101896,4,2
101897,1,1
101897,3,2
101897,6,3
101898,12,1
101898,15,2
101899,18,1
101900,12,1
101901,13,1
101901,21,2
101902,20,1
101902,10,2
101903,19,1
101903,4,2
101904,13,1
101905,12,1
101905,2,2
101906,11,1
101906,4,2
101907,22,1
101907,19,2
101908,19,1
101909,15,1
101910,14,1
101911,16,1
101911,3,2
101912,18,1
101912,1,2
101913,20,1
101913,5,2
101914,7,1
101914,6,2
101915,18,1
101915,12,2
101916,4,1
101917,3,1
101917,5,2
101918,8,1
101918,7,2
101918,5,3
101919,7,1
101920,12,1
101921,5,1
101922,9,1
101923,2,1
101924,7,1
101924,16,2
101924,22,3
101925,16,1
101926,17,1
101926,18,2
101927,5,1
101928,9,1
101928,18,2
101929,13,1
101930,6,1
101931,5,1
101931,2,2
101932,2,1
101932,13,2
101933,12,1
101933,3,2
101934,16,1
101935,6,1
101935,4,2
101936,14,1
101937,21,1
101938,3,1
101939,22,1
101939,5,2
101940,21,1
101940,8,2
101941,20,1
101941,8,2
101942,6,1
101943,19,1
101944,17,1
101944,16,2
101945,5,1
101945,2,2
101946,5,1
101947,10,1
101948,11,1
101948,20,2
101949,22,1
101950,20,1
101950,4,2
101951,19,1
101951,13,2
101952,19,1
101952,13,2
101953,2,1
101953,10,2
101954,12,1
101955,3,1
101956,2,1
101957,14,1
101957,1,2
101958,13,1
101958,9,2
101959,18,1
101959,1,2
101960,14,1
101961,18,1
101961,3,2
101962,16,1
101962,4,2
101963,18,1
101964,9,1
101964,14,2
101965,9,1
101965,19,2
101966,1,1
101966,13,2
101967,22,1
101968,11,1
101968,17,2
101969,5,1
101970,15,1
101970,9,2
101971,14,1
101972,8,1
101972,22,2
101973,18,1
101973,12,2
101974,2,1
101974,16,2
101975,20,1
101976,3,1
101976,10,2
101976,5,3
101977,22,1
101977,1,2
101978,12,1
101979,21,1
101980,14,1
101981,7,1
101982,21,1
101982,18,2
101983,13,1
101984,20,1
101984,3,2
101985,12,1
101985,7,2
101986,13,1
101987,10,1
101987,16,2
101987,5,3
101988,21,1
101988,13,2
101989,10,1
101990,13,1
101990,17,2
101991,1,1
101992,22,1
101993,20,1
101994,13,1
101994,3,2
101995,13,1
101996,18,1
101997,1,1
101998,10,1
101998,20,2
101999,9,1
101999,13,2
102000,20,1
102000,21,2
102001,22,1
102001,14,2
102001,16,3
102002,4,1
102002,13,2
102003,6,1
102004,16,1
102004,22,2
102005,6,1
102006,12,1
102007,16,1
102007,5,2
102008,5,1
102009,9,1
102010,7,1
102011,11,1
102012,13,1
102012,2,2
102013,11,1
102014,17,1
102014,20,2
102015,13,1
102016,15,1
102016,6,2
102017,2,1
102018,5,1
102019,12,1
102020,8,1
102020,11,2
102021,3,1
102022,4,1
102023,12,1
102023,14,2
102024,20,1
102025,20,1
102025,8,2
102025,10,3
102026,8,1
102026,5,2
102027,4,1
102028,3,1
102029,19,1
102029,9,2
102030,8,1
102030,4,2
102030,9,3
102031,21,1
102031,3,2
102032,1,1
102033,18,1
102033,16,2
102034,9,1
102034,7,2
102035,21,1
102035,15,2
102036,16,1
102036,19,2
102037,5,1
102037,10,2
102038,5,1
102039,4,1
102040,17,1
102041,3,1
102042,20,1
102043,22,1
102043,17,2
102043,3,3
102044,21,1
102044,1,2
102045,22,1
102045,19,2
102045,13,3
102046,10,1
102047,14,1
102048,15,1
102049,20,1
102049,14,2
102050,22,1
102050,11,2
102051,16,1
102052,10,1
102053,12,1
102053,5,2
102054,10,1
102055,18,1
102055,5,2
102056,16,1
102057,5,1
102057,11,2
102058,6,1
102059,11,1
102060,4,1
102061,15,1
102062,22,1
102062,18,2
102062,6,3
102063,11,1
102063,2,2
102064,9,1
102064,11,2
102064,12,3
102065,17,1
102066,16,1
102067,9,1
102068,16,1
102069,13,1
102070,18,1
102070,5,2
102071,16,1
102071,10,2
102072,17,1
102073,22,1
102074,21,1
102075,7,1
102076,7,1
102077,13,1
102077,18,2
102078,7,1
102079,5,1
102080,4,1
102081,2,1
102081,16,2
102082,3,1
102082,9,2
102083,9,1
102083,8,2
102084,4,1
102085,13,1
102086,10,1
102087,19,1
102088,20,1
102088,13,2
102089,12,1
102089,15,2
102089,10,3
102090,7,1
102091,20,1
102092,16,1
102092,4,2
102093,22,1
102093,12,2
102094,8,1
102095,19,1
102095,15,2
102096,14,1
102097,15,1
102097,1,2
102098,2,1
102099,21,1
102099,10,2
102100,10,1
102101,16,1
102101,12,2
102102,18,1
102102,12,2
102103,14,1
102103,21,2
102104,17,1
102105,3,1
102105,16,2
102106,2,1
102106,5,2
102107,19,1
102108,16,1
102108,20,2
102109,15,1
102110,8,1
102111,16,1
102111,10,2
102112,2,1
102112,7,2
102113,6,1
102114,8,1
102115,11,1
102115,9,2
102116,15,1
102116,1,2
102117,7,1
102118,10,1
102118,17,2
102119,13,1
102120,10,1
102120,15,2
102121,16,1
102122,15,1
102123,13,1
102124,12,1
102125,1,1
102126,15,1
102126,13,2
102127,5,1
102127,6,2
102127,18,3
102128,4,1
102128,6,2
102129,21,1
102129,18,2
102130,19,1
102131,7,1
102131,17,2
102132,18,1
102133,18,1
102134,15,1
102134,5,2
102135,7,1
102136,7,1
102136,1,2
102137,12,1
102137,21,2
102138,14,1
102138,19,2
102139,2,1
102140,13,1
102140,22,2
102141,2,1
102141,9,2
102141,18,3
102142,8,1
102143,7,1
102144,9,1
102145,11,1
102146,9,1
102146,19,2
102147,18,1
102147,3,2
102148,17,1
102149,14,1
102149,12,2
102150,9,1
102151,1,1
102152,8,1
102152,15,2
102153,3,1
102153,16,2
102154,1,1
102154,10,2
102155,8,1
102155,13,2
102156,17,1
102157,14,1
102158,19,1
102158,12,2
102159,18,1
102159,21,2
102159,12,3
102160,9,1
102160,6,2
102161,8,1
102162,7,1
102162,4,2
102163,14,1
102164,13,1
102165,16,1
102166,13,1
102167,17,1
102168,16,1
102168,12,2
102169,12,1
102169,18,2
102170,7,1
102171,10,1
102171,3,2
102172,20,1
102172,3,2
102173,8,1
102173,18,2
102174,18,1
102175,10,1
102175,6,2
102176,16,1
102177,7,1
102177,20,2
102178,22,1
102178,16,2
102179,4,1
102179,12,2
102180,2,1
102180,4,2
102181,8,1
102182,11,1
102182,10,2
102183,1,1
102183,10,2
102184,7,1
102185,9,1
102186,6,1
102186,3,2
102187,19,1
102188,3,1
102188,1,2
102189,17,1
102189,13,2
102190,13,1
102191,9,1
102191,15,2
102192,1,1
102192,10,2
102193,22,1
102193,20,2
102194,3,1
102194,11,2
102195,16,1
102195,8,2
102195,17,3
102196,1,1
102196,13,2
102197,19,1
102198,22,1
102199,15,1
102200,2,1
102201,13,1
102201,4,2
102202,6,1
102203,15,1
102203,6,2
102204,8,1
102205,2,1
102205,12,2
102206,13,1
102206,19,2
102207,6,1
102207,9,2
102208,20,1
102208,16,2
102208,4,3
102209,21,1
102209,12,2
102210,22,1
102211,7,1
102212,16,1
102213,4,1
102214,11,1
102215,20,1
102216,15,1
102217,7,1
102217,21,2
102218,14,1
102218,1,2
102219,19,1
102219,14,2
102220,14,1
102220,17,2
102221,18,1
102221,21,2
102222,14,1
102222,3,2
102223,17,1
102224,20,1
102225,12,1
102226,16,1
102226,19,2
102227,7,1
102228,7,1
102228,14,2
102228,9,3
102229,16,1
102230,13,1
102231,16,1
102232,16,1
102233,12,1
102233,20,2
102234,9,1
102235,17,1
102235,15,2
102236,13,1
102236,20,2
102237,19,1
102238,15,1
102238,3,2
102239,21,1
102240,8,1
102240,9,2
102241,9,1
102241,11,2
102242,21,1
102242,5,2
102243,12,1
102244,16,1
102245,21,1
102246,9,1
102247,17,1
102247,20,2
102248,8,1
102249,9,1
102249,11,2
102250,8,1
102250,15,2
102251,12,1
102251,9,2
102252,2,1
102252,16,2
102253,12,1
102253,8,2
102254,7,1
102254,18,2
102255,13,1
102256,6,1
102256,20,2
102257,14,1
102258,10,1
102258,17,2
102259,9,1
102260,1,1
102260,16,2
102261,7,1
102262,9,1
102263,1,1
102264,13,1
102264,7,2
102265,9,1
102266,11,1
102266,4,2
102267,5,1
102268,17,1
102269,18,1
102270,19,1
102271,7,1
102272,13,1
102272,15,2
102273,14,1
102274,13,1
102275,2,1
102275,8,2
102276,5,1
102277,7,1
102277,19,2
102278,9,1
102278,4,2
102279,5,1
102280,19,1
102280,10,2
102281,3,1
102281,2,2
102282,1,1
102282,6,2
102283,14,1
102283,2,2
102284,18,1
102284,4,2
102285,20,1
102285,11,2
102286,10,1
102287,9,1
102287,19,2
102287,15,3
102288,21,1
102289,17,1
102290,8,1
102291,1,1
102291,14,2
102292,9,1
102293,11,1
102294,21,1
102295,16,1
102296,7,1
102296,11,2
102297,12,1
102298,21,1
102298,22,2
102299,2,1
102300,15,1
102301,13,1
102302,16,1
102302,11,2
102303,16,1
102304,3,1
102305,18,1
102305,22,2
102306,6,1
102306,20,2
102306,8,3
102307,13,1
102307,4,2
102308,19,1
102308,4,2
102309,16,1
102310,12,1
102311,19,1
102311,17,2
102312,22,1
102312,4,2
102312,7,3
102313,8,1
102313,16,2
102314,17,1
102315,11,1
102316,17,1
102316,1,2
102316,16,3
102317,2,1
102317,21,2
102318,13,1
102318,21,2
102319,1,1
102320,9,1
102320,2,2
102321,15,1
102321,17,2
102322,18,1
102323,10,1
102323,15,2
102324,9,1
102324,17,2
102325,1,1
102325,8,2
102325,9,3
102326,12,1
102326,15,2
102327,11,1
102328,22,1
102328,1,2
102329,9,1
102329,20,2
102330,6,1
102331,20,1
102331,1,2
102332,15,1
102333,17,1
102333,8,2
102334,13,1
102334,9,2
102335,3,1
102336,17,1
102337,20,1
102338,9,1
102338,2,2
102339,22,1
102339,19,2
102340,19,1
102340,7,2
102341,6,1
102342,2,1
102342,15,2
102342,21,3
102343,14,1
102343,1,2
102344,11,1
102344,5,2
102345,20,1
102346,4,1
102346,12,2
102347,21,1
102348,5,1
102349,20,1
102349,22,2
102350,13,1
102350,7,2
102351,20,1
102352,6,1
102352,8,2
102353,13,1
102354,1,1
102355,1,1
102355,15,2
102355,20,3
102356,4,1
102356,12,2
102357,2,1
102358,22,1
102358,15,2
102359,6,1
102360,5,1
102361,21,1
102361,20,2
102362,3,1
102363,11,1
102363,1,2
102364,5,1
102365,22,1
102366,5,1
102366,2,2
102366,13,3
102367,5,1
102367,2,2
102367,10,3
102368,4,1
102368,2,2
102369,2,1
102369,12,2
102370,10,1
102371,7,1
102371,17,2
102372,16,1
102373,7,1
102373,19,2
102374,5,1
102374,9,2
102375,11,1
102375,21,2
102376,8,1
102376,17,2
102377,12,1
102377,3,2
102378,16,1
102378,5,2
102379,7,1
102379,17,2
102380,14,1
102380,9,2
102381,19,1
102381,12,2
102382,4,1
102382,17,2
102383,12,1
102384,15,1
102385,17,1
102385,22,2
102386,11,1
102386,19,2
102387,2,1
102388,4,1
102388,19,2
102388,14,3
102389,20,1
102389,11,2
102390,9,1
102390,17,2
102391,4,1
102392,11,1
102392,1,2
102393,10,1
102393,17,2
102394,19,1
102394,4,2
102395,11,1
102395,1,2
102396,5,1
102396,21,2
102397,14,1
102398,2,1
102398,8,2
102399,1,1
102399,15,2
102399,14,3
102400,12,1
102400,20,2
102401,7,1
102401,12,2
102402,17,1
102402,3,2
102403,17,1
102403,5,2
102404,15,1
102404,11,2
102405,15,1
102406,16,1
102406,9,2
102407,6,1
102408,4,1
102409,17,1
102410,10,1
102411,8,1
102411,16,2
102412,20,1
102412,2,2
102413,2,1
102414,11,1
102414,12,2
102415,10,1
102415,18,2
102416,19,1
102416,14,2
102417,9,1
102418,4,1
102418,14,2
102418,5,3
102419,19,1
102420,14,1
102421,16,1
102421,4,2
102422,12,1
102423,11,1
102423,1,2
102424,15,1
102424,14,2
102424,9,3
102425,1,1
102425,13,2
102426,5,1
102427,5,1
102427,16,2
102427,22,3
102428,12,1
102428,7,2
102429,10,1
102429,12,2
102430,21,1
102430,7,2
102430,9,3
102431,21,1
102432,2,1
102432,11,2
102433,12,1
102434,8,1
102435,12,1
102435,20,2
102436,12,1
102436,14,2
102436,6,3
102437,14,1
102437,18,2
102437,22,3
102438,12,1
102439,22,1
102439,16,2
102440,14,1
102440,17,2
102441,20,1
102442,1,1
102443,19,1
102444,17,1
102445,2,1
102446,3,1
102447,12,1
102448,22,1
102448,16,2
102448,18,3
102449,6,1
102450,19,1
102451,8,1
102452,18,1
102453,2,1
102454,20,1
102454,22,2
102455,3,1
102455,22,2
102455,14,3
102456,19,1
102457,17,1
102457,18,2
102457,12,3
102458,1,1
102458,3,2
102459,12,1
102460,18,1
102460,7,2
102461,3,1
102461,4,2
102462,7,1
102463,6,1
102464,2,1
102465,7,1
102466,8,1
102466,7,2
102467,14,1
102467,8,2
102467,16,3
102468,6,1
102468,1,2
102469,8,1
102469,18,2
102470,15,1
102470,17,2
102471,21,1
102472,3,1
102472,18,2
102472,20,3
102473,10,1
102474,15,1
102475,14,1
102475,15,2
102476,8,1
102477,9,1
102477,5,2
102478,18,1
102478,8,2
102479,3,1
102480,6,1
102481,13,1
102481,14,2
102482,9,1
102483,14,1
102484,1,1
102485,21,1
102486,22,1
102486,6,2
102487,20,1
102487,14,2
102488,15,1
102489,21,1
102489,11,2
102490,22,1
102490,18,2
102491,10,1
102492,19,1
102493,13,1
102494,22,1
102494,3,2
102495,9,1
102496,20,1
102497,19,1
102498,11,1
102498,8,2
102499,11,1
102500,14,1
102501,21,1
102502,20,1
102503,5,1
102504,19,1
102504,1,2
102505,19,1
102505,13,2
102506,19,1
102507,14,1
102508,17,1
102508,3,2
102509,4,1
102509,22,2
102509,18,3
102510,5,1
102511,5,1
102511,8,2
102512,21,1
102512,5,2
102513,18,1
102514,6,1
102514,2,2
102515,7,1
102516,18,1
102517,2,1
102517,13,2
102518,3,1
102518,7,2
102519,16,1
102519,10,2
102520,17,1
102520,11,2
102521,8,1
102521,2,2
102522,11,1
102522,19,2
102522,13,3
102523,11,1
102523,22,2
102524,22,1
102524,13,2
102525,22,1
102525,12,2
102526,15,1
102526,17,2
102527,22,1
102528,12,1
102529,5,1
102530,21,1
102530,16,2
102530,14,3
102531,9,1
102532,9,1
102532,7,2
102532,14,3
102533,6,1
102533,15,2
102533,2,3
102534,4,1
102535,14,1
102536,9,1
102537,6,1
102537,2,2
102538,5,1
102539,22,1
102540,15,1
102540,9,2
102541,4,1
102542,5,1
102542,2,2
102543,3,1
102544,3,1
102544,19,2
102545,12,1
102545,22,2
102545,1,3
102546,14,1
102546,12,2
102547,8,1
102547,11,2
102548,18,1
102548,11,2
102549,3,1
102550,7,1
102550,6,2
102551,19,1
102551,17,2
102552,16,1
102552,14,2
102553,7,1
102554,16,1
102555,2,1
102555,9,2
102556,7,1
102557,1,1
102557,13,2
102558,17,1
102559,3,1
102559,16,2
102560,12,1
102561,20,1
102562,9,1
102563,21,1
102564,10,1
102564,19,2
102565,14,1
102565,12,2
102566,1,1
102566,11,2
102567,16,1
102567,1,2
102568,12,1
102568,20,2
102569,4,1
102569,10,2
102570,17,1
102571,2,1
102571,10,2
102572,1,1
102572,21,2
102572,16,3
102573,12,1
102574,2,1
102575,1,1
102576,5,1
102576,4,2
102577,19,1
102578,11,1
102579,7,1
102579,15,2
102580,15,1
102581,5,1
102582,8,1
102583,5,1
102584,8,1
102585,6,1
102585,14,2
102586,12,1
102587,2,1
102588,7,1
102589,14,1
102590,11,1
102590,17,2
102590,1,3
102591,5,1
102592,11,1
102593,5,1
102594,5,1
102595,22,1
102595,8,2
102596,16,1
102597,5,1
102597,15,2
102598,4,1
102598,1,2
102599,12,1
102600,22,1
102600,14,2
102601,2,1
102601,14,2
102602,11,1
102602,15,2
102603,3,1
102603,6,2
102603,17,3
102604,13,1
102605,20,1
102606,6,1
102607,12,1
102607,7,2
102607,19,3
102608,8,1
102608,1,2
102609,12,1
102609,9,2
102610,19,1
102610,11,2
102611,14,1
102611,11,2
102611,16,3
102612,15,1
102612,19,2
102613,5,1
102614,17,1
102614,8,2
102615,9,1
102616,22,1
102617,17,1
102618,21,1
102618,22,2
102619,4,1
102620,5,1
102620,2,2
102621,21,1
102622,11,1
102622,10,2
102623,2,1
102623,11,2
102624,20,1
102625,10,1
102626,12,1
102627,8,1
102627,14,2
102628,8,1
102629,16,1
102630,12,1
102630,10,2
102631,2,1
102632,18,1
102633,4,1
102633,13,2
102634,9,1
102634,8,2
102635,15,1
102636,21,1
102637,15,1
102638,9,1
102639,4,1
102640,11,1
102640,20,2
102641,22,1
102642,8,1
102642,7,2
102643,21,1
102643,19,2
102643,16,3
102644,21,1
102645,18,1
102645,12,2
102646,4,1
102647,20,1
102648,2,1
102649,4,1
102650,8,1
102650,19,2
102651,3,1
102652,22,1
102652,12,2
102652,19,3
102653,13,1
102654,18,1
102654,7,2
102655,21,1
102656,19,1
102657,13,1
102658,16,1
102659,20,1
102660,9,1
102660,10,2
102661,12,1
102662,21,1
102662,10,2
102663,12,1
102663,5,2
102663,11,3
102664,12,1
102664,15,2
102665,16,1
102666,13,1
102666,12,2
102667,9,1
102668,1,1
102669,21,1
102670,5,1
102671,6,1
102671,15,2
102672,22,1
102673,14,1
102673,1,2
102674,21,1
102674,22,2
102675,3,1
102676,14,1
102677,1,1
102677,4,2
102678,20,1
102679,8,1
102679,14,2
102680,19,1
102680,21,2
102681,9,1
102682,1,1
102682,18,2
102683,15,1
102684,7,1
102685,16,1
102685,13,2
102685,22,3
102686,1,1
102687,22,1
102688,17,1
102688,15,2
102689,16,1
102690,2,1
102690,3,2
102691,19,1
102692,13,1
102693,4,1
102693,19,2
102694,21,1
102695,20,1
102695,13,2
102696,1,1
102697,15,1
102697,7,2
102697,21,3
102698,20,1
102699,19,1
102700,19,1
102700,6,2
102701,12,1
102702,4,1
102702,7,2
102703,8,1
102704,19,1
102704,22,2
102705,10,1
102706,22,1
102706,20,2
102707,2,1
102708,12,1
102709,15,1
102710,17,1
102710,14,2
102711,7,1
102711,12,2
102712,18,1
102712,5,2
102713,16,1
102713,9,2
102714,10,1
102714,16,2
102715,8,1
102716,20,1
102717,22,1
102717,11,2
102717,21,3
102718,7,1
102718,18,2
102719,13,1
102720,19,1
102720,16,2
102721,6,1
102721,12,2
102722,2,1
102723,20,1
102723,7,2
102724,13,1
102725,14,1
102725,21,2
102726,5,1
102726,13,2
102727,4,1
102727,19,2
102728,14,1
102729,19,1
102729,7,2
102729,12,3
102730,2,1
102731,3,1
102732,18,1
102733,7,1
102734,21,1
102735,5,1
102736,16,1
102736,12,2
102737,11,1
102738,6,1
102738,14,2
102739,2,1
102739,5,2
102740,9,1
102740,18,2
102741,9,1
102741,16,2
102741,17,3
102742,6,1
102743,13,1
102743,19,2
102744,19,1
102744,7,2
102745,12,1
102746,8,1
102747,6,1
102747,5,2
102748,8,1
102749,21,1
102750,14,1
102751,1,1
102752,19,1
102752,21,2
102753,15,1
102754,21,1
102755,11,1
102755,16,2
102756,16,1
102756,19,2
102757,10,1
102758,5,1
102759,7,1
102759,10,2
102760,7,1
102760,12,2
102761,3,1
102762,11,1
102763,2,1
102763,19,2
102764,15,1
102765,20,1
102766,2,1
102767,7,1
102767,13,2
102768,12,1
102768,15,2
102769,14,1
102769,6,2
102770,9,1
102770,7,2
102771,4,1
102772,13,1
102773,15,1
102773,1,2
102774,18,1
102774,11,2
102775,13,1
102776,9,1
102776,8,2
102777,19,1
102777,21,2
102778,9,1
102778,4,2
102778,2,3
102779,3,1
102779,1,2
102780,16,1
102781,19,1
102781,16,2
102782,7,1
102783,19,1
102784,1,1
102785,17,1
102786,17,1
102786,18,2
102787,20,1
102787,14,2
102788,20,1
102788,21,2
102789,5,1
102790,21,1
102790,19,2
102791,15,1
102792,11,1
102792,7,2
102792,17,3
102793,17,1
102794,3,1
102794,4,2
102795,16,1
102796,7,1
102797,12,1
102798,21,1
102799,14,1
102800,22,1
102801,6,1
102802,11,1
102803,10,1
102803,14,2
102804,1,1
102804,6,2
102804,4,3
102805,11,1
102805,9,2
102806,20,1
102806,6,2
102807,8,1
102808,1,1
102808,16,2
102809,3,1
102809,15,2
102810,10,1
102811,13,1
102812,2,1
102813,20,1
102813,11,2
102813,9,3
102814,2,1
102815,2,1
102815,14,2
102816,8,1
102817,17,1
102817,3,2
102817,2,3
102818,12,1
102819,7,1
102820,3,1
102821,3,1
102822,1,1
102822,6,2
102823,21,1
102824,11,1
102825,13,1
102826,20,1
102826,11,2
102827,22,1
102828,17,1
102828,11,2
102829,7,1
102830,7,1
102831,12,1
102832,1,1
102832,5,2
102833,20,1
102833,3,2
102834,14,1
102835,11,1
102835,18,2
102836,21,1
102837,22,1
102837,12,2
102838,18,1
102838,6,2
102839,11,1
102839,6,2
102840,10,1
102840,19,2
102841,3,1
102842,4,1
102842,21,2
102843,21,1
102843,10,2
102844,19,1
102845,9,1
102845,17,2
102845,4,3
102846,10,1
102847,3,1
102848,17,1
102849,13,1
102849,19,2
102849,7,3
102850,10,1
102850,6,2
102851,5,1
102852,4,1
102853,1,1
102853,4,2
102854,2,1
102855,20,1
102856,21,1
102856,10,2
102857,14,1
102857,20,2
102858,17,1
102858,13,2
102858,12,3
102859,18,1
102859,3,2
102860,5,1
102860,15,2
102861,20,1
102862,22,1
102863,22,1
102864,20,1
102865,14,1
102865,10,2
102865,9,3
102866,19,1
102866,4,2
102867,11,1
102867,7,2
102867,5,3
102868,18,1
102868,21,2
102869,4,1
102870,2,1
102871,5,1
102871,7,2
102872,13,1
102873,18,1
102873,6,2
102874,8,1
102874,10,2
102875,9,1
102876,1,1
102876,5,2
102876,9,3
102877,13,1
102878,3,1
102879,6,1
102879,1,2
102880,11,1
102880,8,2
102880,9,3
102881,18,1
102882,2,1
102883,16,1
102883,13,2
102884,5,1
102885,7,1
102885,21,2
102886,22,1
102886,19,2
102886,18,3
102887,14,1
102887,13,2
102888,10,1
102888,2,2
102889,16,1
102889,5,2
102889,3,3
102890,21,1
102891,10,1
102892,2,1
102892,1,2
102893,7,1
102894,12,1
102894,3,2
102895,22,1
102896,20,1
102896,16,2
102897,5,1
102897,10,2
102897,15,3
102898,5,1
102898,12,2
102899,14,1
102900,3,1
102901,22,1
102902,19,1
102902,22,2
102902,7,3
102903,16,1
102903,14,2
102904,8,1
102904,19,2
102905,6,1
102905,8,2
102906,4,1
102906,18,2
102907,17,1
102908,13,1
102908,21,2
102909,22,1
102910,15,1
102910,18,2
102911,17,1
102911,1,2
102912,2,1
102913,21,1
102914,12,1
102914,15,2
102915,8,1
102915,3,2
102916,20,1
102916,12,2
102917,3,1
102917,14,2
102918,19,1
102918,6,2
102919,21,1
102919,7,2
102920,10,1
102921,2,1
102921,12,2
102922,16,1
102923,21,1
102923,1,2
102923,16,3
102924,1,1
102925,18,1
102925,10,2
102926,22,1
102926,19,2
102927,13,1
102927,7,2
102928,15,1
102928,13,2
102929,14,1
102929,5,2
102930,8,1
102930,18,2
102931,11,1
102931,19,2
102931,12,3
102932,9,1
102933,12,1
102933,9,2
102934,6,1
102934,12,2
102935,11,1
102935,4,2
102936,7,1
102937,11,1
102937,20,2
102938,10,1
102939,14,1
102940,12,1
102941,4,1
102942,14,1
102943,11,1
102943,4,2
102944,14,1
102944,8,2
102945,12,1
102946,1,1
102946,11,2
102947,9,1
102947,3,2
102948,16,1
102948,5,2
102949,9,1
102950,16,1
102951,15,1
102951,2,2
102952,7,1
102952,22,2
102952,6,3
102953,18,1
102954,17,1
102955,3,1
102956,17,1
102956,20,2
102957,19,1
102957,8,2
102958,10,1
102959,22,1
102959,11,2
102960,4,1
102960,3,2
102961,15,1
102961,11,2
102962,14,1
102962,8,2
102962,16,3
102963,7,1
102963,3,2
102964,20,1
102965,7,1
102965,8,2
102966,4,1
102966,1,2
102966,18,3
102967,6,1
102967,8,2
102968,14,1
102969,11,1
102969,19,2
102970,22,1
102970,1,2
102971,18,1
102972,1,1
102973,14,1
102974,12,1
102975,22,1
102975,2,2
102976,5,1
102976,3,2
102976,17,3
102977,3,1
102978,1,1
102978,18,2
102979,2,1
102980,9,1
102981,3,1
102981,14,2
102981,21,3
102982,18,1
102982,15,2
102983,21,1
102983,7,2
102984,3,1
102985,20,1
102986,1,1
102986,7,2
102987,1,1
102987,9,2
102988,10,1
102989,9,1
102989,7,2
102990,10,1
102990,5,2
102991,14,1
102992,2,1
102993,10,1
102993,13,2
102994,1,1
102995,4,1
102995,7,2
102996,11,1
102997,15,1
102998,5,1
102998,2,2
102999,5,1
102999,22,2
103000,22,1
103000,8,2
103001,12,1
103001,14,2
103002,15,1
103002,5,2
103003,16,1
103003,13,2
103004,3,1
103004,17,2
103005,20,1
103005,18,2
103006,18,1
103006,16,2
103006,15,3
103007,16,1
103007,15,2
103008,3,1
103008,7,2
103008,17,3
103009,22,1
103009,3,2
103010,7,1
103011,3,1
103011,18,2
103012,8,1
103012,20,2
103012,15,3
103013,6,1
103013,2,2
103014,16,1
103015,9,1
103016,19,1
103017,11,1
103018,14,1
103018,17,2
103019,3,1
103019,21,2
103020,15,1
103020,8,2
103021,18,1
103022,22,1
103022,1,2
103023,19,1
103023,22,2
103024,10,1
103025,2,1
103025,8,2
103026,4,1
103026,12,2
103027,11,1
103027,17,2
103028,7,1
103029,4,1
103029,18,2
103030,8,1
103030,22,2
103031,5,1
103032,9,1
103033,20,1
103033,7,2
103034,19,1
103034,6,2
103035,22,1
103036,9,1
103036,1,2
103037,8,1
103037,17,2
103037,11,3
103038,15,1
103038,1,2
103039,2,1
103040,21,1
103040,3,2
103041,7,1
103041,15,2
103042,9,1
103042,6,2
103043,12,1
103044,21,1
103045,11,1
103046,22,1
103046,11,2
103047,2,1
103048,17,1
103049,22,1
103049,14,2
103050,17,1
103051,18,1
103051,19,2
103052,6,1
103052,21,2
103052,5,3
103053,4,1
103053,2,2
103053,15,3
103054,22,1
103054,1,2
103055,1,1
103055,20,2
103055,10,3
103056,3,1
103056,4,2
103057,10,1
103057,13,2
103058,15,1
103059,16,1
103060,1,1
103060,9,2
103061,1,1
103062,10,1
103062,18,2
103062,14,3
103063,3,1
103064,9,1
103064,5,2
103065,5,1
103065,10,2
103065,16,3
103066,9,1
103067,14,1
103067,16,2
103068,1,1
103069,17,1
103069,15,2
103069,1,3
103070,6,1
103071,2,1
103072,22,1
103072,10,2
103073,1,1
103074,5,1
103075,13,1
103076,17,1
103076,19,2
103077,16,1
103077,22,2
103077,9,3
103078,22,1
103078,2,2
103079,21,1
103079,2,2
103080,8,1
103081,4,1
103081,15,2
103082,20,1
103083,17,1
103083,19,2
103084,9,1
103084,13,2
103085,6,1
103085,10,2
103086,10,1
103087,4,1
103087,22,2
103088,3,1
103089,10,1
103089,8,2
103090,3,1
103091,12,1
103091,13,2
103092,4,1
103092,17,2
103093,6,1
103093,15,2
103094,3,1
103095,16,1
103095,2,2
103096,9,1
103097,15,1
103098,5,1
103099,13,1
103100,16,1
103100,10,2
103101,11,1
103102,5,1
103103,21,1
103104,7,1
103104,4,2
103105,11,1
103106,21,1
103107,19,1
103108,1,1
103108,21,2
103109,13,1
103110,4,1
103111,13,1
103112,7,1
103112,2,2
103113,12,1
103113,5,2
103114,22,1
103115,6,1
103116,14,1
103116,15,2
103117,8,1
103117,12,2
103118,18,1
103118,9,2
103119,11,1
103119,14,2
103120,14,1
103121,22,1
103122,20,1
103123,20,1
103123,10,2
103124,5,1
103125,3,1
103126,11,1
103126,7,2
103127,11,1
103128,5,1
103128,13,2
103129,21,1
103129,20,2
103130,18,1
103131,20,1
103132,22,1
103132,10,2
103133,6,1
103133,7,2
103133,5,3
103134,18,1
103135,8,1
103136,17,1
103136,2,2
103137,22,1
103137,21,2
103138,21,1
103139,17,1
103140,1,1
103141,16,1
103141,11,2
103141,2,3
103142,22,1
103142,17,2
103143,22,1
103144,21,1
103144,15,2
103145,12,1
103145,9,2
103146,10,1
103146,5,2
103147,9,1
103148,16,1
103148,9,2
103149,9,1
103150,9,1
103150,19,2
103151,10,1
103152,2,1
103153,1,1
103154,18,1
103155,5,1
103155,13,2
103156,14,1
103157,22,1
103158,12,1
103159,16,1
103159,15,2
103160,18,1
103160,12,2
103161,10,1
103161,21,2
103162,1,1
103162,19,2
103163,4,1
103164,9,1
103165,6,1
103166,9,1
103166,12,2
103167,20,1
103167,14,2
103168,14,1
103169,20,1
103170,8,1
103170,5,2
103171,9,1
103171,15,2
103172,19,1
103173,5,1
103174,4,1
103175,10,1
103175,7,2
103176,13,1
103177,7,1
103177,5,2
103178,21,1
103179,22,1
103179,19,2
103180,22,1
103181,17,1
103181,9,2
103182,5,1
103182,15,2
103182,18,3
103183,5,1
103183,22,2
103184,14,1
103184,3,2
103184,16,3
103185,9,1
103185,19,2
103186,9,1
103187,10,1
103188,12,1
103188,20,2
103189,15,1
103190,4,1
103190,6,2
103191,7,1
103192,16,1
103192,10,2
103193,22,1
103193,5,2
103194,4,1
103195,5,1
103195,22,2
103196,1,1
103197,20,1
103198,13,1
103198,22,2
103198,5,3
103199,4,1
103200,9,1
103201,22,1
103201,9,2
103202,9,1
103202,13,2
103202,11,3
103203,4,1
103203,3,2
103204,13,1
103205,3,1
103206,1,1
103206,12,2
103206,5,3
103207,5,1
103207,18,2
103208,6,1
103208,2,2
103209,21,1
103210,21,1
103211,12,1
103212,17,1
103213,5,1
103213,15,2
103213,14,3
103214,9,1
103214,6,2
103215,7,1
103216,9,1
103217,8,1
103218,15,1
103218,7,2
103219,5,1
103219,15,2
103220,7,1
103220,20,2
103221,19,1
103222,12,1
103223,1,1
103224,1,1
103225,6,1
103225,3,2
103226,21,1
103227,17,1
103227,13,2
103228,19,1
103228,22,2
103228,13,3
103229,11,1
103229,7,2
103229,16,3
103230,12,1
103231,4,1
103232,12,1
103232,6,2
103232,1,3
103233,18,1
103233,7,2
103234,15,1
103235,22,1
103236,12,1
103236,2,2
103237,7,1
103238,15,1
103238,8,2
103239,5,1
103240,7,1
103240,9,2
103241,10,1
103241,17,2
103241,11,3
103242,6,1
103243,15,1
103243,22,2
103244,12,1
103244,20,2
103244,21,3
103245,1,1
103245,17,2
103246,18,1
103247,1,1
103247,20,2
103248,5,1
103249,18,1
103250,16,1
103250,3,2
103251,4,1
103251,17,2
103252,9,1
103252,12,2
103253,20,1
103254,11,1
103254,19,2
103254,14,3
103255,5,1
103255,8,2
103256,11,1
103257,20,1
103257,17,2
103258,12,1
103258,4,2
103259,15,1
103260,1,1
103260,7,2
103261,1,1
103262,18,1
103262,17,2
103263,14,1
103263,1,2
103264,10,1
103264,3,2
103265,1,1
103266,9,1
103267,8,1
103268,2,1
103268,15,2
103268,17,3
103269,14,1
103269,16,2
103270,17,1
103270,16,2
103271,22,1
103272,1,1
103272,19,2
103273,4,1
103274,2,1
103275,15,1
103276,8,1
103277,20,1
103278,13,1
103279,6,1
103280,11,1
103280,4,2
103281,4,1
103281,10,2
103282,5,1
103282,2,2
103283,8,1
103284,9,1
103284,22,2
103285,2,1
103286,9,1
103286,13,2
103287,16,1
103288,9,1
103288,22,2
103289,10,1
103290,7,1
103290,19,2
103291,4,1
103291,14,2
103292,13,1
103292,15,2
103293,2,1
103294,22,1
103295,14,1
103295,19,2
103296,12,1
103296,18,2
103297,9,1
103298,3,1
103298,2,2
103299,14,1
103300,5,1
103301,10,1
103301,3,2
103301,17,3
103302,8,1
103303,15,1
103303,18,2
103304,11,1
103304,7,2
103305,2,1
103306,6,1
103307,7,1
103308,4,1
103308,14,2
103309,12,1
103309,22,2
103310,17,1
103310,5,2
103311,9,1
103311,8,2
103311,15,3
103312,9,1
103312,15,2
103313,2,1
103314,19,1
103314,7,2
103315,3,1
103316,15,1
103316,12,2
103317,19,1
103318,14,1
103319,19,1
103319,5,2
103320,8,1
103320,22,2
103321,6,1
103321,16,2
103321,7,3
103322,16,1
103322,4,2
103322,5,3
103323,16,1
103324,3,1
103324,5,2
103324,8,3
103325,18,1
103326,15,1
103326,22,2
103327,19,1
103327,12,2
103328,4,1
103328,12,2
103329,10,1
103330,13,1
103331,1,1
103332,1,1
103332,11,2
103333,18,1
103333,7,2
103333,14,3
103334,2,1
103334,7,2
103335,9,1
103336,8,1
103337,13,1
103337,11,2
103338,5,1
103338,19,2
103339,14,1
103339,18,2
103340,22,1
103341,15,1
103341,1,2
103342,2,1
103342,14,2
103343,16,1
103344,13,1
103345,9,1
103346,8,1
103346,15,2
103347,2,1
103348,19,1
103348,3,2
103349,22,1
103349,16,2
103350,10,1
103350,7,2
103350,13,3
103351,3,1
103351,22,2
103352,13,1
103352,8,2
103353,15,1
103353,14,2
103354,3,1
103355,16,1
103355,10,2
103356,11,1
103356,9,2
103357,17,1
103357,14,2
103357,4,3
103358,10,1
103358,18,2
103359,10,1
103359,3,2
103360,16,1
103361,8,1
103361,21,2
103362,4,1
103363,20,1
103363,17,2
103364,6,1
103364,14,2
103365,9,1
103366,6,1
103366,3,2
103367,5,1
103367,7,2
103368,19,1
103368,17,2
103369,6,1
103369,4,2
103370,1,1
103371,4,1
103372,5,1
103373,1,1
103373,10,2
103374,17,1
103374,9,2
103375,12,1
103375,14,2
103375,15,3
103376,16,1
103376,3,2
103376,12,3
103377,22,1
103377,9,2
103378,15,1
103379,13,1
103379,1,2
103380,14,1
103381,8,1
103381,19,2
103382,4,1
103383,10,1
103384,21,1
103385,22,1
103386,13,1
103386,12,2
103386,16,3
103387,13,1
103387,9,2
103388,13,1
103388,2,2
103389,5,1
103389,1,2
103390,11,1
103390,21,2
103391,14,1
103392,11,1
103393,3,1
103393,16,2
103393,12,3
103394,19,1
103395,17,1
103395,16,2
103396,19,1
103396,18,2
103397,5,1
103397,15,2
103398,9,1
103399,1,1
103400,22,1
103401,12,1
103401,2,2
103402,20,1
103403,18,1
103404,22,1
103405,17,1
103406,22,1
103407,2,1
103408,16,1
103409,14,1
103410,14,1
103410,7,2
103411,8,1
103411,6,2
103412,3,1
103412,9,2
103413,7,1
103414,7,1
103415,8,1
103415,1,2
103415,3,3
103416,4,1
103417,17,1
103417,9,2
103418,13,1
103418,12,2
103419,18,1
103420,17,1
103421,12,1
103421,5,2
103422,12,1
103422,5,2
103423,4,1
103423,11,2
103424,7,1
103425,15,1
103426,12,1
103426,15,2
103426,17,3
103427,3,1
103428,19,1
103428,18,2
103428,7,3
103429,15,1
103429,3,2
103430,11,1
103430,12,2
103431,14,1
103431,20,2
103431,8,3
103432,7,1
103432,18,2
103433,19,1
103433,12,2
103434,18,1
103434,14,2
103435,3,1
103435,15,2
103436,5,1
103436,11,2
103437,13,1
103437,2,2
103437,4,3
103438,19,1
103438,4,2
103439,14,1
103439,5,2
103440,14,1
103441,10,1
103441,21,2
103441,16,3
103442,6,1
103443,13,1
103443,22,2
103444,10,1
103444,5,2
103444,14,3
103445,12,1
103445,4,2
103446,19,1
103446,15,2
103447,16,1
103448,20,1
103448,2,2
103449,1,1
103450,16,1
103451,20,1
103451,2,2
103452,20,1
103452,11,2
103453,22,1
103453,5,2
103454,7,1
103454,18,2
103455,15,1
103455,6,2
103455,4,3
103456,4,1
103456,12,2
103456,21,3
103457,2,1
103458,12,1
103458,13,2
103459,10,1
103460,9,1
103460,14,2
103461,5,1
103461,2,2
103462,11,1
103463,7,1
103464,8,1
103464,20,2
103465,22,1
103466,17,1
103467,7,1
103468,13,1
103468,5,2
103469,22,1
103470,9,1
103470,1,2
103471,21,1
103472,11,1
103472,20,2
103473,10,1
103473,3,2
103474,6,1
103474,2,2
103475,10,1
103476,7,1
103476,12,2
103477,9,1
103478,20,1
103479,8,1
103480,17,1
103480,2,2
103480,19,3
103481,19,1
103481,20,2
103482,1,1
103482,5,2
103483,1,1
103484,7,1
103485,20,1
103486,16,1
103487,18,1
103488,22,1
103489,8,1
103490,5,1
103490,16,2
103490,21,3
103491,16,1
103491,14,2
103492,9,1
103493,3,1
103494,15,1
103495,8,1
103496,10,1
103497,4,1
103497,10,2
103498,4,1
103499,13,1
103500,4,1
103501,22,1
103502,7,1
103503,19,1
103503,5,2
103504,6,1
103504,15,2
103505,5,1
103505,3,2
103506,21,1
103507,9,1
103508,8,1
103508,21,2
103509,2,1
103510,16,1
103511,18,1
103511,20,2
103512,11,1
103512,17,2
103513,10,1
103514,16,1
103514,7,2
103515,19,1
103516,5,1
103517,20,1
103517,2,2
103518,4,1
103519,4,1
103519,5,2
103520,12,1
103520,20,2
103520,8,3
103521,12,1
103521,11,2
103522,3,1
103523,6,1
103523,3,2
103523,14,3
103524,6,1
103524,2,2
103524,13,3
103525,22,1
103525,11,2
103526,2,1
103526,1,2
103527,9,1
103527,7,2
103528,7,1
103529,10,1
103530,6,1
103531,19,1
103531,14,2
103532,9,1
103532,5,2
103533,1,1
103534,15,1
103534,21,2
103535,15,1
103536,17,1
103537,6,1
103538,2,1
103539,17,1
103539,15,2
103540,11,1
103540,22,2
103540,16,3
103541,20,1
103542,7,1
103542,18,2
103542,12,3
103543,1,1
103544,2,1
103545,22,1
103545,14,2
103546,5,1
103547,14,1
103548,16,1
103548,15,2
103549,10,1
103549,13,2
103550,14,1
103551,6,1
103552,10,1
103552,15,2
103553,8,1
103553,10,2
103554,14,1
103555,8,1
103555,6,2
103556,13,1
103556,12,2
103557,22,1
103557,14,2
103558,17,1
103558,10,2
103559,3,1
103559,11,2
103559,10,3
103560,7,1
103560,11,2
103561,11,1
103562,11,1
103562,3,2
103563,17,1
103563,12,2
103564,16,1
103565,22,1
103566,19,1
103567,19,1
103568,14,1
103569,21,1
103570,8,1
103570,15,2
103570,11,3
103571,19,1
103572,9,1
103572,17,2
103573,5,1
103574,19,1
103575,5,1
103576,9,1
103577,16,1
103578,21,1
103578,12,2
103578,7,3
103579,5,1
103580,13,1
103581,9,1
103582,5,1
103583,10,1
103583,7,2
103583,2,3
103584,16,1
103585,3,1
103586,16,1
103587,19,1
103588,4,1
103588,1,2
103589,7,1
103589,12,2
103590,5,1
103590,10,2
103591,22,1
103591,7,2
103592,6,1
103592,20,2
103593,2,1
103593,3,2
103594,22,1
103594,10,2
103595,5,1
103595,18,2
103596,15,1
103597,22,1
103597,21,2
103598,11,1
103598,7,2
103599,18,1
103599,15,2
103600,7,1
103600,22,2
103601,10,1
103601,16,2
103601,13,3
103602,20,1
103603,15,1
103604,10,1
103604,13,2
103605,13,1
103606,10,1
103607,8,1
103607,14,2
103608,1,1
103608,22,2
103608,19,3
103609,7,1
103609,17,2
103610,6,1
103611,12,1
103611,1,2
103612,11,1
103612,19,2
103613,21,1
103614,19,1
103615,6,1
103616,19,1
103617,5,1
103617,7,2
103618,5,1
103618,11,2
103619,6,1
103620,21,1
103620,10,2
103621,14,1
103621,18,2
103622,20,1
103622,6,2
103623,2,1
103624,9,1
103624,15,2
103625,22,1
103626,9,1
103626,21,2
103627,14,1
103628,4,1
103629,4,1
103630,10,1
103630,20,2
103630,13,3
103631,2,1
103632,17,1
103632,13,2
103632,6,3
103633,18,1
103633,13,2
103634,17,1
103634,16,2
103635,20,1
103635,6,2
103635,9,3
103636,20,1
103636,9,2
103636,1,3
103637,22,1
103637,21,2
103638,20,1
103638,12,2
103639,14,1
103640,11,1
103640,14,2
103641,8,1
103641,22,2
103642,2,1
103643,18,1
103643,8,2
103644,8,1
103644,4,2
103645,18,1
103645,1,2
103646,19,1
103647,9,1
103647,16,2
103648,3,1
103649,21,1
103649,7,2
103650,16,1
103650,20,2
103651,8,1
103651,21,2
103651,20,3
103652,1,1
103652,3,2
103653,6,1
103653,1,2
103654,7,1
103655,12,1
103656,1,1
103657,8,1
103657,19,2
103658,5,1
103659,7,1
103660,13,1
103661,22,1
103661,7,2
103662,10,1
103662,1,2
103663,6,1
103663,3,2
103664,2,1
103665,4,1
103666,14,1
103666,16,2
103667,4,1
103668,12,1
103669,8,1
103669,4,2
103670,15,1
103670,16,2
103671,13,1
103671,19,2
103672,1,1
103672,4,2
103673,21,1
103673,3,2
103674,13,1
103674,11,2
103674,7,3
103675,6,1
103675,10,2
103676,17,1
103676,8,2
103677,7,1
103678,17,1
103678,16,2
103679,3,1
103680,16,1
103681,20,1
103682,15,1
103683,2,1
103683,18,2
103683,15,3
103684,16,1
103685,6,1
103686,9,1
103686,2,2
103687,8,1
103688,17,1
103688,1,2
103689,18,1
103689,7,2
103690,19,1
103691,6,1
103691,7,2
103692,13,1
103693,1,1
103693,12,2
103694,7,1
103694,6,2
103695,3,1
103696,5,1
103696,22,2
103697,12,1
103697,6,2
103698,13,1
103698,6,2
103699,21,1
103700,6,1
103700,3,2
103701,4,1
103702,19,1
103703,10,1
103704,7,1
103705,13,1
103706,1,1
103706,4,2
103707,3,1
103707,13,2
103708,4,1
103709,14,1
103710,15,1
103710,18,2
103710,14,3
103711,20,1
103711,1,2
103712,4,1
103713,17,1
103714,9,1
103715,14,1
103715,15,2
103716,1,1
103717,2,1
103718,10,1
103718,3,2
103719,11,1
103719,7,2
103720,1,1
103720,10,2
103721,1,1
103721,12,2
103721,7,3
103722,17,1
103723,3,1
103724,11,1
103725,11,1
103726,1,1
103726,17,2
103727,11,1
103728,10,1
103729,16,1
103730,8,1
103731,17,1
103731,9,2
103732,20,1
103733,1,1
103733,18,2
103734,8,1
103734,1,2
103735,13,1
103735,9,2
103736,2,1
103736,11,2
103737,8,1
103737,11,2
103737,1,3
103738,6,1
103739,15,1
103740,15,1
103740,8,2
103741,5,1
103741,18,2
103741,6,3
103742,4,1
103742,18,2
103743,5,1
103743,1,2
103744,3,1
103745,3,1
103745,7,2
103746,14,1
103747,13,1
103747,18,2
103748,20,1
103749,12,1
103749,1,2
103750,2,1
103751,3,1
103752,16,1
103753,9,1
103753,16,2
103754,3,1
103754,15,2
103755,13,1
103756,12,1
103757,15,1
103757,19,2
103757,14,3
103758,18,1
103758,13,2
103758,7,3
103759,3,1
103759,6,2
103760,9,1
103760,2,2
103761,22,1
103762,10,1
103762,21,2
103763,22,1
103764,8,1
103765,22,1
103765,17,2
103766,2,1
103767,4,1
103767,9,2
103767,11,3
103768,16,1
103768,13,2
103769,14,1
103770,19,1
103770,11,2
103771,19,1
103772,1,1
103773,2,1
103774,4,1
103774,15,2
103775,11,1
103776,16,1
103777,15,1
103777,2,2
103778,5,1
103779,18,1
103779,1,2
103780,12,1
103781,10,1
103781,15,2
103781,17,3
103782,15,1
103782,22,2
103783,7,1
103784,2,1
103784,20,2
103785,21,1
103785,19,2
103785,6,3
103786,17,1
103786,19,2
103787,8,1
103787,12,2
103788,16,1
103788,6,2
103789,6,1
103789,20,2
103789,7,3
103790,11,1
103791,22,1
103791,21,2
103792,9,1
103793,20,1
103794,17,1
103795,14,1
103796,20,1
103797,10,1
103797,13,2
103798,10,1
103799,22,1
103800,19,1
103801,11,1
103801,13,2
103802,12,1
103802,5,2
103803,20,1
103803,3,2
103804,18,1
103804,14,2
103805,13,1
103805,6,2
103806,5,1
103806,16,2
103807,8,1
103808,10,1
103808,1,2
103809,21,1
103809,6,2
103809,2,3
103810,14,1
103810,7,2
103811,2,1
103812,5,1
103813,13,1
103814,9,1
103814,11,2
103815,14,1
103816,6,1
103817,17,1
103817,18,2
103818,7,1
103819,15,1
103820,9,1
103821,12,1
103822,4,1
103822,21,2
103823,7,1
103823,9,2
103823,10,3
103824,3,1
103824,4,2
103824,15,3
103825,19,1
103826,19,1
103827,21,1
103828,3,1
103829,18,1
103829,10,2
103830,21,1
103831,13,1
103831,8,2
103832,12,1
103832,3,2
103833,4,1
103834,14,1
103835,16,1
103836,6,1
103836,9,2
103837,10,1
103837,6,2
103838,17,1
103838,15,2
103839,15,1
103840,11,1
103840,7,2
103841,20,1
103841,17,2
103842,12,1
103842,21,2
103843,4,1
103843,12,2
103844,1,1
103845,11,1
103846,9,1
103846,12,2
103847,21,1
103847,3,2
103847,17,3
103848,9,1
103849,19,1
103849,6,2
103850,8,1
103850,2,2
103850,11,3
103851,18,1
103851,6,2
103851,9,3
103852,7,1
103853,1,1
103853,17,2
103853,3,3
103854,13,1
103855,8,1
103855,16,2
103855,18,3
103856,13,1
103856,6,2
103857,2,1
103858,21,1
103858,3,2
103858,9,3
103859,1,1
103859,14,2
103860,19,1
103861,1,1
103862,20,1
103863,8,1
103863,15,2
103864,20,1
103864,4,2
103864,5,3
103865,3,1
103865,17,2
103866,20,1
103866,21,2
103866,2,3
103867,1,1
103868,9,1
103869,12,1
103870,4,1
103870,6,2
103871,5,1
103872,7,1
103872,3,2
103873,1,1
103874,2,1
103874,6,2
103875,16,1
103875,6,2
103875,18,3
103876,20,1
103876,18,2
103876,14,3
103877,17,1
103877,8,2
103878,4,1
103878,6,2
103879,13,1
103880,9,1
103880,20,2
103881,5,1
103881,12,2
103882,15,1
103883,13,1
103883,20,2
103884,21,1
103884,15,2
103885,9,1
103885,6,2
103886,2,1
103887,10,1
103887,3,2
103888,9,1
103889,13,1
103890,16,1
103891,16,1
103892,18,1
103893,3,1
103893,12,2
103893,19,3
103894,17,1
103895,11,1
103895,20,2
103896,20,1
103896,9,2
103897,11,1
103898,14,1
103898,7,2
103899,16,1
103899,20,2
103900,19,1
103900,8,2
103901,11,1
103902,19,1
103902,16,2
103903,20,1
103903,21,2
103904,7,1
103904,13,2
103905,1,1
103906,21,1
103907,12,1
103908,20,1
103908,9,2
103909,18,1
103909,4,2
103910,9,1
103911,8,1
103911,19,2
103912,8,1
103913,14,1
103914,5,1
103914,17,2
103915,18,1
103916,20,1
103916,21,2
103917,14,1
103917,1,2
103917,20,3
103918,12,1
103919,15,1
103920,13,1
103920,1,2
103921,11,1
103921,3,2
103922,3,1
103922,2,2
103923,10,1
103924,6,1
103925,13,1
103925,10,2
103926,10,1
103926,4,2
103927,5,1
103927,9,2
103928,10,1
103929,12,1
103930,20,1
103930,21,2
103930,8,3
103931,12,1
103932,6,1
103933,21,1
103933,8,2
103934,15,1
103935,19,1
103935,11,2
103936,15,1
103937,14,1
103937,22,2
103938,11,1
103938,15,2
103938,8,3
103939,9,1
103939,18,2
103940,12,1
103940,5,2
103941,6,1
103942,11,1
103943,18,1
103943,10,2
103943,14,3
103944,19,1
103945,2,1
103945,3,2
103946,11,1
103946,6,2
103947,16,1
103947,19,2
103948,6,1
103948,20,2
103949,22,1
103950,14,1
103950,11,2
103951,7,1
103951,20,2
103952,9,1
103953,19,1
103953,20,2
103954,2,1
103955,22,1
103955,17,2
103956,2,1
103957,2,1
103958,3,1
103958,11,2
103959,3,1
103959,5,2
103960,14,1
103961,11,1
103961,16,2
103962,8,1
103962,18,2
103963,7,1
103964,20,1
103964,16,2
103965,8,1
103966,20,1
103967,3,1
103968,14,1
103969,1,1
103969,9,2
103970,12,1
103971,13,1
103972,7,1
103972,9,2
103973,3,1
103973,17,2
103974,17,1
103974,16,2
103975,5,1
103976,21,1
103976,13,2
103977,20,1
103977,7,2
103978,17,1
103978,2,2
103979,20,1
103980,3,1
103981,13,1
103981,2,2
103982,7,1
103982,22,2
103982,8,3
103983,12,1
103984,3,1
103985,10,1
103985,8,2
103986,14,1
103987,6,1
103988,21,1
103988,20,2
103989,3,1
103989,8,2
103989,16,3
103990,18,1
103990,2,2
103990,6,3
103991,3,1
103991,2,2
103992,14,1
103992,16,2
103993,14,1
103993,16,2
103994,15,1
103994,8,2
103994,14,3
103995,15,1
103996,12,1
103997,11,1
103998,2,1
103998,7,2
103999,17,1
104000,11,1
104001,9,1
104001,7,2
104002,4,1
104003,2,1
104004,20,1
104005,11,1
104006,8,1
104007,18,1
104007,20,2
104008,5,1
104008,7,2
104009,7,1
104009,21,2
104010,3,1
104010,7,2
104010,12,3
104011,3,1
104011,10,2
104012,17,1
104012,11,2
104012,1,3
104013,5,1
104014,1,1
104015,14,1
104016,15,1
104017,4,1
104018,4,1
104019,10,1
104019,17,2
104020,6,1
104021,14,1
104022,18,1
104022,8,2
104022,9,3
104023,15,1
104023,19,2
104024,2,1
104025,10,1
104026,19,1
104027,16,1
104028,12,1
104028,6,2
104028,22,3
104029,8,1
104030,12,1
104030,17,2
104031,15,1
104031,4,2
104032,18,1
104033,9,1
104034,18,1
104034,20,2
104035,19,1
104035,22,2
104036,19,1
104036,10,2
104037,12,1
104037,3,2
104038,11,1
104039,3,1
104039,19,2
104040,13,1
104041,10,1
104041,14,2
104042,11,1
104043,19,1
104044,9,1
104045,12,1
104046,5,1
104047,17,1
104047,13,2
104047,16,3
104048,11,1
104048,9,2
104049,1,1
104049,3,2
104050,16,1
104050,20,2
104051,2,1
104051,4,2
104052,10,1
104052,13,2
104053,2,1
104054,20,1
104054,22,2
104055,14,1
104055,16,2
104056,21,1
104057,2,1
104057,5,2
104057,17,3
104058,2,1
104058,10,2
104059,15,1
104059,16,2
104060,2,1
104060,21,2
104061,9,1
104061,14,2
104062,8,1
104063,4,1
104064,10,1
104065,16,1
104066,5,1
104066,22,2
104067,13,1
104067,9,2
104068,11,1
104069,16,1
104069,12,2
104070,6,1
104071,22,1
104071,7,2
104072,18,1
104072,13,2
104073,17,1
104073,11,2
104074,12,1
104074,22,2
104074,2,3
104075,13,1
104076,17,1
104076,3,2
104077,15,1
104078,11,1
104079,14,1
104080,3,1
104080,14,2
104081,19,1
104082,2,1
104082,19,2
104083,8,1
104084,14,1
104085,11,1
104085,19,2
104086,11,1
104086,4,2
104087,4,1
104087,3,2
104088,19,1
104089,7,1
104090,9,1
104091,3,1
104091,17,2
104092,13,1
104093,3,1
104093,19,2
104094,5,1
104095,14,1
104095,19,2
104096,10,1
104097,13,1
104097,19,2
104098,10,1
104098,17,2
104099,17,1
104099,21,2
104100,14,1
104100,7,2
104101,14,1
104102,2,1
104102,12,2
104102,6,3
104103,2,1
104103,9,2
104104,13,1
104104,19,2
104105,6,1
104105,12,2
104106,3,1
104106,14,2
104107,8,1
104108,4,1
104109,10,1
104110,1,1
104111,13,1
104112,4,1
104113,3,1
104113,19,2
104114,14,1
104114,8,2
104115,22,1
104116,17,1
104116,12,2
104117,8,1
104117,13,2
104118,5,1
104119,1,1
104120,12,1
104121,7,1
104122,12,1
104122,16,2
104123,13,1
104124,10,1
104124,6,2
104125,17,1
104125,10,2
104126,1,1
104126,10,2
104127,2,1
104127,7,2
104128,6,1
104128,16,2
104129,7,1
104130,10,1
104130,17,2
104131,15,1
104132,13,1
104133,11,1
104134,8,1
104135,14,1
104135,3,2
104136,17,1
104137,5,1
104137,1,2
104138,18,1
104138,1,2
104138,22,3
104139,22,1
104139,19,2
104140,22,1
104141,5,1
104141,22,2
104141,3,3
104142,7,1
104142,21,2
104143,3,1
104143,4,2
104143,21,3
104144,17,1
104144,3,2
104144,15,3
104145,20,1
104145,1,2
104146,7,1
104146,21,2
104147,13,1
104148,13,1
104149,20,1
104149,10,2
104150,17,1
104150,3,2
104151,6,1
104151,14,2
104152,11,1
104152,19,2
104152,17,3
104153,1,1
104154,22,1
104155,2,1
104155,6,2
104156,20,1
104156,9,2
104157,1,1
104157,8,2
104157,16,3
104158,12,1
104159,7,1
104159,22,2
104160,22,1
104160,7,2
104161,9,1
104162,5,1
104162,15,2
104163,11,1
104163,14,2
104163,15,3
104164,19,1
104164,21,2
104165,8,1
104166,13,1
104167,18,1
104167,2,2
104168,3,1
104169,13,1
104170,10,1
104171,20,1
104171,10,2
104172,20,1
104172,3,2
104173,6,1
104173,20,2
104174,8,1
104174,17,2
104174,6,3
104175,3,1
104175,11,2
104176,19,1
104177,16,1
104178,19,1
104179,13,1
104180,14,1
104180,12,2
104181,12,1
104182,6,1
104183,13,1
104183,4,2
104183,19,3
104184,22,1
104184,9,2
104185,19,1
104185,22,2
104186,5,1
104186,19,2
104187,9,1
104188,10,1
104188,7,2
104189,9,1
104189,11,2
104190,14,1
104191,3,1
104191,8,2
104192,18,1
104192,14,2
104192,11,3
104193,1,1
104193,2,2
104194,19,1
104194,3,2
104195,20,1
104195,12,2
104196,15,1
104196,17,2
104197,7,1
104198,21,1
104198,12,2
104199,19,1
104199,7,2
104199,13,3
104200,4,1
104200,19,2
104201,3,1
104201,5,2
104202,1,1
104202,14,2
104203,18,1
104204,22,1
104204,8,2
104205,17,1
104206,2,1
104206,15,2
104207,22,1
104208,8,1
104209,7,1
104209,18,2
104209,4,3
104210,6,1
104210,1,2
104210,19,3
104211,13,1
104211,16,2
104212,8,1
104213,1,1
104214,15,1
104215,9,1
104216,13,1
104216,12,2
104217,1,1
104218,4,1
104219,1,1
104219,12,2
104220,11,1
104221,10,1
104221,7,2
104222,16,1
104222,2,2
104223,13,1
104224,7,1
104224,20,2
104225,13,1
104226,20,1
104227,11,1
104228,14,1
104229,21,1
104229,18,2
104230,8,1
104230,22,2
104231,12,1
104232,17,1
104232,14,2
104233,2,1
104233,6,2
104234,4,1
104235,19,1
104236,14,1
104236,5,2
104237,16,1
104238,2,1
104238,22,2
104239,11,1
104240,10,1
104240,1,2
104241,10,1
104241,13,2
104242,11,1
104243,15,1
104243,1,2
104244,3,1
104245,22,1
104245,2,2
104245,15,3
104246,17,1
104247,9,1
104247,13,2
104247,15,3
104248,8,1
104248,21,2
104248,10,3
104249,10,1
104249,8,2
104250,19,1
104250,8,2
104251,21,1
104251,2,2
104252,9,1
104252,4,2
104253,19,1
104254,19,1
104254,13,2
104255,17,1
104255,8,2
104256,7,1
104257,12,1
104257,10,2
104257,5,3
104258,18,1
104258,21,2
104258,9,3
104259,6,1
104259,12,2
104260,4,1
104260,3,2
104261,19,1
104261,21,2
104261,2,3
104262,12,1
104263,1,1
104263,19,2
104264,22,1
104265,3,1
104265,6,2
104266,15,1
104267,19,1
104267,2,2
104268,8,1
104268,5,2
104269,18,1
104270,22,1
104270,14,2
104271,13,1
104271,14,2
104271,2,3
104272,13,1
104272,6,2
104272,17,3
104273,11,1
104273,3,2
104274,10,1
104274,1,2
104275,19,1
104275,20,2
104276,16,1
104276,18,2
104277,15,1
104278,22,1
104279,7,1
104279,1,2
104280,17,1
104280,7,2
104281,6,1
104282,19,1
104282,22,2
104283,20,1
104284,15,1
104284,1,2
104285,13,1
104286,6,1
104287,16,1
104287,4,2
104288,10,1
104289,18,1
104289,11,2
104290,8,1
104291,4,1
104291,3,2
104292,17,1
104292,14,2
104293,15,1
104294,13,1
104294,15,2
104295,19,1
104295,5,2
104296,22,1
104296,18,2
104296,20,3
104297,2,1
104298,2,1
104298,5,2
104299,15,1
104299,11,2
104300,9,1
104300,2,2
104301,20,1
104302,6,1
104302,8,2
104303,1,1
104303,7,2
104304,13,1
104305,17,1
104306,20,1
104306,21,2
104307,20,1
104308,6,1
104309,11,1
104310,15,1
104310,3,2
104311,13,1
104312,14,1
104313,9,1
104314,4,1
104314,10,2
104315,15,1
104316,6,1
104317,10,1
104318,10,1
104318,22,2
104318,17,3
104319,11,1
104319,5,2
104320,21,1
104320,20,2
104321,2,1
104321,4,2
104322,12,1
104322,4,2
104323,4,1
104323,11,2
104324,16,1
104324,8,2
104325,18,1
104325,12,2
104326,15,1
104327,14,1
104328,2,1
104328,21,2
104329,22,1
104330,18,1
104331,20,1
104332,17,1
104332,7,2
104333,19,1
104333,8,2
104333,9,3
104334,2,1
104335,16,1
104336,14,1
104337,21,1
104338,12,1
104339,8,1
104340,18,1
104340,19,2
104341,10,1
104342,12,1
104342,5,2
104343,11,1
104344,11,1
104345,11,1
104346,17,1
104346,21,2
104347,7,1
104348,1,1
104348,21,2
104349,6,1
104350,22,1
104350,5,2
104350,15,3
104351,4,1
104352,22,1
104352,13,2
104353,17,1
104353,21,2
104354,15,1
104355,9,1
104355,16,2
104355,14,3
104356,6,1
104356,7,2
104357,1,1
104357,7,2
104358,12,1
104358,21,2
104359,16,1
104359,18,2
104359,15,3
104360,6,1
104360,14,2
104361,19,1
104361,7,2
104362,20,1
104362,5,2
104362,6,3
104363,9,1
104363,3,2
104364,6,1
104364,8,2
104365,1,1
104366,13,1
104366,6,2
104367,22,1
104368,4,1
104368,17,2
104369,11,1
104370,3,1
104371,20,1
104371,6,2
104372,17,1
104373,8,1
104373,3,2
104374,1,1
104375,8,1
104376,8,1
104377,6,1
104378,14,1
104378,16,2
104379,22,1
104380,20,1
104381,15,1
104382,18,1
104382,13,2
104383,4,1
104384,17,1
104385,14,1
104385,21,2
104386,7,1
104387,12,1
104388,14,1
104389,18,1
104390,18,1
104391,10,1
104392,7,1
104392,10,2
104392,15,3
104393,22,1
104394,18,1
104394,6,2
104395,19,1
104396,12,1
104397,6,1
104397,17,2
104398,21,1
104398,10,2
104399,22,1
104400,7,1
104401,7,1
104402,18,1
104403,2,1
104404,6,1
104405,5,1
104405,17,2
104406,8,1
104406,7,2
104407,13,1
104407,10,2
104408,17,1
104408,10,2
104409,22,1
104409,16,2
104410,3,1
104411,14,1
104411,8,2
104412,21,1
104413,22,1
104413,2,2
104414,4,1
104415,4,1
104416,8,1
104417,14,1
104417,6,2
104418,5,1
104418,17,2
104418,9,3
104419,11,1
104420,10,1
104421,18,1
104421,21,2
104422,20,1
104423,13,1
104423,5,2
104423,6,3
104424,12,1
104424,3,2
104425,4,1
104425,21,2
104426,10,1
104427,3,1
104427,2,2
104428,14,1
104429,22,1
104429,2,2
104430,13,1
104431,10,1
104431,14,2
104432,21,1
104432,4,2
104433,20,1
104434,7,1
104434,17,2
104435,20,1
104435,4,2
104436,13,1
104436,5,2
104437,9,1
104437,3,2
104438,14,1
104438,13,2
104438,21,3
104439,18,1
104439,10,2
104440,16,1
104441,8,1
104441,5,2
104442,14,1
104442,12,2
104443,6,1
104444,9,1
104444,5,2
104444,7,3
104445,19,1
104445,7,2
104446,9,1
104447,1,1
104447,15,2
104448,3,1
104449,1,1
104449,22,2
104450,6,1
104451,12,1
104451,1,2
104452,22,1
104453,12,1
104453,21,2
104454,1,1
104454,14,2
104454,15,3
104455,18,1
104456,8,1
104457,4,1
104457,16,2
104458,9,1
104458,15,2
104459,11,1
104459,12,2
104460,3,1
104461,18,1
104462,10,1
104462,19,2
104463,1,1
104464,6,1
104464,17,2
104465,18,1
104465,3,2
104465,12,3
104466,6,1
104466,2,2
104467,22,1
104467,12,2
104468,15,1
104469,18,1
104469,1,2
104470,6,1
104471,14,1
104472,2,1
104473,2,1
104473,16,2
104474,5,1
104474,9,2
104475,20,1
104475,3,2
104476,20,1
104477,2,1
104478,6,1
104479,6,1
104480,20,1
104480,13,2
104481,8,1
104481,18,2
104482,10,1
104483,22,1
104484,16,1
104484,21,2
104485,9,1
104486,19,1
104487,5,1
104487,18,2
104488,17,1
104488,1,2
104489,1,1
104490,21,1
104490,9,2
104491,10,1
104491,18,2
104492,8,1
104493,19,1
104493,21,2
104494,11,1
104495,11,1
104495,2,2
104496,9,1
104496,22,2
104497,16,1
104497,22,2
104498,19,1
104499,11,1
104500,5,1
104501,15,1
104501,16,2
104501,6,3
104502,20,1
104503,9,1
104504,16,1
104505,8,1
104505,19,2
104506,3,1
104507,16,1
104508,1,1
104508,7,2
104508,9,3
104509,17,1
104510,17,1
104510,9,2
104511,17,1
104511,13,2
104511,11,3
104512,16,1
104512,7,2
104513,9,1
104514,13,1
104514,1,2
104515,8,1
104516,2,1
104517,16,1
104517,9,2
104518,1,1
104519,18,1
104519,1,2
104520,17,1
104521,17,1
104521,21,2
104522,5,1
104523,22,1
104523,19,2
104524,1,1
104524,10,2
104525,8,1
104526,4,1
104526,13,2
104527,13,1
104528,11,1
104528,16,2
104529,12,1
104529,5,2
104529,14,3
104530,10,1
104531,2,1
104531,7,2
104531,22,3
104532,14,1
104532,7,2
104533,17,1
104534,11,1
104535,21,1
104536,8,1
104536,11,2
104537,13,1
104538,6,1
104538,20,2
104539,17,1
104539,8,2
104540,8,1
104540,1,2
104541,20,1
104542,12,1
104542,8,2
104543,5,1
104543,13,2
104544,21,1
104545,12,1
104545,7,2
104546,18,1
104547,8,1
104547,10,2
104548,1,1
104548,3,2
104549,20,1
104550,16,1
104550,10,2
104551,11,1
104552,16,1
104553,21,1
104554,15,1
104555,19,1
104556,2,1
104556,19,2
104556,14,3
104557,3,1
104558,12,1
104558,13,2
104559,11,1
104559,19,2
104559,16,3
104560,8,1
104560,20,2
104560,13,3
104561,2,1
104562,22,1
104562,9,2
104563,16,1
104564,13,1
104565,19,1
104565,4,2
104566,17,1
104566,1,2
104566,10,3
104567,22,1
104567,16,2
104568,11,1
104568,14,2
104568,20,3
104569,7,1
104569,2,2
104570,6,1
104571,22,1
104571,17,2
104572,17,1
104572,15,2
104573,3,1
104573,22,2
104574,19,1
104574,4,2
104575,17,1
104576,8,1
104577,10,1
104578,4,1
104578,2,2
104579,11,1
104580,18,1
104581,14,1
104581,15,2
104581,4,3
104582,13,1
104582,11,2
104582,16,3
104583,18,1
104583,3,2
104584,5,1
104584,19,2
104585,6,1
104585,16,2
104586,20,1
104586,21,2
104587,17,1
104587,12,2
104588,6,1
104588,9,2
104588,19,3
104589,19,1
104589,3,2
104589,20,3
104590,1,1
104590,21,2
104591,4,1
104591,12,2
104592,18,1
104592,11,2
104593,7,1
104593,15,2
104594,2,1
104594,9,2
104595,14,1
104596,17,1
104597,19,1
104598,16,1
104599,4,1
104600,20,1
104601,9,1
104601,18,2
104602,4,1
104602,9,2
104603,1,1
104603,2,2
104604,9,1
104604,2,2
104605,12,1
104605,14,2
104606,8,1
104607,4,1
104607,2,2
104608,10,1
104608,2,2
104609,20,1
104610,19,1
104610,14,2
104611,6,1
104611,18,2
104612,11,1
104612,10,2
104613,7,1
104614,9,1
104614,19,2
104615,19,1
104615,20,2
104616,12,1
104617,21,1
104618,16,1
104618,7,2
104618,14,3
104619,11,1
104620,15,1
104620,12,2
104620,17,3
104621,15,1
104621,18,2
104622,22,1
104622,8,2
104623,16,1
104623,3,2
104623,2,3
104624,11,1
104624,7,2
104625,5,1
104625,12,2
104625,21,3
104626,2,1
104626,14,2
104627,16,1
104627,15,2
104628,11,1
104629,13,1
104630,21,1
104631,10,1
104632,1,1
104632,9,2
104632,2,3
104633,6,1
104633,12,2
104633,13,3
104634,2,1
104634,10,2
104634,4,3
104635,4,1
104636,13,1
104637,15,1
104637,12,2
104638,1,1
104639,5,1
104640,19,1
104640,15,2
104641,14,1
104642,11,1
104643,10,1
104644,15,1
104645,20,1
104646,10,1
104646,7,2
104646,17,3
104647,4,1
104647,16,2
104648,14,1
104648,15,2
104649,6,1
104650,15,1
104650,2,2
104651,12,1
104652,3,1
104653,8,1
104654,11,1
104654,17,2
104655,14,1
104656,16,1
104657,14,1
104658,10,1
104659,15,1
104660,17,1
104660,6,2
104660,21,3
104661,7,1
104662,1,1
104663,4,1
104664,12,1
104665,6,1
104666,3,1
104667,1,1
104668,16,1
104668,8,2
104669,5,1
104670,22,1
104671,14,1
104672,14,1
104673,11,1
104674,1,1
104675,21,1
104676,6,1
104677,21,1
104677,4,2
104678,14,1
104678,19,2
104679,11,1
104680,6,1
104681,17,1
104681,14,2
104681,3,3
104682,22,1
104683,18,1
104684,8,1
104684,17,2
104685,11,1
104686,6,1
104687,13,1
104688,15,1
104688,18,2
104689,21,1
104689,18,2
104690,12,1
104691,12,1
104692,4,1
104693,1,1
104694,12,1
104695,16,1
104695,1,2
104696,6,1
104697,12,1
104697,2,2
104698,18,1
104698,16,2
104699,9,1
104699,10,2
104700,7,1
104701,22,1
104702,18,1
104702,19,2
104703,6,1
104704,11,1
104704,18,2
104704,13,3
104705,13,1
104705,8,2
104706,1,1
104707,21,1
104708,22,1
104709,12,1
104710,19,1
104711,15,1
104711,12,2
104712,19,1
104713,17,1
104714,11,1
104715,6,1
104716,7,1
104717,9,1
104718,11,1
104718,17,2
104719,22,1
104719,3,2
104720,16,1
104720,14,2
104721,4,1
104721,7,2
104722,14,1
104722,3,2
104722,13,3
104723,13,1
104724,5,1
104725,14,1
104725,11,2
104725,8,3
104726,5,1
104727,22,1
104728,15,1
104728,2,2
104729,17,1
104729,4,2
104730,1,1
104730,4,2
104730,9,3
104731,4,1
104731,6,2
104732,15,1
104732,3,2
104733,18,1
104733,9,2
104734,18,1
104735,22,1
104735,9,2
104736,10,1
104737,21,1
104737,4,2
104738,13,1
104738,17,2
104739,20,1
104740,1,1
104741,1,1
104741,11,2
104742,19,1
104742,20,2
104743,11,1
104743,21,2
104744,17,1
104744,2,2
104745,9,1
104745,1,2
104746,10,1
104747,1,1
104747,11,2
104748,18,1
104748,4,2
104748,2,3
104749,8,1
104750,21,1
104751,22,1
104751,14,2
104752,19,1
104752,2,2
104753,4,1
104753,8,2
104754,4,1
104754,14,2
104754,19,3
104755,1,1
104756,21,1
104756,3,2
104757,10,1
104758,15,1
104758,14,2
104759,5,1
104759,17,2
104760,22,1
104761,12,1
104761,19,2
104762,7,1
104762,13,2
104763,2,1
104763,15,2
104764,9,1
104764,20,2
104765,18,1
104765,9,2
104766,11,1
104766,20,2
104767,6,1
104768,19,1
104769,8,1
104770,9,1
104771,12,1
104771,14,2
104772,12,1
104772,16,2
104772,4,3
104773,13,1
104773,12,2
104774,17,1
104774,21,2
104775,1,1
104776,19,1
104777,2,1
104777,10,2
104778,17,1
104779,13,1
104779,10,2
104780,13,1
104780,9,2
104781,17,1
104782,19,1
104783,7,1
104783,5,2
104784,8,1
104784,1,2
104785,5,1
104786,18,1
104786,16,2
104786,13,3
104787,6,1
104788,7,1
104789,19,1
104789,12,2
104790,12,1
104790,16,2
104791,18,1
104792,17,1
104793,11,1
104793,17,2
104794,8,1
104795,2,1
104796,12,1
104796,9,2
104797,9,1
104797,5,2
104798,16,1
104798,17,2
104799,19,1
104799,18,2
104800,4,1
104800,19,2
104800,6,3
104801,20,1
104802,13,1
104803,6,1
104803,12,2
104804,20,1
104804,14,2
104805,15,1
104805,14,2
104806,5,1
104806,8,2
104807,8,1
104808,6,1
104809,8,1
104810,4,1
104810,18,2
104811,20,1
104812,12,1
104812,11,2
104813,16,1
104813,18,2
104814,2,1
104814,6,2
104815,5,1
104815,17,2
104816,15,1
104817,22,1
104817,1,2
104818,19,1
104819,1,1
104820,13,1
104821,19,1
104821,10,2
104822,8,1
104823,22,1
104823,7,2
104824,21,1
104825,8,1
104826,1,1
104826,7,2
104827,8,1
104828,4,1
104828,17,2
104829,22,1
104830,15,1
104830,19,2
104831,14,1
104831,21,2
104832,9,1
104832,16,2
104833,21,1
104833,5,2
104834,4,1
104834,3,2
104835,2,1
104835,10,2
104836,8,1
104837,8,1
104837,15,2
104838,6,1
104838,13,2
104839,3,1
104840,15,1
104840,16,2
104841,20,1
104841,12,2
104842,7,1
104842,10,2
104843,11,1
104844,8,1
104845,5,1
104845,9,2
104845,12,3
104846,16,1
104846,15,2
104847,15,1
104847,9,2
104848,22,1
104849,6,1
104850,22,1
104850,17,2
104850,12,3
104851,4,1
104852,10,1
104852,17,2
104852,14,3
104853,8,1
104853,13,2
104853,7,3
104854,19,1
104854,13,2
104855,18,1
104855,16,2
104856,17,1
104856,10,2
104857,1,1
104858,22,1
104858,10,2
104859,21,1
104860,19,1
104860,18,2
104861,22,1
104862,20,1
104862,10,2
104863,16,1
104864,13,1
104865,8,1
104865,22,2
104866,17,1
104866,11,2
104867,21,1
104868,5,1
104868,11,2
104869,3,1
104870,22,1
104870,21,2
104871,10,1
104872,15,1
104873,17,1
104873,22,2
104874,17,1
104874,19,2
104875,14,1
104875,7,2
104876,3,1
104876,8,2
104877,11,1
104877,20,2
104878,21,1
104878,11,2
104879,19,1
104879,5,2
104879,3,3
104880,18,1
104881,15,1
104882,21,1
104883,21,1
104884,20,1
104885,7,1
104886,19,1
104886,14,2
104887,22,1
104888,19,1
104889,12,1
104890,19,1
104891,16,1
104891,22,2
104891,15,3
104892,16,1
104892,18,2
104893,5,1
104893,1,2
104894,21,1
104895,1,1
104896,9,1
104897,14,1
104898,20,1
104898,2,2
104899,11,1
104900,16,1
104901,11,1
104902,19,1
104903,2,1
104903,19,2
104904,15,1
104904,4,2
104905,22,1
104905,1,2
104906,1,1
104906,9,2
104907,12,1
104907,17,2
104908,6,1
104908,9,2
104909,6,1
104910,22,1
104910,21,2
104911,19,1
104912,14,1
104912,12,2
104912,22,3
104913,10,1
104914,7,1
104914,2,2
104915,12,1
104915,4,2
104915,15,3
104916,15,1
104917,11,1
104918,21,1
104919,9,1
104920,8,1
104921,14,1
104922,22,1
104923,16,1
104924,7,1
104924,9,2
104925,5,1
104925,13,2
104926,11,1
104926,18,2
104927,11,1
104927,2,2
104928,3,1
104929,21,1
104930,20,1
104930,3,2
104931,16,1
104932,3,1
104932,21,2
104932,22,3
104933,17,1
104933,1,2
104934,14,1
104934,3,2
104934,22,3
104935,20,1
104935,2,2
104935,16,3
104936,13,1
104936,14,2
104937,16,1
104937,22,2
104938,5,1
104939,3,1
104939,15,2
104940,6,1
104941,8,1
104942,14,1
104943,8,1
104943,2,2
104944,12,1
104945,13,1
104945,19,2
104946,5,1
104947,11,1
104947,18,2
104948,13,1
104949,11,1
104949,1,2
104950,18,1
104951,2,1
104951,22,2
104952,17,1
104952,8,2
104953,10,1
104953,15,2
104954,9,1
104954,14,2
104955,3,1
104955,6,2
104956,3,1
104956,9,2
104957,21,1
104957,20,2
104958,13,1
104959,8,1
104959,4,2
104960,13,1
104960,6,2
104961,15,1
104961,11,2
104962,10,1
104963,19,1
104964,2,1
104964,19,2
104965,21,1
104966,11,1
104966,13,2
104967,13,1
104967,7,2
104968,2,1
104968,21,2
104968,13,3
104969,5,1
104970,4,1
104970,2,2
104971,3,1
104972,2,1
104973,15,1
104974,21,1
104974,2,2
104975,17,1
104975,4,2
104976,21,1
104977,7,1
104978,16,1
104978,21,2
104979,21,1
104979,8,2
104979,20,3
104980,6,1
104981,21,1
104981,6,2
104982,20,1
104982,11,2
104983,18,1
104983,13,2
104984,16,1
104985,11,1
104985,12,2
104986,19,1
104987,2,1
104987,16,2
104988,6,1
104989,20,1
104989,13,2
104990,20,1
104990,4,2
104991,18,1
104992,16,1
104993,22,1
104994,8,1
104995,4,1
104996,5,1
104997,19,1
104998,9,1
104999,6,1
105000,14,1
105001,18,1
105001,10,2
105002,16,1
105003,5,1
105003,20,2
105004,17,1
105004,9,2
105004,6,3
105005,21,1
105005,12,2
105006,19,1
105007,14,1
105008,16,1
105008,14,2
105009,12,1
105009,11,2
105010,6,1
105010,5,2
105011,12,1
105012,5,1
105013,11,1
105013,18,2
105014,1,1
105014,14,2
105015,22,1
105016,5,1
105017,6,1
105017,20,2
105018,8,1
105018,12,2
105018,5,3
105019,15,1
105019,17,2
105020,4,1
105020,12,2
105021,7,1
105021,12,2
105022,20,1
105022,21,2
105023,16,1
105024,14,1
105024,17,2
105024,22,3
105025,16,1
105026,9,1
105027,11,1
105027,2,2
105028,5,1
105029,8,1
105029,4,2
105030,4,1
105030,18,2
105031,22,1
105031,2,2
105031,17,3
105032,18,1
105032,16,2
105033,10,1
105034,12,1
105034,1,2
105035,11,1
105035,18,2
105036,1,1
105037,1,1
105038,18,1
105039,18,1
105039,22,2
105040,16,1
105040,20,2
105041,9,1
105041,16,2
105042,19,1
105043,18,1
105044,18,1
105044,14,2
105045,13,1
105046,10,1
105046,13,2
105047,8,1
105047,10,2
105048,15,1
105048,9,2
105049,14,1
105049,8,2
105050,16,1
105051,5,1
105051,14,2
105052,6,1
105052,17,2
105052,4,3
105053,3,1
105053,12,2
105054,7,1
105055,7,1
105055,18,2
105056,16,1
105056,8,2
105057,11,1
105058,6,1
105059,10,1
105060,21,1
105061,16,1
105062,14,1
105063,16,1
105064,21,1
105064,19,2
105065,20,1
105066,12,1
105067,16,1
105067,15,2
105067,8,3
105068,14,1
105068,13,2
105068,1,3
105069,11,1
105069,19,2
105070,18,1
105071,10,1
105072,8,1
105072,13,2
105073,7,1
105074,21,1
105074,17,2
105075,17,1
105075,15,2
105076,17,1
105076,20,2
105077,12,1
105077,21,2
105078,15,1
105078,4,2
105079,21,1
105080,9,1
105080,20,2
105081,3,1
105081,14,2
105081,8,3
105082,11,1
105082,6,2
105083,9,1
105084,16,1
105085,15,1
105086,3,1
105086,5,2
105087,9,1
105088,15,1
105088,12,2
105089,3,1
105090,20,1
105090,3,2
105091,19,1
105091,17,2
105091,16,3
105092,16,1
105093,22,1
105093,18,2
105094,8,1
105094,5,2
105095,20,1
105095,2,2
105096,1,1
105096,2,2
105097,1,1
105098,12,1
105099,15,1
105099,8,2
105100,18,1
105101,2,1
105102,19,1
105103,8,1
105104,6,1
105105,5,1
105106,16,1
105106,4,2
105107,7,1
105107,20,2
105107,8,3
105108,2,1
105109,14,1
105109,11,2
105110,12,1
105111,7,1
105111,12,2
105112,16,1
105112,11,2
105113,19,1
105113,22,2
105113,18,3
105114,13,1
105115,6,1
105115,17,2
105115,4,3
105116,1,1
105116,17,2
105117,16,1
105117,21,2
105118,16,1
105119,18,1
105119,5,2
105120,16,1
105120,7,2
105121,14,1
105122,19,1
105123,15,1
105123,8,2
105123,19,3
105124,17,1
105124,8,2
105125,13,1
105125,14,2
105126,16,1
105127,16,1
105127,17,2
105128,11,1
105128,1,2
105129,2,1
105129,22,2
105130,9,1
105130,12,2
105131,15,1
105131,5,2
105132,6,1
105132,20,2
105133,1,1
105133,22,2
105134,15,1
105135,6,1
105135,5,2
105136,5,1
105137,6,1
105138,13,1
105139,11,1
105140,22,1
105140,3,2
105141,14,1
105141,16,2
105142,15,1
105143,7,1
105144,15,1
105144,6,2
105145,21,1
105146,3,1
105147,19,1
105147,18,2
105148,2,1
105149,22,1
105149,17,2
105149,10,3
105150,11,1
105151,7,1
105151,18,2
105152,12,1
105152,7,2
105153,11,1
105153,20,2
105154,5,1
105154,14,2
105155,20,1
105155,12,2
105156,15,1
105157,1,1
105157,12,2
105158,7,1
105159,14,1
105159,20,2
105160,6,1
105161,5,1
105162,11,1
105162,13,2
105163,18,1
105163,15,2
105164,6,1
105164,16,2
105165,17,1
105165,11,2
105166,19,1
105167,18,1
105167,5,2
105168,19,1
105169,3,1
105170,4,1
105171,1,1
105172,14,1
105172,7,2
105173,17,1
105173,12,2
105174,2,1
105174,14,2
105175,22,1
105175,17,2
105176,14,1
105177,17,1
105177,4,2
105178,6,1
105179,13,1
105180,22,1
105181,13,1
105182,12,1
105183,12,1
105183,19,2
105183,15,3
105184,11,1
105184,10,2
105185,1,1
105186,21,1
105187,15,1
105187,16,2
105188,5,1
105188,12,2
105189,10,1
105189,2,2
105189,6,3
105190,18,1
105191,17,1
105191,18,2
105192,21,1
105193,11,1
105193,17,2
105194,7,1
105195,17,1
105196,12,1
105197,21,1
105197,5,2
105198,1,1
105199,4,1
105200,10,1
105201,2,1
105202,10,1
105202,19,2
105203,13,1
105204,17,1
105205,14,1
105205,22,2
105206,3,1
105206,11,2
105207,21,1
105207,13,2
105208,3,1
105208,8,2
105208,21,3
105209,9,1
105210,21,1
105211,2,1
105212,10,1
105213,10,1
105214,21,1
105215,5,1
105215,21,2
105216,13,1
105217,19,1
105217,20,2
105218,21,1
105218,13,2
105219,10,1
105220,11,1
105220,14,2
105221,21,1
105221,17,2
105222,22,1
105222,8,2
105222,21,3
105223,18,1
105224,10,1
105225,6,1
105225,10,2
105226,17,1
105227,4,1
105227,16,2
105227,2,3
105228,8,1
105228,12,2
105229,10,1
105230,22,1
105230,6,2
105231,21,1
105232,20,1
105232,21,2
105233,14,1
105233,13,2
105234,22,1
105234,20,2
105235,2,1
105236,9,1
105236,12,2
105237,18,1
105238,18,1
105239,18,1
105239,14,2
105240,6,1
105240,11,2
105241,1,1
105242,13,1
105242,4,2
105243,2,1
105243,19,2
105244,15,1
105244,7,2
105245,1,1
105246,17,1
105246,4,2
105246,13,3
105247,18,1
105247,4,2
105247,8,3
105248,8,1
105248,21,2
105249,13,1
105249,20,2
105250,6,1
105251,12,1
105251,2,2
105252,9,1
105253,14,1
105254,5,1
105255,8,1
105256,12,1
105257,4,1
105258,13,1
105259,15,1
105259,13,2
105260,6,1
105261,19,1
105261,12,2
105262,21,1
105262,19,2
105262,10,3
105263,12,1
105263,2,2
105264,21,1
105264,19,2
105265,20,1
105265,15,2
105266,8,1
105267,3,1
105267,11,2
105268,4,1
105268,14,2
105269,9,1
105270,3,1
105271,9,1
105272,14,1
105273,9,1
105274,4,1
105275,14,1
105276,12,1
105277,17,1
105277,21,2
105278,14,1
105279,10,1
105279,12,2
105280,22,1
105281,19,1
105281,4,2
105282,15,1
105282,18,2
105283,20,1
105284,14,1
105284,5,2
105285,7,1
105286,7,1
105286,15,2
105287,13,1
105288,6,1
105288,10,2
105288,16,3
105289,1,1
105289,16,2
105290,22,1
105291,14,1
105292,9,1
105293,6,1
105294,4,1
105295,7,1
105296,11,1
105297,13,1
105298,7,1
105299,14,1
105300,3,1
105300,7,2
105301,4,1
105301,12,2
105302,1,1
105303,12,1
105303,9,2
105304,21,1
105304,12,2
105304,5,3
105305,11,1
105305,1,2
105306,18,1
105307,2,1
105307,17,2
105308,21,1
105308,17,2
105309,1,1
105309,15,2
105309,6,3
105310,5,1
105311,7,1
105312,22,1
105313,20,1
105314,17,1
105315,8,1
105315,5,2
105315,14,3
105316,15,1
105317,5,1
105318,5,1
105318,15,2
105319,14,1
105320,14,1
105321,11,1
105321,17,2
105322,4,1
105322,19,2
105323,10,1
105323,13,2
105324,15,1
105324,21,2
105325,10,1
105325,19,2
105326,19,1
105326,10,2
105327,20,1
105328,3,1
105329,16,1
105330,16,1
105331,13,1
105332,9,1
105333,20,1
105333,1,2
105334,11,1
105334,8,2
105335,14,1
105336,21,1
105336,17,2
105337,6,1
105338,3,1
105339,7,1
105340,16,1
105340,15,2
105341,11,1
105341,8,2
105342,7,1
105343,18,1
105343,8,2
105344,4,1
105345,22,1
105345,4,2
105346,4,1
105346,13,2
105347,18,1
105348,6,1
105348,8,2
105349,18,1
105350,4,1
105351,8,1
105351,17,2
105352,20,1
105352,21,2
105353,7,1
105353,3,2
105354,9,1
105355,22,1
105355,8,2
105356,18,1
105356,4,2
105357,8,1
105358,3,1
105359,19,1
105359,3,2
105360,13,1
105361,1,1
105361,17,2
105362,6,1
105363,13,1
105364,10,1
105365,5,1
105366,21,1
105367,5,1
105368,16,1
105369,20,1
105369,5,2
105370,11,1
105371,18,1
105372,5,1
105372,14,2
105372,21,3
105373,8,1
105374,14,1
105375,2,1
105376,2,1
105376,3,2
105377,16,1
105378,19,1
105378,16,2
105379,1,1
105379,13,2
105379,5,3
105380,17,1
105380,3,2
105381,20,1
105382,12,1
105383,14,1
105384,14,1
105384,12,2
105385,18,1
105386,18,1
105387,13,1
105388,22,1
105388,6,2
105389,2,1
105390,8,1
105391,7,1
105392,22,1
105393,3,1
105393,9,2
105393,7,3
105394,7,1
105394,20,2
105395,5,1
105396,2,1
105397,22,1
105398,13,1
105399,16,1
105399,1,2
105400,21,1
105400,10,2
105401,17,1
105401,11,2
105402,15,1
105402,20,2
105403,18,1
105403,17,2
105404,3,1
105404,8,2
105405,8,1
105406,11,1
105406,6,2
105407,7,1
105408,19,1
105409,22,1
105410,11,1
105411,4,1
105412,22,1
105413,8,1
105413,18,2
105414,10,1
105414,16,2
105415,12,1
105415,10,2
105416,3,1
105417,13,1
105417,10,2
105418,9,1
105419,2,1
105420,21,1
105421,19,1
105421,6,2
105422,9,1
105422,14,2
105423,14,1
105424,17,1
105424,8,2
105424,16,3
105425,12,1
105425,21,2
105426,21,1
105426,1,2
105427,11,1
105428,18,1
105428,16,2
105429,1,1
105430,16,1
105430,15,2
105431,20,1
105431,19,2
105431,2,3
105432,4,1
105432,15,2
105433,4,1
105433,21,2
105434,8,1
105434,12,2
105435,17,1
105435,1,2
105435,10,3
105436,8,1
105437,12,1
105438,19,1
105438,14,2
105439,4,1
105440,10,1
105441,3,1
105442,22,1
105442,7,2
105443,7,1
105443,11,2
105443,6,3
105444,14,1
105445,6,1
105446,13,1
105446,2,2
105447,7,1
105447,3,2
105448,9,1
105448,5,2
105448,13,3
105449,8,1
105450,13,1
105451,2,1
105452,5,1
105452,7,2
105453,3,1
105454,15,1
105455,19,1
105456,15,1
105457,9,1
105457,2,2
105457,11,3
105458,20,1
105458,22,2
105459,12,1
105459,1,2
105460,20,1
105460,1,2
105461,11,1
105462,15,1
105463,8,1
105463,21,2
105464,14,1
105465,12,1
105465,20,2
105465,3,3
105466,14,1
105467,6,1
105468,8,1
105469,1,1
105469,5,2
105470,17,1
105470,13,2
105471,4,1
105472,14,1
105473,14,1
105474,10,1
105475,7,1
105475,12,2
105476,15,1
105476,10,2
105477,10,1
105478,12,1
105478,16,2
105479,11,1
105480,5,1
105481,22,1
105481,20,2
105482,16,1
105482,22,2
105482,12,3
105483,4,1
105484,15,1
105485,17,1
105485,20,2
105485,4,3
105486,18,1
105487,4,1
105487,16,2
105488,11,1
105488,4,2
105488,3,3
105489,6,1
105490,4,1
105490,6,2
105491,17,1
105492,12,1
105493,14,1
105493,15,2
105494,22,1
105495,15,1
105495,3,2
105495,16,3
105496,9,1
105496,3,2
105497,1,1
105497,22,2
105498,20,1
105499,11,1
105500,18,1
105500,12,2
105501,1,1
105502,1,1
105503,21,1
105503,3,2
105504,13,1
105504,3,2
105504,15,3
105505,4,1
105506,2,1
105507,22,1
105508,7,1
105509,3,1
105509,22,2
105510,21,1
105510,3,2
105510,15,3
105511,8,1
105512,16,1
105512,19,2
105512,13,3
105513,14,1
105514,1,1
105515,3,1
105516,21,1
105516,11,2
105517,5,1
105518,2,1
105518,15,2
105519,5,1
105519,10,2
105520,14,1
105521,7,1
105521,9,2
105522,6,1
105522,10,2
105523,3,1
105523,4,2
105523,9,3
105524,16,1
105524,11,2
105525,22,1
105525,13,2
105526,5,1
105526,9,2
105526,17,3
105527,8,1
105528,2,1
105528,21,2
105528,14,3
105529,10,1
105529,5,2
105530,3,1
105530,14,2
105531,9,1
105531,13,2
105531,2,3
105532,20,1
105533,4,1
105533,21,2
105534,20,1
105534,5,2
105535,14,1
105536,5,1
105537,16,1
105538,9,1
105539,8,1
105540,14,1
105541,9,1
105541,19,2
105542,1,1
105542,14,2
105543,11,1
105544,10,1
105544,4,2
105545,7,1
105546,21,1
105547,8,1
105548,10,1
105548,21,2
105549,8,1
105550,22,1
105550,1,2
105551,18,1
105551,20,2
105551,22,3
105552,16,1
105553,19,1
105553,22,2
105554,15,1
105554,13,2
105555,18,1
105556,17,1
105556,8,2
105557,9,1
105557,4,2
105557,22,3
105558,9,1
105559,16,1
105559,10,2
105560,8,1
105560,9,2
105561,12,1
105561,21,2
105562,20,1
105562,16,2
105563,20,1
105564,4,1
105565,17,1
105565,12,2
105566,12,1
105567,3,1
105567,22,2
105568,16,1
105568,11,2
105569,1,1
105570,7,1
105570,16,2
105571,4,1
105572,20,1
105572,13,2
105573,15,1
105573,9,2
105574,20,1
105574,12,2
105575,1,1
105576,22,1
105577,2,1
105577,20,2
105577,12,3
105578,19,1
105578,5,2
105579,17,1
105579,9,2
105580,5,1
105581,17,1
105582,7,1
105583,20,1
105583,21,2
105584,10,1
105584,3,2
105585,21,1
105586,20,1
105587,9,1
105588,21,1
105589,13,1
105589,6,2
105590,17,1
105590,21,2
105591,20,1
105591,1,2
105592,18,1
105592,21,2
105593,17,1
105594,3,1
105594,4,2
105595,22,1
105596,15,1
105596,19,2
105597,5,1
105598,5,1
105598,6,2
105599,3,1
105600,13,1
105601,5,1
105601,12,2
105602,7,1
105603,12,1
105603,14,2
105604,6,1
105605,4,1
105605,9,2
105606,9,1
105607,16,1
105607,21,2
105608,7,1
105608,5,2
105609,21,1
105610,16,1
105610,9,2
105611,4,1
105612,10,1
105612,5,2
105613,9,1
105614,15,1
105615,16,1
105615,9,2
105616,21,1
105617,3,1
105617,20,2
105618,10,1
105618,5,2
105619,22,1
105620,19,1
105621,11,1
105622,21,1
105623,1,1
105623,19,2
105624,22,1
105625,16,1
105625,20,2
105626,20,1
105626,8,2
105627,22,1
105628,16,1
105628,7,2
105629,12,1
105630,8,1
105631,21,1
105631,4,2
105632,22,1
105633,3,1
105633,5,2
105634,3,1
105634,8,2
105635,4,1
105636,21,1
105636,3,2
105637,7,1
105638,1,1
105639,7,1
105640,22,1
105641,9,1
105642,19,1
105643,17,1
105644,10,1
105644,4,2
105645,5,1
105646,5,1
105646,6,2
105647,6,1
105648,18,1
105648,16,2
105649,17,1
105649,11,2
105650,16,1
105650,2,2
105651,19,1
105651,10,2
105651,7,3
105652,4,1
105652,8,2
105653,17,1
105653,12,2
105654,15,1
105654,17,2
105655,20,1
105656,8,1
105657,4,1
105657,14,2
105657,18,3
105658,13,1
105659,17,1
105659,1,2
105660,20,1
105660,7,2
105661,12,1
105662,8,1
105663,15,1
105664,10,1
105664,9,2
105665,18,1
105665,8,2
105666,7,1
105666,15,2
105667,21,1
105667,15,2
105668,8,1
105668,18,2
105669,8,1
105670,15,1
105670,2,2
105671,19,1
105671,9,2
105672,10,1
105673,11,1
105673,10,2
105674,16,1
105675,1,1
105675,11,2
105676,12,1
105676,11,2
105676,21,3
105677,17,1
105677,5,2
105677,7,3
105678,18,1
105678,4,2
105678,22,3
105679,17,1
105680,18,1
105681,19,1
105681,21,2
105682,17,1
105682,11,2
105683,5,1
105684,18,1
105684,9,2
105685,19,1
105685,18,2
105686,11,1
105686,17,2
105687,12,1
105687,8,2
105688,12,1
105689,10,1
105690,8,1
105691,2,1
105692,1,1
105693,14,1
105694,16,1
105694,2,2
105695,22,1
105695,13,2
105696,8,1
105697,19,1
105698,3,1
105698,14,2
105699,4,1
105699,19,2
105700,8,1
105701,8,1
105702,4,1
105702,7,2
105703,2,1
105704,16,1
105705,15,1
105705,1,2
105706,7,1
105706,16,2
105707,21,1
105707,7,2
105708,4,1
105709,19,1
105709,5,2
105710,1,1
105710,10,2
105711,12,1
105711,17,2
105711,5,3
105712,5,1
105713,13,1
105713,6,2
105714,15,1
105714,10,2
105715,14,1
105716,16,1
105716,8,2
105717,11,1
105718,14,1
105719,5,1
105719,19,2
105719,22,3
105720,11,1
105720,8,2
105721,15,1
105722,4,1
105722,5,2
105723,15,1
105724,2,1
105724,20,2
105724,12,3
105725,22,1
105726,1,1
105726,8,2
105726,11,3
105727,11,1
105727,1,2
105728,18,1
105728,4,2
105728,19,3
105729,14,1
105729,18,2
105730,9,1
105730,11,2
105731,15,1
105732,18,1
105732,3,2
105732,15,3
105733,6,1
105734,11,1
105735,21,1
105736,3,1
105737,12,1
105737,22,2
105737,11,3
105738,9,1
105739,6,1
105740,13,1
105741,11,1
105741,20,2
105742,22,1
105742,8,2
105743,1,1
105744,9,1
105745,3,1
105745,10,2
105746,12,1
105746,21,2
105747,13,1
105747,21,2
105748,19,1
105749,9,1
105750,9,1
105750,14,2
105751,17,1
105752,2,1
105753,10,1
105754,10,1
105755,9,1
105755,12,2
105756,15,1
105757,7,1
105758,18,1
105759,12,1
105759,6,2
105760,1,1
105761,18,1
105762,5,1
105762,10,2
105763,5,1
105764,14,1
105765,7,1
105766,16,1
105766,20,2
105767,3,1
105768,17,1
105769,22,1
105770,13,1
105770,12,2
105771,22,1
105772,18,1
105773,12,1
105773,19,2
105774,1,1
105775,4,1
105776,1,1
105777,3,1
105778,9,1
105778,3,2
105779,22,1
105779,9,2
105780,16,1
105780,22,2
105781,7,1
105782,4,1
105782,21,2
105783,8,1
105784,6,1
105784,8,2
105785,15,1
105786,2,1
105787,10,1
105788,4,1
105788,14,2
105788,17,3
105789,10,1
105790,19,1
105791,12,1
105792,21,1
105792,17,2
105793,6,1
105793,9,2
105794,3,1
105794,22,2
105795,6,1
105795,17,2
105796,3,1
105796,8,2
105797,21,1
105797,5,2
105798,22,1
105799,16,1
105799,20,2
105800,6,1
105800,19,2
105801,11,1
105802,3,1
105802,9,2
105802,10,3
105803,19,1
105803,10,2
105803,1,3
105804,19,1
105804,22,2
105805,11,1
105806,18,1
105806,9,2
105807,8,1
105807,19,2
105808,10,1
105809,17,1
105809,16,2
105810,21,1
105810,16,2
105811,16,1
105811,13,2
105812,22,1
105812,16,2
105813,9,1
105814,16,1
105814,7,2
105815,2,1
105816,9,1
105817,12,1
105817,4,2
105818,18,1
105818,15,2
105819,5,1
105820,19,1
105820,15,2
105821,14,1
105822,14,1
105822,13,2
105823,20,1
105823,3,2
105824,20,1
105824,7,2
105825,6,1
105825,13,2
105826,5,1
105826,11,2
105827,21,1
105827,20,2
105828,15,1
105829,19,1
105830,1,1
105830,17,2
105831,14,1
105831,15,2
105832,4,1
105833,12,1
105834,14,1
105834,7,2
105835,19,1
105835,21,2
105836,14,1
105836,16,2
105837,10,1
105838,15,1
105838,16,2
105839,4,1
105839,9,2
105839,2,3
105840,15,1
105841,15,1
105841,2,2
105842,12,1
105843,1,1
105843,3,2
105843,12,3
105844,10,1
105845,10,1
105846,20,1
105847,18,1
105847,11,2
105848,11,1
105849,13,1
105850,7,1
105850,16,2
105850,9,3
105851,9,1
105851,18,2
105851,12,3
105852,11,1
105853,21,1
105853,16,2
105854,22,1
105855,8,1
105856,9,1
105856,6,2
105857,11,1
105858,19,1
105859,7,1
105859,1,2
105860,6,1
105860,16,2
105861,16,1
105861,5,2
105861,17,3
105862,5,1
105862,16,2
105863,11,1
105864,18,1
105864,16,2
105865,18,1
105866,9,1
105866,6,2
105867,21,1
105867,14,2
105868,1,1
105868,8,2
105869,14,1
105870,18,1
105870,1,2
105871,6,1
105871,15,2
105872,10,1
105873,6,1
105874,20,1
105874,10,2
105875,12,1
105876,16,1
105877,13,1
105877,4,2
105878,8,1
105879,15,1
105880,9,1
105880,5,2
105881,4,1
105882,10,1
105883,3,1
105883,19,2
105884,7,1
105885,14,1
105885,19,2
105885,11,3
105886,22,1
105887,6,1
105888,6,1
105889,4,1
105890,3,1
105891,20,1
105892,2,1
105893,17,1
105893,5,2
105894,16,1
105895,1,1
105895,17,2
105896,7,1
105897,10,1
105897,19,2
105898,7,1
105899,16,1
105899,10,2
105899,8,3
105900,14,1
105901,6,1
105901,9,2
105902,4,1
105902,18,2
105903,13,1
105904,21,1
105904,12,2
105905,20,1
105905,4,2
105906,6,1
105907,10,1
105907,14,2
105908,2,1
105908,8,2
105909,4,1
105910,18,1
105910,15,2
105911,4,1
105911,9,2
105911,14,3
105912,19,1
105912,12,2
105912,4,3
105913,21,1
105913,5,2
105913,1,3
105914,8,1
105914,19,2
105915,2,1
105915,12,2
105916,13,1
105916,14,2
105917,21,1
105917,19,2
105918,7,1
105919,10,1
105919,7,2
105920,7,1
105920,16,2
105921,22,1
105922,10,1
105922,6,2
105923,10,1
105923,13,2
105924,16,1
105925,21,1
105926,11,1
105926,2,2
105927,1,1
105927,6,2
105928,16,1
105928,5,2
105929,3,1
105929,15,2
105930,3,1
105930,13,2
105931,2,1
105932,11,1
105932,12,2
105932,7,3
105933,15,1
105934,5,1
105934,9,2
105935,21,1
105935,10,2
105936,17,1
105936,8,2
105937,5,1
105937,13,2
105938,15,1
105938,16,2
105938,19,3
105939,17,1
105939,22,2
105940,9,1
105940,20,2
105941,6,1
105942,14,1
105942,15,2
105943,16,1
105944,16,1
105944,18,2
105945,20,1
105946,10,1
105947,13,1
105948,6,1
105948,20,2
105949,20,1
105950,13,1
105950,11,2
105950,6,3
105951,10,1
105951,4,2
105952,16,1
105952,8,2
105953,17,1
105954,1,1
105955,9,1
105956,1,1
105957,4,1
105958,5,1
105958,20,2
105959,9,1
105959,8,2
105960,8,1
105960,15,2
105961,6,1
105962,15,1
105963,4,1
105963,10,2
105964,8,1
105964,12,2
105965,3,1
105966,12,1
105966,7,2
105967,22,1
105967,3,2
105968,4,1
105969,17,1
105969,10,2
105970,15,1
105971,3,1
105971,8,2
105972,2,1
105973,3,1
105973,22,2
105974,9,1
105974,19,2
105975,15,1
105976,1,1
105977,8,1
105977,1,2
105978,4,1
105979,15,1
105979,7,2
105980,8,1
105981,16,1
105981,21,2
105982,3,1
105982,1,2
105983,10,1
105984,14,1
105984,6,2
105985,18,1
105986,6,1
105986,22,2
105987,1,1
105987,14,2
105988,17,1
105989,9,1
105990,19,1
105990,14,2
105991,2,1
105991,6,2
105991,21,3
105992,3,1
105993,9,1
105993,8,2
105993,11,3
105994,2,1
105994,9,2
105995,3,1
105995,18,2
105996,1,1
105996,2,2
105997,11,1
105997,2,2
105997,3,3
105998,8,1
105998,3,2
105999,19,1
105999,11,2
106000,21,1
106000,14,2
106001,5,1
106002,20,1
106002,7,2
106003,9,1
106003,16,2
106004,20,1
106004,14,2
106004,2,3
106005,9,1
106005,17,2
106006,11,1
106006,13,2
106007,16,1
106008,9,1
106009,10,1
106010,9,1
106011,13,1
106011,19,2
106012,22,1
106012,17,2
106013,4,1
106014,16,1
106014,11,2
106015,4,1
106015,17,2
106016,16,1
106017,4,1
106018,18,1
106019,4,1
106019,13,2
106020,18,1
106021,3,1
106022,22,1
106022,11,2
106023,16,1
106024,6,1
106025,18,1
106026,11,1
106027,9,1
106027,10,2
106028,10,1
106029,9,1
106029,5,2
106030,9,1
106030,5,2
106031,16,1
106031,21,2
106032,18,1
106033,12,1
106034,3,1
106034,11,2
106035,8,1
106035,15,2
106036,22,1
106036,14,2
106037,6,1
106037,14,2
106037,17,3
106038,20,1
106039,15,1
106039,2,2
106039,10,3
106040,3,1
106041,19,1
106042,4,1
106042,10,2
106043,1,1
106044,13,1
106045,3,1
106045,15,2
106046,2,1
106046,14,2
106047,9,1
106047,8,2
106048,19,1
106049,22,1
106050,20,1
106050,21,2
106050,15,3
106051,4,1
106052,11,1
106052,9,2
106053,15,1
106054,11,1
106054,2,2
106055,16,1
106056,3,1
106057,15,1
106057,12,2
106058,4,1
106058,18,2
106059,1,1
106059,15,2
106060,18,1
106060,9,2
106060,6,3
106061,12,1
106061,15,2
106062,17,1
106063,16,1
106063,2,2
106064,16,1
106065,3,1
106066,6,1
106066,18,2
106067,10,1
106067,19,2
106068,9,1
106068,7,2
106069,21,1
106070,5,1
106070,4,2
106071,15,1
106072,12,1
106072,20,2
106072,16,3
106073,7,1
106073,14,2
106074,15,1
106074,9,2
106074,2,3
106075,22,1
106075,19,2
106076,22,1
106077,12,1
106077,19,2
106078,9,1
106078,10,2
106079,21,1
106079,13,2
106080,18,1
106080,1,2
106081,22,1
106082,11,1
106082,13,2
106083,2,1
106083,18,2
106084,4,1
106085,18,1
106085,2,2
106086,16,1
106087,2,1
106087,3,2
106088,21,1
106088,6,2
106089,21,1
106089,13,2
106090,15,1
106090,2,2
106091,12,1
106092,20,1
106092,12,2
106092,4,3
106093,13,1
106094,13,1
106095,14,1
106095,5,2
106096,13,1
106096,12,2
106096,18,3
106097,7,1
106097,13,2
106098,2,1
106098,5,2
106099,8,1
106099,13,2
106100,7,1
106100,5,2
106101,20,1
106101,5,2
106102,9,1
106103,18,1
106104,1,1
106104,13,2
106104,20,3
106105,20,1
106106,15,1
106107,21,1
106107,18,2
106108,4,1
106108,18,2
106109,21,1
106109,10,2
106109,4,3
106110,2,1
106110,21,2
106111,13,1
106112,10,1
106113,8,1
106113,19,2
106114,1,1
106115,9,1
106115,14,2
106116,11,1
106117,14,1
106117,1,2
106118,20,1
106118,21,2
106119,2,1
106119,13,2
106120,22,1
106121,12,1
106122,1,1
106122,10,2
106123,20,1
106124,21,1
106124,11,2
106124,18,3
106125,2,1
106125,9,2
106126,5,1
106127,17,1
106127,19,2
106128,15,1
106129,12,1
106130,7,1
106131,2,1
106132,21,1
106133,4,1
106133,20,2
106134,11,1
106134,16,2
106135,16,1
106136,18,1
106137,1,1
106137,18,2
106138,16,1
106139,13,1
106140,6,1
106141,1,1
106141,15,2
106142,11,1
106143,1,1
106144,5,1
106145,12,1
106145,3,2
106145,11,3
106146,2,1
106146,4,2
106147,6,1
106148,3,1
106149,15,1
106150,16,1
106150,22,2
106151,12,1
106151,1,2
106152,4,1
106152,7,2
106153,20,1
106153,4,2
106153,17,3
106154,3,1
106154,17,2
106155,3,1
106156,4,1
106156,5,2
106157,1,1
106158,21,1
106158,2,2
106159,12,1
106159,3,2
106159,11,3
106160,20,1
106161,7,1
106161,5,2
106161,16,3
106162,20,1
106163,13,1
106164,19,1
106164,9,2
106165,17,1
106166,20,1
106167,19,1
106168,22,1
106168,12,2
106168,6,3
106169,20,1
106169,2,2
106170,2,1
106171,7,1
106172,2,1
106173,5,1
106174,4,1
106175,7,1
106176,10,1
106176,20,2
106177,21,1
106178,3,1
106179,14,1
106179,13,2
106180,7,1
106180,14,2
106181,14,1
106182,7,1
106183,10,1
106184,11,1
106184,20,2
106185,9,1
106185,12,2
106185,14,3
106186,4,1
106186,12,2
106187,18,1
106188,4,1
106188,10,2
106189,8,1
106190,4,1
106190,18,2
106191,18,1
106192,14,1
106192,8,2
106193,22,1
106194,5,1
106194,7,2
106195,5,1
106196,7,1
106196,8,2
106197,17,1
106197,21,2
106198,4,1
106198,22,2
106199,1,1
106199,5,2
106200,20,1
106201,22,1
106201,5,2
106202,9,1
106202,1,2
106203,10,1
106204,18,1
106205,13,1
106205,14,2
106205,17,3
106206,2,1
106207,21,1
106207,5,2
106208,6,1
106209,16,1
106210,20,1
106210,14,2
106211,7,1
106211,14,2
106211,17,3
106212,7,1
106213,16,1
106213,7,2
106213,17,3
106214,18,1
106215,5,1
106215,7,2
106216,2,1
106217,1,1
106217,3,2
106218,19,1
106218,18,2
106219,15,1
106220,21,1
106220,22,2
106221,4,1
106222,13,1
106222,5,2
106223,19,1
106224,21,1
106224,14,2
106225,13,1
106225,15,2
106226,22,1
106226,6,2
106227,21,1
106227,3,2
106228,18,1
106228,19,2
106229,1,1
106230,13,1
106231,17,1
106231,22,2
106232,3,1
106232,6,2
106233,2,1
106233,10,2
106234,6,1
106234,12,2
106235,22,1
106236,11,1
106237,1,1
106237,14,2
106238,3,1
106238,22,2
106239,5,1
106240,10,1
106241,20,1
106242,15,1
106242,20,2
106243,7,1
106244,18,1
106245,7,1
106246,1,1
106247,12,1
106247,9,2
106248,17,1
106249,18,1
106249,19,2
106249,2,3
106250,9,1
106250,18,2
106250,8,3
106251,14,1
106252,11,1
106252,18,2
106253,15,1
106254,21,1
106254,5,2
106254,13,3
106255,4,1
106256,22,1
106257,1,1
106257,14,2
106257,10,3
106258,21,1
106259,19,1
106259,16,2
106260,10,1
106260,8,2
106261,17,1
106261,16,2
106262,1,1
106262,7,2
106263,6,1
106264,21,1
106264,11,2
106264,8,3
106265,5,1
106266,17,1
106267,1,1
106267,10,2
106268,3,1
106268,11,2
106268,16,3
106269,21,1
106269,4,2
106270,15,1
106271,3,1
106272,6,1
106273,4,1
106273,16,2
106273,22,3
106274,5,1
106275,20,1
106276,9,1
106276,8,2
106277,4,1
106278,18,1
106278,6,2
106279,2,1
106280,20,1
106281,14,1
106282,17,1
106283,1,1
106284,15,1
106284,17,2
106284,9,3
106285,13,1
106285,9,2
106286,4,1
106286,11,2
106287,10,1
106288,13,1
106289,20,1
106290,16,1
106290,17,2
106291,14,1
106291,11,2
106292,11,1
106292,22,2
106293,5,1
106293,9,2
106294,14,1
106295,6,1
106296,19,1
106296,20,2
106297,15,1
106298,14,1
106299,9,1
106300,22,1
106301,11,1
106302,9,1
106302,4,2
106302,8,3
106303,15,1
106303,8,2
106304,22,1
106304,18,2
106305,8,1
106305,20,2
106306,7,1
106307,22,1
106307,20,2
106308,5,1
106308,12,2
106309,9,1
106309,14,2
106310,14,1
106310,6,2
106311,14,1
106311,3,2
106312,12,1
106313,16,1
106314,18,1
106315,10,1
106316,21,1
106317,10,1
106317,19,2
106317,6,3
106318,16,1
106319,12,1
106320,13,1
106321,3,1
106322,14,1
106323,10,1
106324,21,1
106324,2,2
106325,14,1
106325,3,2
106326,2,1
106327,3,1
106327,1,2
106328,4,1
106329,12,1
106330,19,1
106330,11,2
106331,10,1
106332,8,1
106332,2,2
106332,4,3
106333,17,1
106334,13,1
106334,5,2
106335,16,1
106335,10,2
106336,21,1
106336,6,2
106337,1,1
106337,21,2
106338,5,1
106339,22,1
106340,17,1
106340,15,2
106341,7,1
106341,2,2
106342,7,1
106342,6,2
106343,13,1
106344,13,1
106345,4,1
106345,2,2
106346,2,1
106346,21,2
106347,22,1
106347,13,2
106348,3,1
106348,4,2
106349,3,1
106349,7,2
106350,9,1
106350,1,2
106351,12,1
106351,2,2
106352,14,1
106352,9,2
106352,6,3
106353,15,1
106354,9,1
106354,8,2
106354,10,3
106355,21,1
106355,10,2
106356,14,1
106356,11,2
106357,14,1
106358,12,1
106358,2,2
106359,7,1
106359,10,2
106360,16,1
106360,22,2
106361,3,1
106361,14,2
106362,17,1
106363,19,1
106364,7,1
106364,18,2
106365,16,1
106365,11,2
106366,21,1
106367,16,1
106367,11,2
106368,6,1
106368,2,2
106369,3,1
106370,11,1
106370,6,2
106371,17,1
106371,6,2
106371,8,3
106372,4,1
106373,9,1
106374,1,1
106374,22,2
106375,5,1
106376,16,1
106376,15,2
106377,10,1
106377,21,2
106378,8,1
106378,5,2
106379,10,1
106379,12,2
106380,17,1
106380,14,2
106381,16,1
106381,21,2
106381,10,3
106382,2,1
106382,10,2
106383,16,1
106383,15,2
106383,5,3
106384,21,1
106385,9,1
106385,20,2
106386,17,1
106386,7,2
106387,10,1
106387,4,2
106388,1,1
106388,14,2
106389,22,1
106390,1,1
106390,2,2
106391,15,1
106391,18,2
106392,6,1
106393,6,1
106393,19,2
106394,3,1
106394,13,2
106395,5,1
106395,4,2
106396,5,1
106397,17,1
106398,20,1
106399,2,1
106400,6,1
106400,10,2
106400,17,3
106401,1,1
106401,11,2
106402,16,1
106402,19,2
106403,3,1
106403,12,2
106404,17,1
106404,9,2
106405,22,1
106406,13,1
106406,12,2
106406,4,3
106407,8,1
106407,10,2
106408,9,1
106409,15,1
106410,17,1
106410,1,2
106411,21,1
106412,8,1
106413,20,1
106413,21,2
106414,11,1
106415,18,1
106415,21,2
106415,9,3
106416,20,1
106416,1,2
106417,7,1
106417,4,2
106418,6,1
106419,4,1
106420,6,1
106420,13,2
106421,5,1
106422,22,1
106423,11,1
106423,9,2
106424,16,1
106425,17,1
106425,19,2
106425,7,3
106426,21,1
106426,15,2
106427,2,1
106428,1,1
106429,20,1
106430,21,1
106431,21,1
106431,13,2
106432,13,1
106432,22,2
106432,7,3
106433,13,1
106434,9,1
106435,7,1
106435,5,2
106436,15,1
106437,16,1
106438,2,1
106438,9,2
106439,2,1
106439,16,2
106440,21,1
106440,8,2
106441,17,1
106442,22,1
106442,11,2
106443,21,1
106444,19,1
106445,7,1
106445,13,2
106446,4,1
106446,17,2
106447,9,1
106448,22,1
106449,18,1
106449,22,2
106450,17,1
106451,15,1
106451,19,2
106451,5,3
106452,13,1
106452,5,2
106453,1,1
106453,4,2
106454,12,1
106455,20,1
106456,11,1
106456,6,2
106457,10,1
106457,15,2
106458,18,1
106458,16,2
106459,12,1
106459,21,2
106459,11,3
106460,7,1
106460,3,2
106461,15,1
106461,19,2
106461,8,3
106462,22,1
106463,10,1
106464,11,1
106464,13,2
106465,20,1
106465,14,2
106466,15,1
106466,13,2
106467,2,1
106468,1,1
106469,2,1
106469,6,2
106470,14,1
106470,10,2
106471,19,1
106471,12,2
106472,17,1
106472,22,2
106473,15,1
106473,2,2
106473,1,3
106474,21,1
106475,11,1
106476,21,1
106477,21,1
106478,7,1
106478,4,2
106479,1,1
106479,11,2
106480,16,1
106480,13,2
106481,7,1
106481,6,2
106481,18,3
106482,19,1
106483,22,1
106483,6,2
106484,16,1
106484,10,2
106485,13,1
106485,6,2
106486,17,1
106487,16,1
106487,11,2
106488,3,1
106489,12,1
106489,6,2
106490,7,1
106490,18,2
106491,22,1
106491,1,2
106492,15,1
106493,4,1
106493,10,2
106494,10,1
106494,9,2
106495,9,1
106495,4,2
106496,19,1
106496,13,2
106497,11,1
106497,22,2
106498,21,1
106498,13,2
106499,9,1
106500,18,1
106500,9,2
106501,19,1
106502,5,1
106502,16,2
106502,15,3
106503,3,1
106503,12,2
106503,15,3
106504,8,1
106504,22,2
106505,17,1
106505,11,2
106506,15,1
106507,22,1
106508,18,1
106509,3,1
106510,4,1
106510,1,2
106511,3,1
106511,21,2
106511,18,3
106512,5,1
106513,16,1
106513,12,2
106513,19,3
106514,9,1
106515,12,1
106515,14,2
106516,3,1
106517,13,1
106517,15,2
106518,1,1
106518,3,2
106519,2,1
106519,9,2
106520,1,1
106521,1,1
106521,6,2
106522,12,1
106523,13,1
106524,15,1
106524,12,2
106525,21,1
106526,13,1
106526,12,2
106527,7,1
106527,5,2
106528,16,1
106528,10,2
106529,2,1
106530,14,1
106531,20,1
106531,1,2
106532,5,1
106532,8,2
106533,20,1
106534,14,1
106534,6,2
106535,16,1
106536,14,1
106536,4,2
106537,11,1
106537,8,2
106538,15,1
106538,8,2
106539,1,1
106539,11,2
106540,10,1
106541,20,1
106542,16,1
106543,3,1
106543,21,2
106544,14,1
106544,5,2
106545,2,1
106545,19,2
106546,13,1
106546,4,2
106547,2,1
106548,2,1
106549,4,1
106550,2,1
106551,15,1
106552,19,1
106553,4,1
106554,22,1
106555,21,1
106555,22,2
106556,20,1
106557,7,1
106558,19,1
106559,14,1
106559,15,2
106559,2,3
106560,20,1
106560,13,2
106561,18,1
106561,15,2
106562,14,1
106563,5,1
106563,20,2
106564,17,1
106564,8,2
106565,22,1
106566,18,1
106566,17,2
106567,16,1
106568,19,1
106569,17,1
106569,5,2
106570,7,1
106571,20,1
106572,17,1
106573,18,1
106573,22,2
106574,6,1
106575,9,1
106576,6,1
106576,8,2
106576,1,3
106577,2,1
106577,19,2
106578,3,1
106578,11,2
106579,11,1
106580,12,1
106580,1,2
106581,7,1
106582,7,1
106582,13,2
106583,5,1
106584,3,1
106584,11,2
106585,17,1
106586,9,1
106586,1,2
106586,18,3
106587,18,1
106588,10,1
106589,13,1
106589,10,2
106590,21,1
106590,4,2
106590,8,3
106591,14,1
106592,2,1
106592,19,2
106593,21,1
106594,7,1
106595,12,1
106595,19,2
106596,8,1
106597,18,1
106598,8,1
106599,21,1
106600,3,1
106600,12,2
106601,3,1
106602,13,1
106602,19,2
106603,1,1
106603,9,2
106604,20,1
106604,2,2
106605,10,1
106606,9,1
106607,12,1
106608,18,1
106608,3,2
106609,20,1
106610,20,1
106610,9,2
106611,16,1
106611,18,2
106612,3,1
106612,21,2
106613,20,1
106613,22,2
106613,6,3
106614,18,1
106615,1,1
106615,20,2
106616,14,1
106616,22,2
106617,14,1
106618,17,1
106618,3,2
106619,10,1
106619,3,2
106620,21,1
106621,13,1
106622,16,1
106623,22,1
106623,5,2
106624,9,1
106624,6,2
106625,14,1
106625,16,2
106625,2,3
106626,1,1
106626,11,2
106627,12,1
106627,18,2
106628,22,1
106629,20,1
106630,16,1
106630,22,2
106631,11,1
106631,16,2
106632,1,1
106633,2,1
106634,12,1
106635,17,1
106636,3,1
106636,15,2
106637,18,1
106638,6,1
106638,5,2
106639,20,1
106639,10,2
106640,15,1
106640,14,2
106641,4,1
106642,19,1
106642,12,2
106643,7,1
106643,6,2
106644,3,1
106644,20,2
106644,19,3
106645,1,1
106646,13,1
106647,9,1
106648,5,1
106648,15,2
106648,16,3
106649,16,1
106649,2,2
106650,19,1
106650,10,2
106651,6,1
106651,14,2
106652,8,1
106652,20,2
106653,12,1
106653,9,2
106654,9,1
106655,6,1
106656,17,1
106657,4,1
106657,11,2
106658,11,1
106658,16,2
106659,9,1
106660,22,1
106660,12,2
106661,4,1
106661,7,2
106662,12,1
106662,8,2
106663,7,1
106664,1,1
106665,7,1
106665,20,2
106666,4,1
106666,15,2
106667,6,1
106668,5,1
106668,22,2
106669,8,1
106669,5,2
106669,9,3
106670,5,1
106671,7,1
106672,16,1
106672,19,2
106673,11,1
106673,14,2
106674,1,1
106675,8,1
106675,12,2
106676,14,1
106677,11,1
106677,17,2
106678,10,1
106679,6,1
106679,20,2
106680,2,1
106680,16,2
106681,18,1
106681,6,2
106682,6,1
106682,12,2
106683,17,1
106683,15,2
106684,19,1
106684,7,2
106685,15,1
106685,1,2
106686,6,1
106686,21,2
106687,17,1
106687,15,2
106688,13,1
106688,1,2
106689,12,1
106689,18,2
106690,22,1
106691,5,1
106692,22,1
106692,3,2
106693,15,1
106693,12,2
106693,1,3
106694,12,1
106695,5,1
106696,15,1
106696,1,2
106697,7,1
106697,10,2
106697,4,3
106698,10,1
106698,15,2
106699,11,1
106700,18,1
106700,17,2
106701,14,1
106701,7,2
106702,3,1
106702,8,2
106703,19,1
106703,18,2
106703,16,3
106704,1,1
106705,11,1
106705,8,2
106706,18,1
106706,19,2
106707,3,1
106707,6,2
106708,21,1
106708,8,2
106709,20,1
106709,13,2
106709,11,3
106710,12,1
106711,21,1
106711,16,2
106712,13,1
106712,9,2
106713,11,1
106713,4,2
106714,11,1
106715,5,1
106715,6,2
106715,1,3
106716,22,1
106716,7,2
106717,14,1
106717,9,2
106718,5,1
106718,19,2
106719,13,1
106719,4,2
106720,2,1
106721,18,1
106722,13,1
106722,2,2
106723,14,1
106723,19,2
106723,21,3
106724,20,1
106725,3,1
106726,13,1
106727,17,1
106727,7,2
106728,5,1
106728,20,2
106729,13,1
106730,19,1
106731,13,1
106731,1,2
106732,6,1
106733,12,1
106733,16,2
106734,4,1
106734,2,2
106735,21,1
106736,1,1
106737,20,1
106738,21,1
106739,6,1
106739,11,2
106740,22,1
106740,19,2
106741,10,1
106742,7,1
106743,18,1
106744,20,1
106744,19,2
106745,1,1
106745,22,2
106746,18,1
106746,17,2
106746,13,3
106747,17,1
106747,3,2
106748,1,1
106749,10,1
106750,6,1
106750,7,2
106751,1,1
106751,8,2
106752,14,1
106752,17,2
106753,21,1
106754,18,1
106755,10,1
106755,9,2
106756,9,1
106756,7,2
106757,16,1
106757,5,2
106758,7,1
106758,6,2
106759,16,1
106760,14,1
106760,7,2
106760,18,3
106761,8,1
106761,3,2
106762,3,1
106762,22,2
106763,2,1
106763,10,2
106763,8,3
106764,10,1
106764,8,2
106765,19,1
106766,19,1
106766,16,2
106766,11,3
106767,13,1
106767,17,2
106767,9,3
106768,18,1
106769,2,1
106770,17,1
106771,16,1
106771,9,2
106772,20,1
106773,8,1
106774,6,1
106775,12,1
106775,20,2
106775,15,3
106776,1,1
106777,5,1
106778,4,1
106778,5,2
106779,17,1
106780,1,1
106781,8,1
106782,16,1
106782,11,2
106783,18,1
106783,3,2
106784,18,1
106784,11,2
106785,6,1
106785,1,2
106786,1,1
106787,4,1
106787,13,2
106788,15,1
106789,13,1
106790,19,1
106791,19,1
106792,4,1
106793,1,1
106793,3,2
106793,15,3
106794,6,1
106794,11,2
106795,13,1
106796,6,1
106796,5,2
106797,21,1
106798,7,1
106799,2,1
106799,6,2
106800,19,1
106801,18,1
106801,3,2
106802,10,1
106802,1,2
106803,9,1
106804,13,1
106805,8,1
106806,2,1
106806,15,2
106807,16,1
106807,6,2
106808,10,1
106809,19,1
106810,1,1
106810,14,2
106810,7,3
106811,12,1
106811,8,2
106812,7,1
106813,4,1
106814,6,1
106814,14,2
106814,5,3
106815,3,1
106816,19,1
106817,4,1
106818,2,1
106818,12,2
106819,11,1
106819,4,2
106820,22,1
106821,19,1
106822,7,1
106823,19,1
106824,5,1
106824,10,2
106825,16,1
106825,10,2
106825,3,3
106826,7,1
106826,11,2
106827,22,1
106827,14,2
106828,8,1
106829,2,1
106830,13,1
106831,17,1
106832,12,1
106832,16,2
106832,9,3
106833,20,1
106834,11,1
106835,1,1
106835,18,2
106836,13,1
106837,13,1
106838,2,1
106838,3,2
106839,14,1
106839,17,2
106840,4,1
106841,12,1
106842,1,1
106843,9,1
106844,12,1
106844,17,2
106845,10,1
106845,13,2
106846,10,1
106846,21,2
106847,4,1
106848,21,1
106848,20,2
106849,7,1
106850,4,1
106851,12,1
106852,17,1
106853,20,1
106853,1,2
106854,1,1
106855,4,1
106855,16,2
106856,2,1
106856,15,2
106857,4,1
106857,19,2
106857,6,3
106858,15,1
106859,12,1
106860,9,1
106860,13,2
106861,13,1
106862,22,1
106862,5,2
106863,17,1
106863,21,2
106864,7,1
106864,20,2
106864,22,3
106865,14,1
106866,21,1
106866,18,2
106867,21,1
106867,16,2
106868,6,1
106868,1,2
106869,1,1
106870,18,1
106871,3,1
106871,1,2
106871,8,3
106872,22,1
106873,10,1
106874,10,1
106874,3,2
106875,5,1
106876,16,1
106876,4,2
106877,19,1
106877,15,2
106878,11,1
106878,7,2
106878,3,3
106879,12,1
106879,19,2
106880,1,1
106881,2,1
106881,5,2
106881,21,3
106882,1,1
106882,14,2
106883,12,1
106883,10,2
106884,11,1
106885,9,1
106886,15,1
106887,19,1
106887,9,2
106888,21,1
106889,20,1
106890,17,1
106891,9,1
106891,11,2
106891,2,3
106892,4,1
106892,9,2
106893,22,1
106893,10,2
106894,5,1
106895,14,1
106895,1,2
106896,4,1
106897,14,1
106897,1,2
106898,12,1
106899,11,1
106900,7,1
106900,22,2
106901,7,1
106901,9,2
106902,15,1
106902,14,2
106903,6,1
106904,19,1
106904,12,2
106905,3,1
106906,9,1
106906,22,2
106907,13,1
106908,15,1
106909,12,1
106909,18,2
106910,6,1
106911,15,1
106911,7,2
106912,7,1
106912,20,2
106913,20,1
106913,21,2
106914,1,1
106914,18,2
106915,19,1
106916,22,1
106917,14,1
106917,4,2
106917,5,3
106918,13,1
106918,10,2
106919,14,1
106920,16,1
106920,13,2
106921,18,1
106922,13,1
106922,6,2
106923,2,1
106924,12,1
106924,2,2
106925,3,1
106925,21,2
106926,10,1
106926,8,2
106927,19,1
106927,5,2
106928,1,1
106929,19,1
106929,6,2
106930,4,1
106930,1,2
106931,12,1
106932,4,1
106932,9,2
106933,22,1
106934,11,1
106934,22,2
106935,1,1
106936,22,1
106937,18,1
106937,14,2
106938,19,1
106939,4,1
106940,19,1
106940,17,2
106941,12,1
106942,7,1
106943,2,1
106943,11,2
106944,14,1
106945,1,1
106945,22,2
106946,2,1
106946,8,2
106947,17,1
106947,10,2
106948,14,1
106949,15,1
106949,13,2
106950,3,1
106950,19,2
106951,4,1
106951,1,2
106952,16,1
106953,19,1
106953,15,2
106954,12,1
106955,10,1
106955,12,2
106955,9,3
106956,14,1
106957,4,1
106957,10,2
106958,15,1
106959,16,1
106959,7,2
106960,10,1
106960,8,2
106961,21,1
106962,12,1
106963,14,1
106964,20,1
106964,15,2
106965,19,1
106965,13,2
106966,14,1
106967,16,1
106968,9,1
106969,16,1
106969,2,2
106969,7,3
106970,21,1
106970,20,2
106971,22,1
106972,11,1
106972,14,2
106972,13,3
106973,22,1
106973,4,2
106974,9,1
106974,3,2
106974,22,3
106975,7,1
106976,15,1
106977,21,1
106978,5,1
106978,19,2
106979,15,1
106979,13,2
106980,18,1
106980,3,2
106981,14,1
106981,2,2
106982,21,1
106982,3,2
106982,19,3
106983,1,1
106984,9,1
106985,8,1
106986,8,1
106987,22,1
106988,8,1
106989,3,1
106989,7,2
106990,17,1
106990,9,2
106990,7,3
106991,7,1
106992,22,1
106993,4,1
106993,14,2
106994,5,1
106994,14,2
106995,4,1
106996,10,1
106996,15,2
106997,6,1
106998,7,1
106999,18,1
107000,8,1
107000,12,2
107001,9,1
107002,11,1
107002,12,2
107003,14,1
107003,10,2
107004,7,1
107005,4,1
107006,17,1
107006,18,2
107007,6,1
107008,8,1
107009,1,1
107010,21,1
107011,20,1
107011,9,2
107012,7,1
107013,10,1
107014,12,1
107014,16,2
107015,4,1
107015,13,2
107016,14,1
107017,17,1
107018,22,1
107018,9,2
107018,3,3
107019,20,1
107019,2,2
107020,22,1
107020,5,2
107021,13,1
107022,6,1
107022,18,2
107023,6,1
107023,14,2
107024,7,1
107025,13,1
107026,18,1
107027,14,1
107028,3,1
107028,9,2
107029,3,1
107029,17,2
107030,15,1
107031,5,1
107031,19,2
107031,7,3
107032,1,1
107032,10,2
107033,21,1
107034,21,1
107035,8,1
107035,9,2
107036,21,1
107036,3,2
107037,16,1
107038,19,1
107039,16,1
107040,14,1
107041,4,1
107041,7,2
107042,16,1
107042,21,2
107043,6,1
107044,18,1
107044,4,2
107045,12,1
107045,7,2
107046,6,1
107046,12,2
107047,18,1
107047,8,2
107048,6,1
107049,13,1
107050,14,1
107050,2,2
107051,8,1
107051,17,2
107052,16,1
107053,15,1
107053,13,2
107054,17,1
107055,20,1
107055,1,2
107056,14,1
107057,22,1
107057,9,2
107057,17,3
107058,1,1
107058,11,2
107059,8,1
107059,19,2
107060,16,1
107061,6,1
107061,17,2
107062,8,1
107062,15,2
107063,8,1
107063,20,2
107064,11,1
107064,21,2
107065,2,1
107065,18,2
107066,6,1
107066,15,2
107067,17,1
107067,4,2
107068,19,1
107069,19,1
107070,14,1
107071,5,1
107071,8,2
107072,6,1
107072,2,2
107072,15,3
107073,10,1
107074,14,1
107074,4,2
107075,3,1
107075,11,2
107076,22,1
107077,6,1
107077,8,2
107078,13,1
107078,16,2
107078,18,3
107079,22,1
107080,13,1
107080,16,2
107081,3,1
107082,3,1
107083,18,1
107083,1,2
107084,15,1
107085,6,1
107086,18,1
107087,14,1
107088,18,1
107089,17,1
107090,6,1
107091,15,1
107092,18,1
107092,14,2
107093,16,1
107093,8,2
107094,5,1
107094,15,2
107095,14,1
107096,14,1
107097,7,1
107097,20,2
107097,21,3
107098,21,1
107098,3,2
107099,14,1
107099,18,2
107100,19,1
107100,2,2
107101,16,1
107102,14,1
107103,9,1
107103,21,2
107104,14,1
107105,8,1
107106,16,1
107106,12,2
107107,3,1
107108,17,1
107108,9,2
107109,11,1
107110,16,1
107110,17,2
107111,5,1
107112,9,1
107112,11,2
107113,14,1
107113,3,2
107114,22,1
107114,17,2
107115,7,1
107115,15,2
107115,10,3
107116,19,1
107117,7,1
107117,20,2
107118,13,1
107118,2,2
107119,9,1
107120,1,1
107121,13,1
107122,2,1
107122,5,2
107123,16,1
107124,6,1
107124,20,2
107125,19,1
107126,3,1
107126,13,2
107127,1,1
107127,8,2
107128,14,1
107129,6,1
107130,1,1
107130,8,2
107131,17,1
107131,1,2
107132,16,1
107133,21,1
107134,20,1
107135,18,1
107135,1,2
107136,13,1
107136,11,2
107137,4,1
107138,14,1
107139,4,1
107139,20,2
107140,15,1
107140,1,2
107141,17,1
107141,7,2
107142,7,1
107142,22,2
107143,5,1
107144,2,1
107144,6,2
107145,12,1
107145,19,2
107146,12,1
107147,3,1
107147,13,2
107148,12,1
107149,16,1
107150,13,1
107151,5,1
107152,1,1
107152,22,2
107153,16,1
107153,22,2
107154,1,1
107154,11,2
107155,11,1
107156,16,1
107156,7,2
107156,17,3
107157,10,1
107157,4,2
107158,13,1
107159,1,1
107160,13,1
107160,4,2
107161,22,1
107162,22,1
107162,11,2
107163,3,1
107164,13,1
107165,6,1
107166,12,1
107167,15,1
107168,3,1
107168,17,2
107169,7,1
107170,13,1
107171,15,1
107171,11,2
107172,12,1
107173,1,1
107174,7,1
107175,6,1
107176,12,1
107177,17,1
107178,21,1
107178,10,2
107179,19,1
107179,14,2
107180,13,1
107180,2,2
107181,22,1
107181,4,2
107182,11,1
107182,17,2
107183,10,1
107183,4,2
107184,1,1
107185,8,1
107186,17,1
107186,15,2
107186,9,3
107187,5,1
107188,13,1
107188,4,2
107189,8,1
107189,15,2
107190,6,1
107190,21,2
107191,20,1
107191,7,2
107192,20,1
107192,21,2
107193,10,1
107193,7,2
107194,3,1
107194,22,2
107194,6,3
107195,7,1
107196,11,1
107197,15,1
107198,20,1
107198,1,2
107199,16,1
107199,6,2
107199,11,3
107200,18,1
107201,8,1
107201,2,2
107202,7,1
107203,12,1
107203,15,2
107203,17,3
107204,15,1
107204,3,2
107204,21,3
107205,4,1
107205,2,2
107206,8,1
107207,15,1
107208,13,1
107208,16,2
107209,19,1
107209,22,2
107210,7,1
107210,5,2
107211,5,1
107211,9,2
107212,13,1
107212,16,2
107213,3,1
107214,16,1
107214,11,2
107215,15,1
107216,4,1
107216,5,2
107217,20,1
107218,9,1
107219,6,1
107219,18,2
107220,9,1
107220,10,2
107221,17,1
107222,19,1
107223,19,1
107224,4,1
107225,13,1
107226,9,1
107227,17,1
107227,14,2
107228,20,1
107228,19,2
107229,1,1
107230,16,1
107230,17,2
107231,19,1
107232,10,1
107232,4,2
107232,18,3
107233,11,1
107233,19,2
107234,20,1
107235,2,1
107236,10,1
107236,9,2
107237,6,1
107238,15,1
107239,10,1
107240,5,1
107241,14,1
107241,3,2
107242,11,1
107243,21,1
107244,16,1
107245,2,1
107246,3,1
107247,8,1
107247,20,2
107248,9,1
107249,1,1
107250,18,1
107251,18,1
107252,1,1
107252,8,2
107252,11,3
107253,20,1
107254,4,1
107254,22,2
107255,18,1
107255,21,2
107256,18,1
107256,16,2
107257,1,1
107257,16,2
107258,4,1
107259,21,1
107260,7,1
107260,20,2
107261,11,1
107261,13,2
107262,15,1
107262,20,2
107262,16,3
107263,10,1
107263,22,2
107264,8,1
107264,3,2
107265,16,1
107265,3,2
107266,6,1
107266,14,2
107267,15,1
107268,17,1
107268,14,2
107269,8,1
107270,18,1
107270,13,2
107271,18,1
107272,1,1
107273,5,1
107273,14,2
107273,10,3
107274,20,1
107274,17,2
107275,1,1
107276,13,1
107276,12,2
107277,9,1
107277,19,2
107278,1,1
107278,11,2
107279,10,1
107280,8,1
107281,19,1
107281,21,2
107282,4,1
107283,21,1
107284,6,1
107285,18,1
107286,3,1
107286,6,2
107287,20,1
107287,8,2
107288,17,1
107288,6,2
107289,1,1
107289,22,2
107290,1,1
107290,12,2
107291,13,1
107292,10,1
107293,13,1
107293,17,2
107294,14,1
107295,2,1
107295,3,2
107296,7,1
107296,3,2
107297,11,1
107297,5,2
107298,1,1
107298,9,2
107299,4,1
107299,11,2
107300,11,1
107300,17,2
107301,5,1
107301,15,2
107302,14,1
107303,3,1
107303,21,2
107303,6,3
107304,19,1
107304,7,2
107305,8,1
107305,11,2
107306,20,1
107307,5,1
107308,18,1
107309,11,1
107310,13,1
107311,22,1
107312,19,1
107312,12,2
107312,2,3
107313,10,1
107313,3,2
107314,3,1
107315,3,1
107315,21,2
107316,16,1
107316,8,2
107317,21,1
107317,14,2
107318,5,1
107319,21,1
107320,12,1
107320,10,2
107320,14,3
107321,5,1
107321,22,2
107322,8,1
107322,18,2
107323,14,1
107324,6,1
107325,10,1
107326,3,1
107326,20,2
107327,17,1
107327,20,2
107327,6,3
107328,17,1
107328,20,2
107329,10,1
107330,11,1
107330,7,2
107331,21,1
107332,6,1
107333,14,1
107334,18,1
107335,14,1
107335,21,2
107336,17,1
107337,8,1
107338,17,1
107338,10,2
107339,15,1
107339,11,2
107339,3,3
107340,9,1
107341,15,1
107341,22,2
107342,3,1
107343,11,1
107343,1,2
107344,18,1
107345,5,1
107345,22,2
107346,12,1
107347,11,1
107347,9,2
107348,12,1
107349,2,1
107350,1,1
107351,21,1
107351,14,2
107352,20,1
107353,12,1
107353,19,2
107353,15,3
107354,15,1
107355,8,1
107356,8,1
107356,4,2
107357,9,1
107358,8,1
107359,20,1
107359,9,2
107359,5,3
107360,11,1
107360,9,2
107361,2,1
107361,19,2
107362,7,1
107362,4,2
107362,19,3
107363,2,1
107364,18,1
107364,16,2
107364,8,3
107365,11,1
107366,19,1
107366,1,2
107367,8,1
107367,9,2
107368,21,1
107368,7,2
107369,20,1
107369,6,2
107369,13,3
107370,11,1
107371,12,1
107371,13,2
107372,17,1
107372,10,2
107373,12,1
107373,13,2
107374,15,1
107374,18,2
107375,8,1
107375,20,2
107376,19,1
107377,7,1
107377,3,2
107378,22,1
107379,18,1
107380,12,1
107380,15,2
107381,17,1
107381,6,2
107382,17,1
107382,1,2
107383,19,1
107383,11,2
107384,17,1
107384,8,2
107385,17,1
107385,7,2
107386,3,1
107387,18,1
107387,14,2
107388,21,1
107388,19,2
107389,22,1
107389,17,2
107390,21,1
107391,1,1
107391,15,2
107392,11,1
107392,14,2
107393,11,1
107394,13,1
107394,21,2
107395,7,1
107396,15,1
107396,4,2
107396,18,3
107397,17,1
107397,15,2
107398,15,1
107399,2,1
107399,19,2
107400,2,1
107400,22,2
107401,16,1
107402,22,1
107403,2,1
107403,9,2
107404,19,1
107405,15,1
107405,10,2
107405,7,3
107406,21,1
107406,13,2
107407,18,1
107407,9,2
107408,16,1
107408,7,2
107409,2,1
107409,5,2
107410,9,1
107411,9,1
107411,1,2
107412,8,1
107412,21,2
107413,16,1
107414,18,1
107415,22,1
107415,1,2
107416,6,1
107417,7,1
107418,16,1
107418,6,2
107419,21,1
107419,3,2
107420,20,1
107420,21,2
107421,5,1
107422,3,1
107422,21,2
107423,13,1
107423,14,2
107424,9,1
107424,16,2
107425,1,1
107426,19,1
107426,8,2
107427,15,1
107428,12,1
107429,1,1
107430,4,1
107430,22,2
107431,7,1
107431,1,2
107432,3,1
107432,13,2
107433,17,1
107434,3,1
107435,19,1
107436,2,1
107436,16,2
107436,10,3
107437,13,1
107438,9,1
107438,7,2
107439,18,1
107439,13,2
107439,1,3
107440,5,1
107440,18,2
107441,8,1
107441,4,2
107442,5,1
107443,10,1
107444,9,1
107445,16,1
107445,4,2
107445,2,3
107446,13,1
107447,15,1
107448,8,1
107448,16,2
107448,15,3
107449,20,1
107449,6,2
107450,4,1
107451,2,1
107451,15,2
107452,20,1
107453,22,1
107454,20,1
107455,18,1
107455,2,2
107456,21,1
107456,4,2
107457,12,1
107458,9,1
107458,15,2
107459,22,1
107459,14,2
107460,18,1
107460,21,2
107461,12,1
107462,1,1
107463,8,1
107463,13,2
107464,11,1
107464,21,2
107465,9,1
107465,16,2
107466,3,1
107466,1,2
107466,19,3
107467,20,1
107467,19,2
107468,7,1
107468,16,2
107469,18,1
107469,13,2
107470,7,1
107471,18,1
107471,1,2
107472,7,1
107473,7,1
107474,20,1
107475,6,1
107475,1,2
107476,2,1
107476,1,2
107477,13,1
107478,15,1
107478,12,2
107478,11,3
107479,12,1
107480,20,1
107481,10,1
107482,3,1
107482,14,2
107483,5,1
107484,4,1
107485,5,1
107486,21,1
107486,7,2
107487,12,1
107488,3,1
107488,16,2
107489,6,1
107489,13,2
107490,22,1
107490,8,2
107490,1,3
107491,2,1
107491,9,2
107492,21,1
107492,1,2
107493,17,1
107493,14,2
107494,3,1
107494,4,2
107495,12,1
107496,10,1
107496,8,2
107497,11,1
107498,15,1
107498,16,2
107499,4,1
107500,4,1
107501,17,1
107501,4,2
107502,17,1
107503,22,1
107503,15,2
107504,14,1
107504,8,2
107504,12,3
107505,11,1
107506,14,1
107507,21,1
107507,15,2
107508,1,1
107509,1,1
107510,18,1
107510,14,2
107510,17,3
107511,9,1
107511,14,2
107512,10,1
107512,4,2
107512,16,3
107513,12,1
107513,20,2
107514,14,1
107514,18,2
107515,7,1
107515,21,2
107516,6,1
107517,11,1
107518,13,1
107519,19,1
107519,21,2
107520,16,1
107520,8,2
107521,19,1
107521,12,2
107522,21,1
107523,2,1
107523,8,2
107524,22,1
107524,21,2
107525,16,1
107526,1,1
107526,4,2
107527,1,1
107528,12,1
107528,21,2
107529,22,1
107529,15,2
107529,21,3
107530,12,1
107530,21,2
107531,4,1
107531,20,2
107531,13,3
107532,21,1
107532,8,2
107533,2,1
107534,16,1
107534,5,2
107535,19,1
107536,3,1
107537,21,1
107538,12,1
107538,22,2
107539,8,1
107539,17,2
107540,3,1
107540,13,2
107541,22,1
107542,22,1
107542,1,2
107543,18,1
107544,17,1
107544,3,2
107545,14,1
107546,22,1
107547,7,1
107547,1,2
107548,19,1
107548,18,2
107548,2,3
107549,3,1
107550,7,1
107550,9,2
107551,9,1
107551,19,2
107551,7,3
107552,11,1
107553,2,1
107554,17,1
107554,16,2
107555,21,1
107556,8,1
107556,10,2
107556,16,3
107557,9,1
107558,14,1
107559,5,1
107560,18,1
107561,10,1
107561,8,2
107562,14,1
107563,10,1
107564,21,1
107565,13,1
107566,10,1
107566,17,2
107567,20,1
107567,21,2
107568,11,1
107569,22,1
107570,19,1
107571,10,1
107572,17,1
107573,13,1
107573,5,2
107574,7,1
107575,6,1
107576,4,1
107577,18,1
107578,13,1
107578,8,2
107578,9,3
107579,4,1
107580,9,1
107580,15,2
107581,6,1
107582,5,1
107582,10,2
107583,20,1
107584,11,1
107585,4,1
107585,14,2
107585,19,3
107586,16,1
107587,15,1
107588,12,1
107589,5,1
107589,21,2
107590,11,1
107590,9,2
107591,1,1
107591,21,2
107592,1,1
107592,21,2
107593,15,1
107594,11,1
107595,2,1
107595,16,2
107596,10,1
107597,17,1
107597,10,2
107598,18,1
107599,4,1
107599,6,2
107600,2,1
107601,8,1
107601,7,2
107602,10,1
107603,21,1
107603,5,2
107604,12,1
107604,5,2
107604,10,3
107605,18,1
107605,4,2
107606,1,1
107607,12,1
107607,8,2
107608,16,1
107609,12,1
107610,4,1
107611,4,1
107611,21,2
107612,21,1
107612,4,2
107613,4,1
107614,15,1
107615,19,1
107615,21,2
107616,3,1
107616,21,2
107617,19,1
107618,21,1
107618,8,2
107619,11,1
107619,17,2
107619,9,3
107620,1,1
107621,5,1
107621,15,2
107622,5,1
107623,16,1
107623,4,2
107624,13,1
107624,21,2
107624,17,3
107625,7,1
107625,20,2
107625,1,3
107626,4,1
107626,22,2
107627,9,1
107628,9,1
107628,1,2
107629,1,1
107629,22,2
107629,7,3
107630,18,1
107631,6,1
107631,19,2
107632,13,1
107632,9,2
107633,20,1
107633,13,2
107634,10,1
107635,19,1
107636,14,1
107637,5,1
107638,21,1
107638,11,2
107639,5,1
107639,17,2
107640,6,1
107641,13,1
107642,6,1
107643,2,1
107643,1,2
107643,18,3
107644,19,1
107645,22,1
107645,4,2
107646,18,1
107646,17,2
107647,8,1
107648,11,1
107649,15,1
107649,18,2
107649,5,3
107650,13,1
107650,17,2
107651,21,1
107651,6,2
107652,21,1
107652,5,2
107653,7,1
107654,3,1
107655,18,1
107656,14,1
107657,6,1
107657,7,2
107658,19,1
107658,15,2
107659,21,1
107660,4,1
107661,3,1
107662,3,1
107663,18,1
107663,2,2
107663,15,3
107664,22,1
107665,15,1
107665,5,2
107666,6,1
107666,20,2
107667,5,1
107668,14,1
107668,7,2
107669,8,1
107670,6,1
107671,13,1
107671,7,2
107672,21,1
107672,18,2
107673,21,1
107673,9,2
107674,12,1
107674,20,2
107675,20,1
107676,8,1
107677,12,1
107677,17,2
107677,15,3
107678,5,1
107678,17,2
107679,9,1
107679,13,2
107680,21,1
107680,17,2
107681,4,1
107681,14,2
107682,20,1
107683,11,1
107684,18,1
107684,16,2
107684,12,3
107685,21,1
107686,14,1
107687,19,1
107688,2,1
107688,22,2
107689,20,1
107689,10,2
107690,15,1
107691,21,1
107691,22,2
107692,2,1
107693,20,1
107694,17,1
107694,20,2
107695,4,1
107695,9,2
107696,9,1
107697,3,1
107697,18,2
107697,20,3
107698,16,1
107698,21,2
107698,6,3
107699,11,1
107699,17,2
107700,16,1
107701,9,1
107702,2,1
107703,6,1
107703,14,2
107704,17,1
107705,12,1
107705,18,2
107705,1,3
107706,16,1
107706,22,2
107706,6,3
107707,2,1
107707,18,2
107707,21,3
107708,12,1
107708,15,2
107709,3,1
107709,19,2
107710,10,1
107710,7,2
107711,22,1
107711,11,2
107711,15,3
107712,5,1
107713,20,1
107713,5,2
107714,12,1
107715,14,1
107715,17,2
107716,18,1
107717,20,1
107718,1,1
107718,4,2
107719,21,1
107720,5,1
107720,7,2
107721,5,1
107722,6,1
107723,21,1
107724,10,1
107724,16,2
107724,22,3
107725,5,1
107726,12,1
107726,4,2
107726,19,3
107727,13,1
107727,21,2
107728,5,1
107729,9,1
107730,2,1
107730,20,2
107731,16,1
107731,6,2
107731,10,3
107732,16,1
107732,10,2
107733,8,1
107734,2,1
107734,22,2
107734,18,3
107735,15,1
107736,18,1
107737,20,1
107737,4,2
107738,22,1
107738,2,2
107739,14,1
107740,21,1
107741,21,1
107742,3,1
107742,17,2
107743,9,1
107744,5,1
107744,2,2
107745,6,1
107745,7,2
107746,19,1
107747,12,1
107748,7,1
107749,14,1
107749,18,2
107749,21,3
107750,17,1
107750,16,2
107751,15,1
107752,12,1
107753,11,1
107754,18,1
107754,11,2
107755,18,1
107755,12,2
107755,1,3
107756,14,1
107756,13,2
107757,17,1
107758,6,1
107759,10,1
107759,17,2
107760,8,1
107761,2,1
107762,12,1
107763,21,1
107764,8,1
107765,15,1
107766,12,1
107766,5,2
107767,21,1
107767,17,2
107768,15,1
107769,4,1
107770,10,1
107770,12,2
107771,22,1
107772,7,1
107772,16,2
107773,20,1
107774,21,1
107774,4,2
107775,17,1
107775,4,2
107776,21,1
107776,4,2
107777,21,1
107778,12,1
107779,12,1
107779,11,2
107780,6,1
107780,19,2
107781,4,1
107781,22,2
107782,21,1
107783,3,1
107784,20,1
107784,15,2
107785,15,1
107785,3,2
107786,1,1
107787,13,1
107787,15,2
107788,15,1
107788,10,2
107789,7,1
107789,13,2
107789,2,3
107790,18,1
107790,20,2
107791,19,1
107791,17,2
107791,11,3
107792,15,1
107792,4,2
107793,8,1
107793,22,2
107793,14,3
107794,9,1
107794,16,2
107795,20,1
107796,21,1
107797,16,1
107798,17,1
107799,7,1
107799,17,2
107800,13,1
107801,3,1
107801,17,2
107802,15,1
107802,13,2
107803,11,1
107804,2,1
107804,18,2
107805,3,1
107806,14,1
107806,21,2
107807,3,1
107808,15,1
107808,19,2
107809,21,1
107809,1,2
107810,7,1
107810,22,2
107811,14,1
107812,11,1
107813,16,1
107813,10,2
107814,21,1
107815,18,1
107815,10,2
107815,11,3
107816,18,1
107816,15,2
107817,11,1
107818,4,1
107819,14,1
107819,17,2
107820,2,1
107821,8,1
107821,15,2
107822,4,1
107822,17,2
107823,8,1
107823,12,2
107824,10,1
107824,4,2
107825,8,1
107826,9,1
107826,11,2
107827,6,1
107827,7,2
107828,12,1
107829,2,1
107829,6,2
107830,11,1
107831,3,1
107831,4,2
107832,6,1
107832,15,2
107833,7,1
107834,10,1
107835,17,1
107835,14,2
107836,16,1
107837,5,1
107837,7,2
107838,9,1
107839,2,1
107839,5,2
107840,3,1
107840,2,2
107841,1,1
107841,21,2
107841,16,3
107842,10,1
107843,7,1
107844,14,1
107845,21,1
107846,13,1
107846,7,2
107846,8,3
107847,13,1
107847,9,2
107848,13,1
107849,19,1
107849,18,2
107850,16,1
107850,2,2
107851,11,1
107851,5,2
107852,3,1
107853,21,1
107854,8,1
107854,12,2
107854,4,3
107855,21,1
107856,13,1
107857,12,1
107857,2,2
107857,9,3
107858,22,1
107858,10,2
107859,6,1
107859,13,2
107860,5,1
107861,8,1
107861,11,2
107862,16,1
107863,6,1
107864,11,1
107865,12,1
107865,8,2
107865,2,3
107866,3,1
107866,4,2
107867,20,1
107867,1,2
107867,9,3
107868,17,1
107869,5,1
107869,16,2
107869,12,3
107870,6,1
107870,7,2
107871,17,1
107872,12,1
107872,14,2
107873,22,1
107873,8,2
107874,12,1
107875,13,1
107875,8,2
107875,17,3
107876,18,1
107877,5,1
107878,7,1
107878,20,2
107879,15,1
107879,10,2
107880,13,1
107880,19,2
107881,2,1
107881,12,2
107882,16,1
107882,7,2
107883,7,1
107883,17,2
107884,20,1
107885,5,1
107885,13,2
107885,21,3
107886,19,1
107887,1,1
107887,10,2
107888,12,1
107889,15,1
107890,1,1
107890,11,2
107891,13,1
107892,11,1
107893,20,1
107893,21,2
107894,2,1
107894,21,2
107894,13,3
107895,13,1
107896,16,1
107896,5,2
107897,6,1
107898,2,1
107899,1,1
107900,8,1
107901,19,1
107901,4,2
107902,14,1
107902,19,2
107903,4,1
107904,8,1
107904,13,2
107905,11,1
107905,19,2
107906,22,1
107907,3,1
107907,10,2
107908,5,1
107908,2,2
107908,18,3
107909,5,1
107910,7,1
107910,6,2
107911,22,1
107911,4,2
107912,5,1
107913,11,1
107913,10,2
107914,9,1
107915,5,1
107915,6,2
107916,1,1
107917,5,1
107918,2,1
107918,1,2
107919,7,1
107920,17,1
107921,6,1
107921,18,2
107921,22,3
107922,9,1
107922,22,2
107923,2,1
107924,16,1
107924,19,2
107925,8,1
107926,6,1
107927,13,1
107927,4,2
107928,16,1
107928,14,2
107929,9,1
107930,17,1
107930,9,2
107931,16,1
107932,10,1
107932,2,2
107933,18,1
107933,20,2
107934,15,1
107934,19,2
107935,7,1
107935,13,2
107935,3,3
107936,1,1
107936,18,2
107937,21,1
107938,20,1
107939,8,1
107940,8,1
107940,13,2
107941,16,1
107942,4,1
107942,11,2
107942,14,3
107943,6,1
107944,16,1
107945,7,1
107945,14,2
107946,5,1
107947,20,1
107948,19,1
107948,16,2
107949,15,1
107949,7,2
107950,6,1
107950,10,2
107951,17,1
107952,9,1
107953,20,1
107954,6,1
107955,17,1
107955,8,2
107955,7,3
107956,3,1
107956,7,2
107957,11,1
107957,6,2
107958,7,1
107958,11,2
107959,1,1
107959,13,2
107960,22,1
107961,19,1
107962,10,1
107962,2,2
107963,22,1
107963,4,2
107964,10,1
107964,3,2
107964,6,3
107965,6,1
107966,5,1
107967,12,1
107968,22,1
107969,22,1
107970,19,1
107970,8,2
107971,8,1
107971,21,2
107972,9,1
107973,6,1
107974,20,1
107974,7,2
107975,15,1
107976,12,1
107977,11,1
107977,18,2
107977,8,3
107978,17,1
107979,21,1
107980,12,1
107980,20,2
107980,3,3
107981,20,1
107981,1,2
107982,2,1
107983,9,1
107983,11,2
107984,12,1
107984,19,2
107985,17,1
107986,6,1
107986,12,2
107987,16,1
107987,5,2
107988,22,1
107989,1,1
107990,18,1
107990,14,2
107991,3,1
107991,18,2
107992,10,1
107993,10,1
107993,13,2
107994,10,1
107994,15,2
107995,12,1
107995,6,2
107996,4,1
107996,9,2
107997,12,1
107997,21,2
107998,12,1
107999,21,1
108000,19,1
108000,5,2
108001,5,1
108001,15,2
108002,22,1
108002,1,2
108003,11,1
108003,5,2
108004,12,1
108004,21,2
108005,9,1
108005,21,2
108006,4,1
108007,2,1
108007,12,2
108008,14,1
108009,10,1
108010,5,1
108010,14,2
108010,22,3
108011,14,1
108012,17,1
108012,1,2
108013,19,1
108013,9,2
108014,11,1
108014,19,2
108014,13,3
108015,2,1
108016,14,1
108017,6,1
108017,10,2
108018,11,1
108018,7,2
108019,5,1
108019,1,2
108019,14,3
108020,8,1
108021,14,1
108022,10,1
108022,8,2
108023,2,1
108024,7,1
108024,16,2
108025,5,1
108026,9,1
108026,7,2
108027,2,1
108027,20,2
108028,22,1
108029,14,1
108029,18,2
108030,1,1
108031,12,1
108031,8,2
108032,3,1
108032,6,2
108033,12,1
108034,13,1
108035,15,1
108036,18,1
108037,14,1
108038,21,1
108039,10,1
108039,6,2
108040,21,1
108040,8,2
108041,22,1
108042,15,1
108042,17,2
108043,2,1
108044,2,1
108044,4,2
108045,10,1
108046,1,1
108046,12,2
108047,21,1
108048,5,1
108049,17,1
108050,19,1
108050,21,2
108051,9,1
108052,3,1
108053,22,1
108053,2,2
108054,7,1
108055,10,1
108055,19,2
108056,1,1
108057,20,1
108058,14,1
108059,9,1
108060,3,1
108061,2,1
108062,9,1
108062,22,2
108063,3,1
108063,1,2
108063,12,3
108064,1,1
108065,12,1
108066,17,1
108066,15,2
108067,2,1
108067,13,2
108068,14,1
108069,12,1
108070,9,1
108070,4,2
108071,8,1
108072,3,1
108073,1,1
108074,4,1
108074,9,2
108075,15,1
108075,16,2
108076,5,1
108077,8,1
108078,4,1
108078,11,2
108079,3,1
108080,14,1
108080,6,2
108081,16,1
108081,4,2
108082,12,1
108083,9,1
108083,4,2
108084,4,1
108085,14,1
108085,11,2
108086,9,1
108087,16,1
108087,6,2
108087,11,3
108088,4,1
108089,2,1
108089,16,2
108090,3,1
108091,1,1
108092,11,1
108093,18,1
108093,21,2
108094,11,1
108094,6,2
108094,10,3
108095,18,1
108095,17,2
108095,14,3
108096,2,1
108096,20,2
108097,19,1
108098,8,1
108099,14,1
108099,2,2
108100,1,1
108101,19,1
108101,21,2
108101,20,3
108102,3,1
108102,19,2
108103,9,1
108103,2,2
108103,1,3
108104,20,1
108104,22,2
108105,6,1
108105,20,2
108106,4,1
108107,19,1
108107,5,2
108107,22,3
108108,21,1
108108,6,2
108109,15,1
108109,10,2
108110,11,1
108110,19,2
108111,9,1
108111,20,2
108112,12,1
108113,7,1
108114,11,1
108115,5,1
108115,13,2
108116,21,1
108117,8,1
108118,14,1
108118,21,2
108119,13,1
108119,14,2
108120,18,1
108120,3,2
108121,2,1
108121,11,2
108122,6,1
108123,5,1
108123,15,2
108124,9,1
108125,14,1
108126,16,1
108126,20,2
108127,22,1
108127,13,2
108128,17,1
108129,16,1
108130,5,1
108131,2,1
108132,8,1
108132,21,2
108133,8,1
108134,4,1
108135,15,1
108135,19,2
108135,6,3
108136,6,1
108137,14,1
108137,13,2
108138,13,1
108139,1,1
108139,3,2
108140,5,1
108141,11,1
108141,4,2
108142,13,1
108142,21,2
108143,13,1
108143,2,2
108144,18,1
108144,14,2
108145,14,1
108145,4,2
108145,3,3
108146,1,1
108146,18,2
108147,22,1
108148,1,1
108149,6,1
108149,22,2
108150,16,1
108150,13,2
108151,7,1
108151,14,2
108152,17,1
108153,7,1
108154,19,1
108155,12,1
108155,2,2
108156,13,1
108157,16,1
108157,14,2
108158,11,1
108159,17,1
108160,21,1
108160,2,2
108161,2,1
108162,2,1
108162,18,2
108163,14,1
108164,6,1
108164,12,2
108165,19,1
108166,2,1
108166,12,2
108167,12,1
108167,14,2
108167,10,3
108168,3,1
108169,10,1
108169,3,2
108170,9,1
108170,7,2
108171,13,1
108172,1,1
108173,20,1
108173,21,2
108174,19,1
108174,20,2
108175,15,1
108175,13,2
108175,3,3
108176,21,1
108176,17,2
108177,10,1
108178,18,1
108178,7,2
108179,17,1
108180,1,1
108181,3,1
108182,9,1
108183,3,1
108183,4,2
108184,14,1
108184,15,2
108185,1,1
108186,22,1
108186,2,2
108186,9,3
108187,16,1
108188,7,1
108189,4,1
108189,11,2
108190,12,1
108190,21,2
108191,5,1
108191,6,2
108191,20,3
108192,18,1
108193,18,1
108194,7,1
108195,2,1
108195,7,2
108195,14,3
108196,18,1
108196,14,2
108197,12,1
108198,16,1
108198,12,2
108199,11,1
108199,3,2
108200,8,1
108200,9,2
108201,16,1
108201,10,2
108202,5,1
108203,17,1
108203,4,2
108204,15,1
108205,1,1
108205,7,2
108206,3,1
108206,1,2
108207,8,1
108208,1,1
108208,17,2
108209,8,1
108210,4,1
108211,13,1
108211,1,2
108212,20,1
108212,1,2
108213,12,1
108213,16,2
108214,18,1
108214,12,2
108215,13,1
108216,19,1
108217,13,1
108218,9,1
108219,2,1
108219,9,2
108220,19,1
108221,22,1
108222,13,1
108222,3,2
108223,21,1
108224,6,1
108225,15,1
108225,5,2
108225,14,3
108226,11,1
108227,21,1
108228,2,1
108228,6,2
108229,1,1
108229,6,2
108230,10,1
108230,14,2
108231,11,1
108232,3,1
108232,17,2
108233,13,1
108233,18,2
108234,13,1
108234,9,2
108235,20,1
108235,19,2
108236,7,1
108236,22,2
108237,9,1
108237,12,2
108238,20,1
108239,18,1
108239,2,2
108239,6,3
108240,10,1
108241,14,1
108241,3,2
108242,10,1
108242,9,2
108243,8,1
108244,15,1
108244,8,2
108245,21,1
108246,20,1
108246,2,2
108247,15,1
108247,11,2
108248,15,1
108249,15,1
108249,13,2
108250,4,1
108250,17,2
108251,21,1
108251,9,2
108252,19,1
108253,6,1
108254,19,1
108255,16,1
108256,11,1
108256,6,2
108257,10,1
108257,13,2
108258,22,1
108258,3,2
108259,6,1
108260,14,1
108261,1,1
108261,17,2
108262,14,1
108262,2,2
108262,3,3
108263,14,1
108264,17,1
108264,20,2
108265,22,1
108266,10,1
108267,12,1
108268,12,1
108268,18,2
108269,19,1
108270,11,1
108271,21,1
108272,21,1
108272,22,2
108272,10,3
108273,21,1
108273,11,2
108274,8,1
108275,18,1
108275,13,2
108276,7,1
108277,13,1
108277,20,2
108278,17,1
108278,4,2
108279,10,1
108279,20,2
108279,17,3
108280,2,1
108281,13,1
108282,8,1
108282,6,2
108283,8,1
108283,3,2
108284,7,1
108285,1,1
108286,20,1
108287,4,1
108287,20,2
108288,10,1
108289,16,1
108289,17,2
108290,1,1
108291,2,1
108292,21,1
108292,8,2
108293,8,1
108293,9,2
108293,11,3
108294,20,1
108295,20,1
108295,21,2
108296,12,1
108296,9,2
108297,17,1
108297,7,2
108298,16,1
108299,4,1
108299,10,2
108300,10,1
108300,5,2
108301,1,1
108301,15,2
108302,10,1
108302,8,2
108303,5,1
108303,2,2
108304,20,1
108304,12,2
108305,2,1
108305,21,2
108306,2,1
108306,15,2
108307,15,1
108307,11,2
108308,2,1
108309,7,1
108309,11,2
108310,21,1
108310,13,2
108311,21,1
108311,8,2
108312,15,1
108313,13,1
108314,6,1
108315,16,1
108315,9,2
108315,3,3
108316,3,1
108316,14,2
108316,8,3
108317,11,1
108318,3,1
108319,17,1
108319,6,2
108320,9,1
108320,21,2
108320,8,3
108321,18,1
108322,15,1
108323,15,1
108323,22,2
108324,16,1
108325,2,1
108326,3,1
108326,9,2
108327,13,1
108327,1,2
108328,22,1
108329,3,1
108330,10,1
108330,1,2
108331,2,1
108331,19,2
108332,14,1
108333,7,1
108333,22,2
108334,20,1
108335,14,1
108335,5,2
108336,8,1
108337,18,1
108337,16,2
108338,13,1
108339,1,1
108340,10,1
108341,16,1
108341,4,2
108341,10,3
108342,7,1
108343,22,1
108344,5,1
108344,18,2
108345,6,1
108345,14,2
108346,21,1
108346,14,2
108347,6,1
108347,19,2
108347,8,3
108348,13,1
108348,16,2
108348,12,3
108349,15,1
108350,9,1
108351,9,1
108352,10,1
108353,17,1
108353,19,2
108354,15,1
108355,12,1
108356,13,1
108357,21,1
108357,6,2
108358,2,1
108359,9,1
108359,15,2
108360,9,1
108361,16,1
108361,13,2
108362,7,1
108363,1,1
108363,3,2
108364,21,1
108364,15,2
108364,13,3
108365,20,1
108365,6,2
108366,2,1
108366,9,2
108367,17,1
108367,18,2
108368,5,1
108369,17,1
108369,15,2
108370,12,1
108371,17,1
108371,8,2
108372,21,1
108373,8,1
108373,1,2
108374,19,1
108375,22,1
108375,15,2
108376,8,1
108376,18,2
108377,9,1
108378,6,1
108378,9,2
108379,20,1
108380,9,1
108380,18,2
108381,10,1
108381,14,2
108382,13,1
108382,21,2
108383,18,1
108383,21,2
108384,18,1
108384,15,2
108385,9,1
108386,6,1
108386,16,2
108386,10,3
108387,15,1
108388,12,1
108389,15,1
108390,18,1
108391,14,1
108392,13,1
108393,16,1
108394,16,1
108395,8,1
108395,17,2
108396,7,1
108396,3,2
108397,21,1
108398,3,1
108398,19,2
108398,4,3
108399,14,1
108400,4,1
108400,14,2
108401,22,1
108402,20,1
108402,18,2
108403,19,1
108403,21,2
108404,16,1
108404,13,2
108405,3,1
108406,6,1
108406,10,2
108407,21,1
108408,5,1
108408,9,2
108409,21,1
108409,18,2
108410,2,1
108411,15,1
108411,4,2
108411,13,3
108412,3,1
108412,21,2
108413,22,1
108414,15,1
108414,20,2
108415,15,1
108416,6,1
108416,7,2
108417,5,1
108417,20,2
108417,17,3
108418,1,1
108419,7,1
108419,10,2
108420,8,1
108420,15,2
108421,11,1
108422,10,1
108423,4,1
108424,12,1
108424,11,2
108424,17,3
108425,6,1
108425,3,2
108425,18,3
108426,19,1
108427,15,1
108428,20,1
108429,15,1
108429,1,2
108429,14,3
108430,21,1
108431,22,1
108432,4,1
108432,7,2
108433,13,1
108434,10,1
108434,11,2
108435,7,1
108436,10,1
108437,11,1
108438,8,1
108438,12,2
108438,6,3
108439,3,1
108439,2,2
108440,11,1
108441,13,1
108441,15,2
108441,11,3
108442,20,1
108442,3,2
108443,19,1
108444,12,1
108444,19,2
108445,15,1
108445,16,2
108446,4,1
108447,16,1
108447,1,2
108448,18,1
108449,5,1
108449,12,2
108450,6,1
108450,2,2
108451,9,1
108452,7,1
108452,11,2
108453,13,1
108454,7,1
108454,13,2
108455,20,1
108455,17,2
108456,8,1
108456,14,2
108457,8,1
108457,14,2
108458,10,1
108458,22,2
108459,10,1
108460,17,1
108460,4,2
108461,13,1
108462,7,1
108462,5,2
108462,14,3
108463,7,1
108463,19,2
108464,1,1
108465,1,1
108466,19,1
108467,20,1
108468,5,1
108468,3,2
108469,6,1
108470,9,1
108471,21,1
108471,11,2
108471,2,3
108472,22,1
108473,6,1
108473,2,2
108474,7,1
108474,17,2
108475,4,1
108475,5,2
108476,7,1
108476,17,2
108476,5,3
108477,20,1
108477,17,2
108478,20,1
108479,2,1
108479,4,2
108480,1,1
108481,22,1
108481,12,2
108482,10,1
108482,16,2
108483,3,1
108483,14,2
108483,18,3
108484,2,1
108484,21,2
108484,13,3
108485,8,1
108485,2,2
108486,1,1
108487,11,1
108488,9,1
108488,14,2
108489,3,1
108489,7,2
108490,9,1
108491,8,1
108492,12,1
108493,7,1
108493,6,2
108494,4,1
108495,12,1
108496,11,1
108497,21,1
108497,20,2
108498,3,1
108499,16,1
108499,20,2
108500,4,1
108500,20,2
108501,20,1
108502,2,1
108502,20,2
108503,8,1
108503,13,2
108504,16,1
108505,11,1
108505,19,2
108506,12,1
108507,10,1
108507,18,2
108507,21,3
108508,13,1
108509,19,1
108510,3,1
108510,14,2
108510,17,3
108511,3,1
108512,22,1
108513,14,1
108514,13,1
108515,20,1
108516,21,1
108517,7,1
108517,21,2
108518,20,1
108519,5,1
108519,2,2
108520,19,1
108521,4,1
108522,11,1
108523,21,1
108524,1,1
108524,12,2
108524,8,3
108525,12,1
108526,6,1
108526,10,2
108526,22,3
108527,18,1
108527,21,2
108527,1,3
108528,10,1
108528,20,2
108529,9,1
108529,14,2
108530,11,1
108531,4,1
108532,19,1
108532,7,2
108533,10,1
108534,11,1
108535,21,1
108535,15,2
108536,22,1
108536,10,2
108537,21,1
108538,12,1
108538,7,2
108539,21,1
108539,1,2
108540,21,1
108541,3,1
108541,13,2
108542,13,1
108542,16,2
108543,1,1
108544,22,1
108544,12,2
108545,17,1
108546,11,1
108546,22,2
108546,17,3
108547,13,1
108547,17,2
108548,2,1
108548,9,2
108549,7,1
108549,20,2
108550,19,1
108551,17,1
108552,17,1
108552,19,2
108553,11,1
108553,18,2
108553,21,3
108554,17,1
108555,20,1
108555,18,2
108556,16,1
108557,15,1
108558,3,1
108559,12,1
108560,18,1
108560,14,2
108560,19,3
108561,10,1
108561,17,2
108562,2,1
108563,17,1
108564,18,1
108565,7,1
108566,1,1
108567,12,1
108567,21,2
108568,9,1
108569,2,1
108570,18,1
108570,4,2
108571,13,1
108572,2,1
108573,9,1
108574,12,1
108574,10,2
108575,4,1
108575,5,2
108576,22,1
108576,9,2
108577,4,1
108577,1,2
108578,19,1
108578,10,2
108579,6,1
108579,11,2
108580,8,1
108581,13,1
108581,5,2
108582,12,1
108583,9,1
108584,5,1
108585,19,1
108585,18,2
108586,3,1
108587,2,1
108587,20,2
108587,7,3
108588,4,1
108588,11,2
108589,9,1
108590,14,1
108591,4,1
108592,10,1
108592,17,2
108593,6,1
108593,9,2
108593,2,3
108594,11,1
108594,5,2
108595,14,1
108595,3,2
108595,5,3
108596,14,1
108597,19,1
108597,10,2
108597,17,3
108598,21,1
108599,3,1
108600,7,1
108601,1,1
108602,15,1
108603,13,1
108603,11,2
108604,21,1
108604,13,2
108604,15,3
108605,6,1
108605,8,2
108606,21,1
108606,7,2
108607,10,1
108608,8,1
108609,13,1
108610,6,1
108610,17,2
108611,16,1
108612,20,1
108613,11,1
108613,7,2
108614,19,1
108614,21,2
108615,20,1
108616,20,1
108617,9,1
108617,6,2
108618,3,1
108618,14,2
108619,13,1
108619,5,2
108620,15,1
108621,3,1
108621,1,2
108622,16,1
108622,6,2
108623,4,1
108624,12,1
108624,19,2
108624,3,3
108625,12,1
108625,15,2
108625,19,3
108626,3,1
108626,12,2
108627,3,1
108628,19,1
108628,12,2
108629,12,1
108629,6,2
108630,9,1
108630,8,2
108631,5,1
108631,4,2
108632,5,1
108632,18,2
108633,9,1
108634,16,1
108634,21,2
108635,19,1
108635,18,2
108636,6,1
108637,5,1
108638,21,1
108638,15,2
108639,13,1
108639,11,2
108639,4,3
108640,8,1
108640,9,2
108641,10,1
108642,16,1
108642,17,2
108643,8,1
108643,4,2
108644,13,1
108645,12,1
108646,7,1
108647,5,1
108648,3,1
108649,1,1
108650,7,1
108651,14,1
108652,10,1
108653,10,1
108654,21,1
108655,22,1
108656,1,1
108656,12,2
108657,20,1
108658,5,1
108659,16,1
108659,1,2
108660,5,1
108660,14,2
108660,2,3
108661,19,1
108661,15,2
108662,21,1
108663,19,1
108664,17,1
108664,15,2
108665,12,1
108665,13,2
108666,14,1
108666,21,2
108667,3,1
108667,7,2
108668,15,1
108669,10,1
108669,20,2
108670,15,1
108670,6,2
108671,13,1
108671,7,2
108672,14,1
108673,2,1
108673,15,2
108674,4,1
108675,10,1
108675,16,2
108676,22,1
108677,12,1
108677,21,2
108677,6,3
108678,4,1
108679,16,1
108680,1,1
108680,10,2
108681,12,1
108682,8,1
108682,21,2
108682,5,3
108683,18,1
108684,10,1
108685,4,1
108686,3,1
108687,13,1
108688,20,1
108688,22,2
108689,22,1
108690,14,1
108691,2,1
108691,16,2
108692,20,1
108693,19,1
108693,11,2
108693,3,3
108694,4,1
108694,12,2
108695,15,1
108695,5,2
108696,2,1
108697,16,1
108697,4,2
108697,11,3
108698,17,1
108698,13,2
108699,13,1
108700,7,1
108701,6,1
108702,10,1
108702,11,2
108703,18,1
108703,10,2
108704,19,1
108704,7,2
108705,9,1
108706,18,1
108707,1,1
108707,17,2
108708,12,1
108708,21,2
108709,21,1
108709,3,2
108710,16,1
108711,21,1
108711,10,2
108712,2,1
108713,16,1
108714,17,1
108714,20,2
108715,9,1
108716,8,1
108717,7,1
108718,14,1
108719,10,1
108719,18,2
108719,13,3
108720,15,1
108720,4,2
108721,17,1
108722,3,1
108723,16,1
108723,15,2
108724,10,1
108724,15,2
108725,19,1
108726,17,1
108727,12,1
108727,5,2
108728,8,1
108729,8,1
108729,21,2
108730,4,1
108730,21,2
108731,17,1
108731,4,2
108732,16,1
108733,10,1
108734,7,1
108735,9,1
108735,21,2
108736,21,1
108736,12,2
108737,15,1
108738,21,1
108738,1,2
108739,20,1
108739,2,2
108740,15,1
108741,10,1
108741,21,2
108742,11,1
108742,7,2
108743,1,1
108744,7,1
108745,9,1
108746,16,1
108747,12,1
108748,4,1
108748,21,2
108749,21,1
108750,13,1
108750,15,2
108751,9,1
108751,2,2
108752,11,1
108753,21,1
108753,6,2
108754,4,1
108755,10,1
108755,21,2
108756,14,1
108756,11,2
108757,21,1
108758,5,1
108759,9,1
108759,7,2
108760,5,1
108761,5,1
108761,1,2
108762,2,1
108763,1,1
108764,19,1
108765,15,1
108766,11,1
108767,2,1
108768,22,1
108768,4,2
108768,9,3
108769,14,1
108769,2,2
108770,15,1
108770,8,2
108771,12,1
108772,19,1
108773,6,1
108774,19,1
108774,11,2
108774,13,3
108775,20,1
108775,7,2
108776,2,1
108776,12,2
108777,14,1
108777,12,2
108778,19,1
108779,21,1
108780,11,1
108781,17,1
108781,9,2
108781,22,3
108782,7,1
108783,19,1
108784,3,1
108784,4,2
108785,1,1
108785,2,2
108786,22,1
108786,6,2
108787,19,1
108788,13,1
108789,10,1
108789,2,2
108790,14,1
108790,5,2
108790,8,3
108791,4,1
108791,12,2
108791,15,3
108792,20,1
108793,19,1
108794,19,1
108794,14,2
108795,17,1
108796,8,1
108797,9,1
108798,7,1
108798,9,2
108799,6,1
108799,2,2
108800,2,1
108800,10,2
108801,22,1
108802,15,1
108803,6,1
108804,15,1
108805,20,1
108806,17,1
108806,19,2
108807,13,1
108808,10,1
108808,6,2
108809,13,1
108809,2,2
108810,13,1
108811,21,1
108811,16,2
108811,22,3
108812,15,1
108812,7,2
108813,17,1
108813,2,2
108814,3,1
108815,2,1
108815,21,2
108816,22,1
108817,5,1
108817,7,2
108817,17,3
108818,6,1
108819,15,1
108820,2,1
108820,9,2
108821,17,1
108822,13,1
108822,21,2
108823,6,1
108824,18,1
108825,13,1
108825,18,2
108826,2,1
108827,4,1
108828,6,1
108828,14,2
108828,4,3
108829,12,1
108830,10,1
108831,19,1
108832,22,1
108833,16,1
108833,2,2
108834,10,1
108835,3,1
108835,13,2
108836,2,1
108836,10,2
108837,13,1
108838,5,1
108839,14,1
108839,22,2
108839,21,3
108840,12,1
108840,9,2
108841,19,1
108842,9,1
108842,7,2
108843,2,1
108843,6,2
108844,14,1
108844,15,2
108845,2,1
108845,11,2
108845,1,3
108846,14,1
108847,6,1
108847,8,2
108848,6,1
108848,9,2
108848,13,3
108849,11,1
108849,13,2
108850,18,1
108851,12,1
108851,3,2
108852,19,1
108853,13,1
108854,13,1
108855,6,1
108855,22,2
108856,20,1
108857,4,1
108858,16,1
108859,4,1
108859,6,2
108860,6,1
108861,6,1
108861,19,2
108862,20,1
108863,5,1
108864,5,1
108864,20,2
108865,12,1
108866,9,1
108867,15,1
108868,16,1
108869,13,1
108869,3,2
108869,16,3
108870,22,1
108871,6,1
108871,22,2
108872,12,1
108873,17,1
108873,8,2
108874,1,1
108875,18,1
108875,7,2
108876,22,1
108877,17,1
108878,7,1
108879,7,1
108880,21,1
108881,21,1
108882,13,1
108882,14,2
108883,13,1
108883,21,2
108884,18,1
108884,1,2
108885,12,1
108885,14,2
108886,2,1
108887,6,1
108888,16,1
108888,12,2
108889,7,1
108890,22,1
108890,1,2
108891,1,1
108892,18,1
108892,2,2
108893,8,1
108894,3,1
108895,22,1
108896,16,1
108897,6,1
108898,19,1
108898,8,2
108899,21,1
108899,5,2
108900,17,1
108900,20,2
108901,19,1
108902,6,1
108903,14,1
108903,5,2
108904,8,1
108904,13,2
108905,17,1
108905,7,2
108906,10,1
108907,16,1
108908,17,1
108909,20,1
108910,20,1
108910,17,2
108911,22,1
108912,3,1
108913,1,1
108913,19,2
108914,1,1
108914,20,2
108915,2,1
108915,9,2
108916,7,1
108917,6,1
108918,9,1
108919,11,1
108919,5,2
108920,12,1
108921,5,1
108921,13,2
108922,5,1
108922,16,2
108923,5,1
108924,11,1
108925,8,1
108925,5,2
108925,11,3
108926,4,1
108927,19,1
108928,6,1
108929,15,1
108929,9,2
108930,3,1
108931,13,1
108931,11,2
108932,3,1
108932,14,2
108933,13,1
108934,10,1
108935,11,1
108935,4,2
108936,19,1
108937,1,1
108938,11,1
108938,15,2
108938,5,3
108939,13,1
108939,10,2
108940,16,1
108940,3,2
108941,3,1
108941,17,2
108941,7,3
108942,5,1
108942,22,2
108942,1,3
108943,7,1
108944,4,1
108944,19,2
108945,18,1
108945,9,2
108946,11,1
108946,12,2
108946,2,3
108947,7,1
108947,14,2
108948,22,1
108948,17,2
108949,3,1
108950,15,1
108950,14,2
108950,21,3
108951,12,1
108951,20,2
108952,19,1
108952,3,2
108953,20,1
108953,13,2
108953,14,3
108954,13,1
108954,2,2
108955,5,1
108955,7,2
108956,10,1
108957,19,1
108957,12,2
108958,10,1
108958,8,2
108959,1,1
108960,7,1
108960,22,2
108961,5,1
108962,4,1
108963,5,1
108963,14,2
108964,16,1
108965,9,1
108966,9,1
108966,5,2
108967,4,1
108968,22,1
108968,10,2
108969,21,1
108970,19,1
108971,7,1
108971,17,2
108972,22,1
108973,8,1
108973,9,2
108974,4,1
108975,4,1
108976,6,1
108977,12,1
108977,18,2
108978,18,1
108979,17,1
108980,8,1
108980,6,2
108981,1,1
108982,7,1
108983,11,1
108983,3,2
108984,11,1
108984,21,2
108984,14,3
108985,22,1
108985,10,2
108986,3,1
108986,15,2
108986,20,3
108987,21,1
108987,3,2
108988,13,1
108988,8,2
108989,7,1
108989,12,2
108989,9,3
108990,3,1
108991,9,1
108991,7,2
108992,21,1
108993,6,1
108993,11,2
108994,16,1
108995,18,1
108995,19,2
108996,22,1
108996,5,2
108996,2,3
108997,18,1
108998,21,1
108999,9,1
108999,11,2
109000,2,1
109000,6,2
109001,10,1
109001,12,2
109001,15,3
109002,18,1
109003,22,1
109004,19,1
109004,22,2
109004,21,3
109005,3,1
109005,14,2
109006,12,1
109006,10,2
109007,7,1
109007,4,2
109008,11,1
109008,8,2
109008,14,3
109009,7,1
109010,17,1
109011,4,1
109011,8,2
109011,14,3
109012,10,1
109013,3,1
109013,14,2
109014,1,1
109015,8,1
109016,22,1
109017,22,1
109018,8,1
109018,13,2
109019,5,1
109020,9,1
109020,16,2
109021,20,1
109022,12,1
109022,8,2
109023,6,1
109023,4,2
109024,17,1
109025,20,1
109025,10,2
109026,22,1
109026,13,2
109027,15,1
109027,5,2
109028,14,1
109028,15,2
109028,5,3
109029,9,1
109029,3,2
109030,6,1
109030,20,2
109031,20,1
109032,4,1
109032,21,2
109033,15,1
109034,21,1
109034,15,2
109035,18,1
109036,9,1
109037,9,1
109037,1,2
109038,4,1
109038,20,2
109039,21,1
109039,12,2
109040,4,1
109041,11,1
109042,1,1
109043,4,1
109044,10,1
109045,18,1
109045,9,2
109046,20,1
109047,5,1
109047,13,2
109048,10,1
109049,14,1
109050,21,1
109050,2,2
109051,3,1
109051,9,2
109052,22,1
109053,20,1
109053,12,2
109054,14,1
109055,2,1
109055,7,2
109056,21,1
109056,11,2
109057,17,1
109058,4,1
109059,5,1
109059,20,2
109059,14,3
109060,7,1
109060,10,2
109061,12,1
109062,22,1
109062,12,2
109063,4,1
109063,20,2
109064,15,1
109065,17,1
109066,13,1
109067,22,1
109067,19,2
109068,11,1
109069,9,1
109069,8,2
109070,14,1
109070,7,2
109071,6,1
109072,4,1
109072,3,2
109073,4,1
109074,14,1
109074,12,2
109074,7,3
109075,11,1
109075,20,2
109075,12,3
109076,20,1
109076,9,2
109076,12,3
109077,14,1
109077,22,2
109078,20,1
109078,11,2
109079,22,1
109079,5,2
109080,18,1
109080,14,2
109081,2,1
109082,15,1
109082,5,2
109083,11,1
109083,21,2
109084,15,1
109085,20,1
109085,10,2
109086,3,1
109086,10,2
109086,19,3
109087,9,1
109087,6,2
109088,12,1
109088,9,2
109088,10,3
109089,2,1
109089,19,2
109090,13,1
109091,5,1
109092,12,1
109092,16,2
109093,10,1
109094,12,1
109095,22,1
109096,21,1
109096,15,2
109097,1,1
109097,7,2
109097,12,3
109098,15,1
109099,8,1
109100,15,1
109101,22,1
109101,15,2
109102,20,1
109102,16,2
109103,22,1
109104,19,1
109104,1,2
109105,21,1
109106,4,1
109107,10,1
109107,1,2
109108,8,1
109108,9,2
109109,14,1
109109,4,2
109109,12,3
109110,9,1
109110,4,2
109111,3,1
109111,16,2
109112,5,1
109113,5,1
109113,2,2
109114,11,1
109114,3,2
109115,7,1
109115,20,2
109116,6,1
109117,12,1
109117,2,2
109118,3,1
109119,9,1
109120,15,1
109120,6,2
109121,2,1
109121,12,2
109122,11,1
109122,5,2
109122,8,3
109123,7,1
109123,20,2
109124,20,1
109125,16,1
109125,12,2
109125,10,3
109126,18,1
109127,5,1
109128,8,1
109128,7,2
109129,8,1
109130,21,1
109130,18,2
109131,10,1
109131,14,2
109132,19,1
109133,7,1
109133,10,2
109133,18,3
109134,2,1
109135,10,1
109135,3,2
109136,4,1
109137,2,1
109138,9,1
109139,9,1
109139,19,2
109140,12,1
109141,19,1
109141,8,2
109142,10,1
109142,4,2
109143,22,1
109143,16,2
109143,21,3
109144,7,1
109144,10,2
109144,22,3
109145,21,1
109145,2,2
109146,15,1
109146,4,2
109146,18,3
109147,5,1
109147,4,2
109148,18,1
109148,6,2
109149,13,1
109150,14,1
109150,22,2
109151,6,1
109152,3,1
109152,17,2
109152,13,3
109153,21,1
109154,4,1
109154,22,2
109155,1,1
109156,2,1
109156,5,2
109157,8,1
109157,18,2
109157,13,3
109158,22,1
109158,16,2
109158,1,3
109159,5,1
109159,22,2
109160,15,1
109160,20,2
109161,8,1
109161,12,2
109162,9,1
109163,3,1
109163,20,2
109164,7,1
109164,12,2
109165,15,1
109166,17,1
109166,13,2
109167,19,1
109168,6,1
109168,10,2
109169,22,1
109169,6,2
109170,9,1
109171,5,1
109171,2,2
109171,8,3
109172,21,1
109173,3,1
109174,1,1
109175,20,1
109175,21,2
109176,7,1
109177,12,1
109177,16,2
109178,13,1
109179,20,1
109179,11,2
109180,21,1
109181,3,1
109181,1,2
109182,16,1
109183,7,1
109184,6,1
109184,15,2
109184,13,3
109185,11,1
109185,7,2
109185,10,3
109186,2,1
109186,6,2
109187,19,1
109187,13,2
109188,20,1
109189,6,1
109189,8,2
109190,12,1
109190,18,2
109190,11,3
109191,1,1
109191,3,2
109192,4,1
109193,22,1
109193,12,2
109193,10,3
109194,10,1
109195,10,1
109195,16,2
109196,1,1
109196,15,2
109197,12,1
109198,18,1
109199,15,1
109199,1,2
109200,22,1
109200,5,2
109200,6,3
109201,21,1
109202,11,1
109203,2,1
109203,5,2
109204,9,1
109205,21,1
109205,20,2
109206,17,1
109206,8,2
109206,19,3
109207,7,1
109208,9,1
109209,2,1
109210,16,1
109211,3,1
109212,5,1
109213,20,1
109213,15,2
109214,11,1
109215,15,1
109215,11,2
109216,4,1
109216,5,2
109216,14,3
109217,2,1
109218,16,1
109218,20,2
109219,21,1
109220,7,1
109220,1,2
109221,6,1
109221,12,2
109222,13,1
109223,18,1
109224,6,1
109224,4,2
109225,16,1
109225,10,2
109226,4,1
109227,7,1
109227,10,2
109228,12,1
109229,21,1
109229,20,2
109230,13,1
109230,12,2
109230,6,3
109231,6,1
109232,11,1
109232,20,2
109233,19,1
109234,10,1
109235,10,1
109236,7,1
109236,15,2
109237,7,1
109238,18,1
109238,6,2
109239,14,1
109240,17,1
109240,12,2
109240,18,3
109241,10,1
109242,14,1
109242,19,2
109242,12,3
109243,11,1
109243,22,2
109244,1,1
109244,11,2
109245,14,1
109246,2,1
109246,13,2
109247,19,1
109248,9,1
109249,3,1
109249,4,2
109250,21,1
109251,20,1
109252,11,1
109253,15,1
109254,6,1
109255,13,1
109256,16,1
109256,20,2
109256,12,3
109257,18,1
109258,10,1
109259,14,1
109259,1,2
109260,21,1
109260,13,2
109261,6,1
109262,2,1
109262,10,2
109263,5,1
109264,11,1
109264,1,2
109265,21,1
109265,6,2
109266,20,1
109267,11,1
109268,6,1
109269,8,1
109269,18,2
109270,19,1
109271,10,1
109271,9,2
109272,13,1
109272,5,2
109273,13,1
109273,8,2
109274,4,1
109275,10,1
109275,17,2
109276,19,1
109277,21,1
109277,3,2
109278,4,1
109279,20,1
109280,9,1
109280,12,2
109280,18,3
109281,18,1
109281,11,2
109282,21,1
109283,8,1
109283,11,2
109283,17,3
109284,10,1
109284,19,2
109285,20,1
109285,22,2
109286,3,1
109286,14,2
109287,8,1
109287,12,2
109288,21,1
109288,20,2
109288,11,3
109289,18,1
109290,21,1
109290,22,2
109291,5,1
109292,19,1
109292,2,2
109292,3,3
109293,16,1
109293,22,2
109294,19,1
109295,3,1
109296,10,1
109297,14,1
109297,8,2
109298,1,1
109299,20,1
109299,4,2
109300,2,1
109300,11,2
109300,22,3
109301,22,1
109302,11,1
109302,20,2
109302,13,3
109303,4,1
109303,20,2
109304,21,1
109304,9,2
109305,12,1
109306,12,1
109306,17,2
109307,22,1
109308,12,1
109308,20,2
109308,9,3
109309,1,1
109310,6,1
109310,1,2
109311,10,1
109311,3,2
109312,6,1
109312,18,2
109313,14,1
109313,11,2
109314,2,1
109315,18,1
109315,15,2
109316,11,1
109317,12,1
109318,11,1
109319,4,1
109319,20,2
109319,2,3
109320,15,1
109320,12,2
109321,15,1
109321,1,2
109322,15,1
109322,19,2
109322,13,3
109323,1,1
109323,22,2
109324,22,1
109325,9,1
109326,12,1
109327,6,1
109327,18,2
109328,18,1
109329,20,1
109330,12,1
109331,12,1
109331,18,2
109332,16,1
109332,15,2
109332,2,3
109333,19,1
109333,20,2
109334,5,1
109334,14,2
109335,22,1
109335,4,2
109336,13,1
109336,19,2
109337,9,1
109337,20,2
109338,1,1
109339,21,1
109339,6,2
109340,4,1
109340,1,2
109341,8,1
109342,3,1
109343,1,1
109343,20,2
109344,9,1
109344,12,2
109345,13,1
109345,19,2
109345,4,3
109346,16,1
109347,9,1
109348,7,1
109348,18,2
109349,21,1
109350,7,1
109350,16,2
109351,17,1
109352,9,1
109352,19,2
109353,8,1
109353,18,2
109354,17,1
109354,16,2
109355,4,1
109355,18,2
109356,21,1
109356,22,2
109357,22,1
109357,3,2
109358,8,1
109359,16,1
109360,22,1
109360,6,2
109361,4,1
109362,6,1
109363,21,1
109364,1,1
109364,22,2
109365,4,1
109366,17,1
109367,20,1
109367,14,2
109368,17,1
109369,20,1
109369,21,2
109370,17,1
109371,7,1
109371,22,2
109372,6,1
109372,2,2
109372,17,3
109373,6,1
109373,2,2
109373,10,3
109374,10,1
109375,8,1
109375,11,2
109376,16,1
109377,18,1
109377,4,2
109378,9,1
109379,16,1
109379,4,2
109380,2,1
109380,10,2
109381,22,1
109381,11,2
109381,20,3
109382,1,1
109382,21,2
109383,10,1
109384,9,1
109385,16,1
109385,2,2
109386,18,1
109386,21,2
109387,8,1
109387,21,2
109388,8,1
109388,16,2
109389,9,1
109389,7,2
109390,8,1
109391,2,1
109391,11,2
109391,22,3
109392,6,1
109393,21,1
109394,8,1
109395,12,1
109396,8,1
109396,14,2
109397,6,1
109397,2,2
109398,11,1
109399,20,1
109399,16,2
109400,18,1
109400,12,2
109401,13,1
109401,6,2
109401,3,3
109402,15,1
109403,2,1
109404,2,1
109405,4,1
109405,5,2
109406,15,1
109407,22,1
109407,13,2
109408,21,1
109409,22,1
109409,7,2
109410,19,1
109411,8,1
109412,11,1
109412,2,2
109413,4,1
109413,8,2
109414,20,1
109415,19,1
109416,19,1
109417,19,1
109418,17,1
109419,19,1
109420,9,1
109420,12,2
109420,22,3
109421,19,1
109421,9,2
109421,20,3
109422,12,1
109423,5,1
109424,2,1
109424,10,2
109425,10,1
109425,5,2
109426,15,1
109426,12,2
109427,19,1
109428,1,1
109429,13,1
109429,11,2
109429,4,3
109430,10,1
109430,9,2
109431,12,1
109432,17,1
109432,3,2
109433,11,1
109433,6,2
109434,17,1
109435,18,1
109435,22,2
109436,10,1
109436,13,2
109437,1,1
109438,20,1
109438,8,2
109439,9,1
109439,8,2
109440,16,1
109440,18,2
109440,10,3
109441,8,1
109442,4,1
109442,8,2
109442,14,3
109443,20,1
109443,16,2
109444,17,1
109445,7,1
109446,16,1
109446,5,2
109447,15,1
109447,4,2
109448,9,1
109448,5,2
109448,6,3
109449,6,1
109450,1,1
109450,7,2
109450,17,3
109451,9,1
109451,4,2
109452,16,1
109453,8,1
109454,15,1
109454,5,2
109454,2,3
109455,3,1
109456,12,1
109456,7,2
109457,2,1
109457,22,2
109458,14,1
109459,8,1
109460,20,1
109460,18,2
109461,18,1
109461,16,2
109462,7,1
109462,8,2
109462,12,3
109463,1,1
109464,17,1
109464,7,2
109465,15,1
109465,12,2
109465,22,3
109466,6,1
109466,14,2
109466,8,3
109467,3,1
109468,9,1
109468,12,2
109469,2,1
109469,18,2
109470,17,1
109470,19,2
109471,19,1
109471,17,2
109472,22,1
109472,3,2
109472,17,3
109473,4,1
109474,20,1
109474,9,2
109475,4,1
109476,18,1
109476,8,2
109477,21,1
109478,9,1
109479,22,1
109480,21,1
109480,11,2
109480,7,3
109481,7,1
109481,10,2
109482,15,1
109482,4,2
109483,15,1
109483,5,2
109484,9,1
109484,2,2
109485,19,1
109485,22,2
109486,6,1
109486,10,2
109486,5,3
109487,7,1
109488,2,1
109488,1,2
109489,3,1
109489,22,2
109490,15,1
109490,8,2
109491,7,1
109492,10,1
109493,1,1
109493,22,2
109494,22,1
109494,16,2
109495,6,1
109495,10,2
109496,17,1
109497,19,1
109498,16,1
109498,4,2
109499,3,1
109499,6,2
109500,20,1
109501,19,1
109501,14,2
109502,3,1
109502,2,2
109502,5,3
109503,4,1
109504,17,1
109504,22,2
109505,6,1
109506,10,1
109506,21,2
109506,20,3
109507,2,1
109508,19,1
109509,3,1
109509,12,2
109510,18,1
109511,3,1
109512,19,1
109512,15,2
109512,16,3
109513,12,1
109513,4,2
109514,12,1
109515,2,1
109515,4,2
109516,2,1
109516,12,2
109517,1,1
109518,15,1
109518,13,2
109519,22,1
109520,8,1
109520,4,2
109521,11,1
109522,12,1
109522,3,2
109523,2,1
109524,13,1
109525,18,1
109525,12,2
109526,10,1
109527,16,1
109528,8,1
109528,18,2
109528,9,3
109529,15,1
109529,21,2
109530,3,1
109530,18,2
109531,12,1
109532,13,1
109532,8,2
109533,6,1
109533,4,2
109534,3,1
109535,7,1
109535,14,2
109536,16,1
109537,11,1
109537,4,2
109537,3,3
109538,22,1
109539,2,1
109539,7,2
109540,3,1
109540,2,2
109540,5,3
109541,8,1
109542,12,1
109543,15,1
109544,18,1
109544,6,2
109545,6,1
109545,5,2
109546,11,1
109546,10,2
109547,13,1
109547,11,2
109548,22,1
109548,9,2
109548,16,3
109549,3,1
109550,3,1
109551,12,1
109552,2,1
109552,7,2
109553,8,1
109554,10,1
109555,7,1
109556,9,1
109557,15,1
109558,5,1
109558,6,2
109559,16,1
109560,16,1
109561,15,1
109562,9,1
109562,12,2
109563,11,1
109563,6,2
109563,5,3
109564,6,1
109565,12,1
109565,20,2
109566,9,1
109566,5,2
109567,20,1
109568,2,1
109569,8,1
109570,20,1
109570,21,2
109571,2,1
109571,21,2
109571,7,3
109572,17,1
109573,8,1
109573,3,2
109574,2,1
109575,13,1
109576,8,1
109576,19,2
109577,6,1
109577,3,2
109578,21,1
109579,22,1
109579,11,2
109580,6,1
109581,3,1
109582,22,1
109583,7,1
109583,21,2
109584,2,1
109585,14,1
109585,18,2
109586,17,1
109587,17,1
109588,12,1
109588,17,2
109589,8,1
109589,14,2
109590,9,1
109591,15,1
109591,12,2
109592,15,1
109592,19,2
109593,16,1
109593,9,2
109594,10,1
109595,21,1
109595,19,2
109595,2,3
109596,10,1
109596,7,2
109597,6,1
109598,11,1
109598,13,2
109599,19,1
109599,16,2
109600,17,1
109600,11,2
109601,15,1
109602,21,1
109602,14,2
109603,16,1
109603,6,2
109604,8,1
109604,2,2
109605,4,1
109605,11,2
109606,18,1
109606,13,2
109607,17,1
109607,22,2
109607,20,3
109608,4,1
109609,20,1
109610,22,1
109610,6,2
109611,14,1
109611,16,2
109612,21,1
109613,19,1
109613,5,2
109614,6,1
109615,4,1
109616,1,1
109617,20,1
109617,12,2
109618,21,1
109618,13,2
109619,3,1
109620,18,1
109620,16,2
109621,2,1
109622,6,1
109623,8,1
109624,8,1
109625,1,1
109625,3,2
109626,14,1
109627,4,1
109628,16,1
109628,6,2
109629,22,1
109629,10,2
109630,2,1
109631,16,1
109632,1,1
109633,8,1
109634,17,1
109635,9,1
109635,2,2
109636,3,1
109637,7,1
109638,8,1
109638,16,2
109639,15,1
109640,9,1
109641,15,1
109642,18,1
109642,15,2
109643,8,1
109644,21,1
109645,14,1
109646,5,1
109646,15,2
109647,6,1
109648,14,1
109648,2,2
109649,1,1
109650,21,1
109650,20,2
109650,15,3
109651,2,1
109652,15,1
109653,17,1
109654,12,1
109655,13,1
109655,3,2
109656,13,1
109656,4,2
109657,11,1
109658,15,1
109658,2,2
109659,2,1
109660,4,1
109660,1,2
109661,5,1
109661,4,2
109661,6,3
109662,18,1
109662,7,2
109663,20,1
109663,2,2
109664,2,1
109665,3,1
109666,18,1
109666,3,2
109667,19,1
109667,7,2
109668,19,1
109668,4,2
109669,13,1
109670,14,1
109670,20,2
109670,17,3
109671,3,1
109671,2,2
109672,4,1
109672,10,2
109673,3,1
109673,14,2
109674,6,1
109675,5,1
109675,12,2
109676,13,1
109677,5,1
109678,19,1
109678,11,2
109678,17,3
109679,4,1
109679,14,2
109680,4,1
109681,16,1
109682,5,1
109683,9,1
109683,10,2
109684,20,1
109684,13,2
109685,2,1
109686,9,1
109686,6,2
109686,3,3
109687,22,1
109687,5,2
109688,9,1
109688,21,2
109688,17,3
109689,15,1
109690,20,1
109690,11,2
109690,1,3
109691,6,1
109691,10,2
109691,5,3
109692,21,1
109692,5,2
109692,14,3
109693,12,1
109694,4,1
109695,21,1
109695,11,2
109696,15,1
109697,4,1
109697,22,2
109698,5,1
109698,1,2
109698,13,3
109699,7,1
109700,21,1
109700,5,2
109701,4,1
109702,14,1
109702,15,2
109703,15,1
109704,17,1
109705,6,1
109705,17,2
109706,18,1
109706,1,2
109707,7,1
109707,20,2
109708,10,1
109709,8,1
109709,2,2
109710,13,1
109710,14,2
109711,15,1
109712,14,1
109712,6,2
109713,2,1
109713,21,2
109714,20,1
109715,21,1
109715,10,2
109716,20,1
109716,3,2
109717,21,1
109717,2,2
109718,16,1
109719,14,1
109720,20,1
109721,9,1
109722,11,1
109722,21,2
109722,17,3
109723,10,1
109723,14,2
109724,15,1
109725,4,1
109725,8,2
109726,21,1
109726,15,2
109727,7,1
109728,15,1
109729,19,1
109729,7,2
109730,6,1
109730,17,2
109731,15,1
109731,7,2
109732,6,1
109733,13,1
109733,14,2
109734,9,1
109734,18,2
109734,21,3
109735,16,1
109736,20,1
109736,10,2
109737,10,1
109737,11,2
109737,21,3
109738,2,1
109739,1,1
109740,5,1
109740,21,2
109741,10,1
109742,14,1
109743,19,1
109744,7,1
109745,18,1
109745,6,2
109746,7,1
109746,5,2
109746,8,3
109747,11,1
109748,7,1
109748,12,2
109749,17,1
109750,5,1
109750,17,2
109751,14,1
109751,12,2
109752,22,1
109752,12,2
109753,21,1
109754,1,1
109755,8,1
109755,20,2
109755,18,3
109756,7,1
109757,21,1
109758,13,1
109759,20,1
109760,12,1
109761,16,1
109761,1,2
109762,10,1
109763,4,1
109763,3,2
109764,17,1
109765,13,1
109766,7,1
109766,3,2
109767,20,1
109768,18,1
109769,12,1
109770,13,1
109770,11,2
109771,3,1
109772,20,1
109773,21,1
109774,12,1
109775,20,1
109775,5,2
109776,12,1
109777,21,1
109778,18,1
109778,3,2
109778,2,3
109779,19,1
109780,10,1
109780,8,2
109781,5,1
109782,8,1
109783,1,1
109784,11,1
109784,13,2
109785,5,1
109785,15,2
109786,21,1
109786,7,2
109787,21,1
109787,17,2
109788,7,1
109789,13,1
109789,15,2
109789,14,3
109790,21,1
109790,4,2
109791,8,1
109792,2,1
109793,8,1
109794,17,1
109794,16,2
109795,9,1
109795,4,2
109795,6,3
109796,10,1
109797,8,1
109798,13,1
109799,9,1
109799,13,2
109800,10,1
109800,7,2
109801,7,1
109801,17,2
109802,3,1
109802,14,2
109803,5,1
109803,18,2
109804,11,1
109804,10,2
109805,12,1
109805,18,2
109806,16,1
109807,18,1
109808,10,1
109808,16,2
109809,5,1
109809,17,2
109810,16,1
109810,6,2
109810,21,3
109811,20,1
109812,19,1
109813,19,1
109813,18,2
109814,10,1
109815,10,1
109816,21,1
109817,5,1
109817,4,2
109817,1,3
109818,10,1
109819,20,1
109819,13,2
109820,16,1
109821,11,1
109822,12,1
109822,7,2
109823,21,1
109823,2,2
109824,15,1
109824,20,2
109825,13,1
109825,5,2
109826,14,1
109826,20,2
109826,6,3
109827,7,1
109827,8,2
109828,8,1
109828,1,2
109829,22,1
109830,5,1
109830,21,2
109831,12,1
109832,20,1
109832,11,2
109832,22,3
109833,21,1
109834,7,1
109835,16,1
109836,7,1
109836,4,2
109837,12,1
109838,12,1
109839,16,1
109839,2,2
109840,4,1
109841,4,1
109841,3,2
109842,4,1
109843,22,1
109843,7,2
109844,7,1
109845,10,1
109846,21,1
109846,6,2
109847,3,1
109848,19,1
109849,8,1
109850,18,1
109850,16,2
109851,3,1
109852,22,1
109853,7,1
109853,12,2
109854,22,1
109854,17,2
109855,3,1
109855,2,2
109856,9,1
109856,18,2
109856,6,3
109857,6,1
109858,16,1
109858,7,2
109859,9,1
109859,7,2
109860,7,1
109860,4,2
109861,5,1
109862,20,1
109863,18,1
109863,14,2
109864,22,1
109864,16,2
109865,5,1
109865,22,2
109866,16,1
109866,11,2
109867,8,1
109868,15,1
109869,2,1
109869,19,2
109870,12,1
109871,13,1
109872,19,1
109873,21,1
109874,18,1
109875,13,1
109876,19,1
109876,9,2
109877,14,1
109878,19,1
109879,4,1
109880,3,1
109880,11,2
109881,21,1
109882,11,1
109882,10,2
109883,6,1
109883,13,2
109883,5,3
109884,2,1
109885,22,1
109886,8,1
109886,14,2
109887,8,1
109888,4,1
109888,18,2
109889,6,1
109890,22,1
109891,12,1
109892,7,1
109893,2,1
109893,15,2
109894,8,1
109894,20,2
109895,15,1
109895,3,2
109896,10,1
109896,17,2
109897,11,1
109898,10,1
109898,7,2
109898,1,3
109899,21,1
109900,11,1
109901,15,1
109901,16,2
109902,10,1
109903,10,1
109904,12,1
109904,4,2
109905,4,1
109905,13,2
109906,6,1
109907,8,1
109907,14,2
109908,11,1
109909,12,1
109910,17,1
109911,13,1
109911,2,2
109912,2,1
109913,11,1
109914,13,1
109915,2,1
109916,19,1
109916,21,2
109916,22,3
109917,17,1
109918,5,1
109918,14,2
109918,3,3
109919,14,1
109919,17,2
109919,20,3
109920,12,1
109921,7,1
109921,5,2
109922,9,1
109923,4,1
109923,21,2
109924,3,1
109924,6,2
109925,1,1
109925,22,2
109926,9,1
109926,7,2
109927,17,1
109927,10,2
109928,7,1
109928,11,2
109929,13,1
109929,2,2
109930,3,1
109931,22,1
109931,5,2
109932,17,1
109933,13,1
109933,21,2
109934,18,1
109935,7,1
109936,19,1
109936,21,2
109937,16,1
109937,3,2
109938,17,1
109938,19,2
109939,8,1
109939,18,2
109940,4,1
109940,20,2
109941,20,1
109941,5,2
109942,11,1
109943,17,1
109944,15,1
109944,12,2
109944,14,3
109945,4,1
109945,17,2
109946,17,1
109947,15,1
109948,11,1
109948,5,2
109949,5,1
109950,3,1
109951,22,1
109952,8,1
109952,6,2
109953,13,1
109953,14,2
109954,3,1
109955,16,1
109955,7,2
109956,3,1
109957,15,1
109957,10,2
109958,4,1
109958,8,2
109959,16,1
109960,14,1
109960,6,2
109961,12,1
109961,11,2
109962,16,1
109962,14,2
109963,3,1
109963,17,2
109964,11,1
109964,14,2
109965,14,1
109965,21,2
109966,4,1
109966,13,2
109967,4,1
109968,16,1
109969,11,1
109970,7,1
109971,18,1
109972,7,1
109973,8,1
109974,1,1
109974,7,2
109975,13,1
109976,16,1
109977,19,1
109978,21,1
109979,15,1
109979,11,2
109979,10,3
109980,10,1
109980,14,2
109981,10,1
109981,9,2
109982,4,1
109982,17,2
109983,16,1
109983,7,2
109984,18,1
109984,22,2
109985,5,1
109986,11,1
109986,17,2
109987,16,1
109987,9,2
109988,12,1
109988,2,2
109989,3,1
109990,7,1
109991,22,1
109992,2,1
109993,22,1
109993,14,2
109994,14,1
109995,14,1
109995,8,2
109996,9,1
109996,10,2
109997,16,1
109998,10,1
109999,11,1
110000,21,1
110000,17,2
104516,2,1
101406,3,2
108398,4,3
104453,21,2
104877,11,1
106096,18,3
102337,20,1
104594,9,2
109154,4,1
107006,18,2
103597,21,2
101057,11,2
105349,18,1
107211,9,2
102565,12,2
109466,6,1
103437,4,3
103678,16,2
102386,19,2
101715,12,1
107623,4,2
109840,4,1
104759,5,1
100631,20,1
107045,7,2
101439,10,1
105611,4,1
109866,11,2
103448,2,2
108171,13,1
103220,20,2
104814,6,2
106835,18,2
108179,17,1
102020,11,2
107204,15,1
101186,19,1
104322,4,2
106162,20,1
109151,6,1
105217,20,2
102692,13,1
109976,16,1
108526,10,2
105189,2,2
102440,14,1
102126,15,1
102517,2,1
106934,11,1
109964,14,2
109377,4,2
101023,14,2
106716,22,1
100052,16,2
107100,19,1
108783,19,1
104239,11,1
107599,6,2
108935,4,2
102054,10,1
107689,20,1
107681,4,1
104744,17,1
100002,15,2
107258,4,1
109739,1,1
106041,19,1
109092,16,2
101486,10,1
109312,6,1
103863,8,1
108034,13,1
101662,17,2
102627,14,2
103632,13,2
