RestaurantID,Restaurant Name,LocationID,Price range,Aggregate rating,Rating text,Votes,Latitude,Longitude
100001,Spice Restaurant 282,2,1.0,2.5,Average,379.0,28.43612098286685,76.97369145751658
100002,Royal Restaurant 105,12,1.0,3.4,Good,214.0,23.042939712543006,72.62025271668423
100003,Grill Kitchen 605,7,1.0,3.8,Good,1655.0,18.582489664803372,73.82002583939419
100004,Spice Kitchen 224,5,2.0,2.4,Average,736.0,19.05532132757893,72.83891900943263
100005,Biryani Blues,1,2.0,4.3,Very Good,1604.0,28.648138834644104,77.17778888919798
100006,Subway,1,3.0,3.3,Good,443.0,28.69220287760524,77.27688276002051
100007,Bistro Lounge 430,1,1.0,2.4,Average,177.0,28.668666623573387,77.28058957589077
100008,Biryani Blues,10,2.0,3.7,Good,123.0,22.558464431022003,88.34472204361875
100009,Spice Hub 715,5,2.0,0.0,Not rated,18.0,19.106399699424188,72.93739666632246
100010,The Food Hub 221,6,2.0,3.1,Good,333.0,12.983479233797592,77.5145548302724
100011,Kitchen Kitchen 95,1,3.0,3.1,Good,370.0,28.590819211510258,77.24099198637258
100012,Kitchen Express 619,13,2.0,2.7,Average,105.0,25.21975525902336,55.31854602946395
100013,Spice Restaurant 471,9,3.0,3.9,Good,457.0,13.066116653420698,80.32342544531421
100014,Tasty Kitchen 566,1,1.0,2.8,Average,110.0,28.618252377721,77.21169140985687
100015,House Cafe 907,1,2.0,2.3,Average,441.0,28.56565608011788,77.2288127223284
100016,Cafe Point 722,1,1.0,3.4,Good,63.0,28.552197415458313,77.18390099795138
100017,The Belgian Waffle Co,1,1.0,2.2,Average,39.0,28.60387120875215,77.20988017428019
100018,Cafe Coffee Day,4,1.0,2.3,Average,110.0,28.42003495466901,77.31205244608032
100019,Green Kitchen 390,3,1.0,3.8,Good,585.0,28.496024771145038,77.38323984300662
100020,House Express 167,1,1.0,2.2,Average,34.0,28.632320333903532,77.24871298131937
100021,Green Bites 274,5,1.0,1.5,Poor,465.0,19.07749623293857,72.88522323024245
100022,House Bites 74,1,1.0,3.4,Good,24.0,28.636658809086416,77.26826103028274
100023,Royal Lounge 747,1,3.0,3.2,Good,133.0,28.646997349437566,77.2176791567022
100024,Curry House 277,2,1.0,2.9,Average,29.0,28.506525182503573,77.10329594039692
100025,House Restaurant 571,3,2.0,3.0,Good,6.0,28.55661452213047,77.43395235092599
100026,Pizza Hut,8,1.0,3.2,Good,287.0,17.374665748066896,78.48366197911787
100027,SPICE POINT 842,1,3.0,2.9,Average,136.0,28.62051019639323,77.21511090612186
100028,Pizza Hut,4,3.0,4.4,Very Good,41.0,28.49042133259101,77.28840046814372
100029,Urban Point 936,5,2.0,2.2,Average,76.0,19.110491264914128,72.88330723721027
100030,Bistro Express 218,1,2.0,3.5,Good,337.0,28.61640376226315,77.17461183282082
100031,Tasty Bites 470,5,1.0,3.4,Good,120.0,19.07073131678858,72.92426293729291
100032,McDonald's,1,4.0,3.1,Good,138.0,28.592961622167724,77.19697371296098
100033,Grill Lounge 270,1,3.0,2.7,Average,99.0,28.57234805065934,77.22144768746787
100034,Tasty Cafe 409,12,3.0,4.1,Very Good,107.0,23.082283967946502,72.49155470350676
100035,Royal Lounge 506,13,2.0,2.6,Average,75.0,25.221547466680526,55.26145046222329
100036,Domino's Pizza,8,1.0,2.6,Average,73.0,17.340590104755204,78.4736918516613
100037,Royal Bites 164,1,3.0,4.0,Very Good,84.0,28.609513149325327,77.24123231904645
100038,Tasty Cafe 66,1,1.0,3.0,Good,48.0,28.658367096369293,77.22728710986455
100039,Cafe Studio 542,6,2.0,2.0,Average,86.0,12.955957094485019,77.63024077271972
100040,Grill Corner 697,3,1.0,4.1,Very Good,99.0,28.506992966660984,77.4064927099795
100041,House Lounge 769,1,3.0,3.1,Good,46.0,28.62638690766188,77.25206947277037
100042,House Express 115,3,1.0,2.7,Average,424.0,28.558535263411418,77.40566953895599
100043,Royal Studio 4,1,1.0,3.2,Good,849.0,28.598301098506525,77.16083196805461
100044,Bistro Garden 996,11,2.0,3.6,Good,198.0,26.891416149510704,75.78413903874673
100045,Royal Lounge 935,1,2.0,4.5,Excellent,263.0,28.63002054909899,77.2076417747855
100046,The Belgian Waffle Co,6,2.0,2.1,Average,60.0,12.93223041357513,77.48031839624726
100047,House Lounge 624,1,1.0,3.5,Good,737.0,28.59506293129414,77.17342120792601
100048,Pizza Hut,4,1.0,3.5,Good,1707.0,28.40468742631663,77.38926075591132
100049,Grill Lounge 941,4,2.0,3.1,Good,145.0,28.43476612185176,77.30819075384377
100050,Pizza Hut,1,4.0,4.1,Very Good,115.0,28.598931442008762,77.205312906016
100051,Urban Express 900,13,3.0,4.0,Very Good,332.0,25.224515041674625,55.19455791396536
100052,The Food Point 60,8,2.0,2.3,Average,175.0,17.425811225218727,78.43954680363933
100053,Cafe Kitchen 88,12,3.0,4.5,Excellent,129.0,,72.58835170392577
100054,Urban Lounge 785,11,1.0,2.0,Average,251.0,27.025202495486997,75.77103380475708
100055,The Belgian Waffle Co,5,2.0,2.5,Average,504.0,19.125685261794736,72.83888863357245
100056,Grill Hub 272,11,2.0,3.0,Good,65.0,26.92193586554524,75.83270836827585
100057,Cafe House 988,1,1.0,4.3,Very Good,5561.0,28.607537471726186,77.18446002327228
100058,Haldiram's,1,3.0,3.2,Good,26.0,28.59446380400603,77.16346729714327
100059,Bistro Point 731,1,2.0,3.2,Good,62.0,28.67204445042893,77.21041609702652
100060,House Bites 383,2,1.0,3.9,Good,284.0,28.46686748972144,76.99807641472191
100061,Grill Studio 124,2,1.0,2.8,Average,2764.0,28.409141324586564,76.99803182691102
100062,Urban Express 22,1,1.0,2.2,Average,72.0,28.553975739368365,77.20686127866207
100063,Green Cafe 226,9,2.0,2.9,Average,44.0,13.086635458077621,80.24817512332702
100064,Starbucks,2,1.0,3.9,Good,421.0,28.464205587943574,76.96825780885553
100065,Green Kitchen 928,1,1.0,3.0,Good,127.0,28.581806023113568,77.22854982199323
100066,Pizza Hut,4,2.0,4.5,Excellent,556.0,28.355894711270206,77.34810730079882
100067,Subway,1,2.0,3.7,Good,185.0,28.54519188863815,77.2002292314358
100068,Curry Point 553,8,2.0,2.8,Average,57.0,17.35842344750874,78.50840576621772
100069,Biryani Blues,1,2.0,3.2,Good,3429.0,28.601203818076982,77.19608832118406
100070,Green Studio 827,14,3.0,2.8,Average,4.0,51.531611993240034,-0.1946484051695745
100071,Urban Kitchen 675,8,3.0,3.0,Good,1694.0,17.380438311436745,78.51807482464004
100072,Tasty House 479,1,3.0,5.0,Excellent,868.0,28.651139552997908,77.20552849174167
100073,Spice Bites 670,1,2.0,3.9,Good,83.0,28.635077502360375,77.21428491264155
100074,Urban Corner 413,9,1.0,3.6,Good,2064.0,13.100663052129516,80.26697855084342
100075,Urban Point 197,6,4.0,3.2,Good,32.0,13.005873702550499,77.58824485325252
100076,Barbeque Nation,7,1.0,4.0,Very Good,765.0,18.471865690242634,73.8616717208139
100077,McDonald's,8,1.0,3.7,Good,15.0,17.366231465221844,78.49234272330237
100078,Green Kitchen 454,1,1.0,4.2,Very Good,54.0,28.697949508457192,77.25322359519899
100079,Grill Kitchen 52,2,1.0,4.2,Very Good,53.0,28.392782051792487,77.04193522707999
100080,Grill Corner 993,1,4.0,2.6,Average,62.0,28.60347726116771,77.25017891534505
100081,Subway,10,2.0,2.5,Average,158.0,22.589265203184482,88.41664646912476
100082,Barbeque Nation,5,2.0,2.5,Average,55.0,19.01030720584607,72.82130159697144
100083,Tasty Corner 169,2,2.0,0.0,Not rated,7.0,28.433156188390868,77.07128363791055
100084,Tasty Garden 949,1,2.0,3.4,Good,339.0,28.683759871316145,77.23185841616116
100085,Curry Garden 434,1,1.0,2.6,Average,169.0,28.619865417068365,77.2260943115033
100086,Bistro Lounge 678,2,2.0,4.5,Excellent,403.0,28.43939416594103,77.06123484971764
100087,Royal Point 304,7,2.0,4.4,Very Good,293.0,18.52776645568262,73.84743203701788
100088,Domino's Pizza,5,1.0,3.0,Good,574.0,19.055827446895112,72.89879050022945
100089,Grill Corner 766,10,2.0,4.5,Excellent,220.0,22.632538255464112,88.3268778629125
100090,Spice Cafe 489,3,1.0,4.0,Very Good,769.0,28.50081405453887,77.34157816461698
100091,Grill Hub 59,1,1.0,2.7,Average,61.0,28.595602274041507,77.22760905717651
100092,Urban Hub 71,7,1.0,1.7,Poor,53.0,18.468172239471652,73.85426865476768
100093,House Point 414,7,1.0,2.9,Average,951.0,18.510059418884804,73.8565981130916
100094,Biryani Blues,5,3.0,3.0,Good,948.0,19.069890197438923,72.84978235756154
100095,Cafe Corner 635,8,3.0,3.5,Good,398.0,17.42684742323633,78.50039119556402
100096,The Belgian Waffle Co,3,1.0,3.1,Good,58.0,28.49991440905435,77.37607810690344
100097,Grill Express 958,4,2.0,3.2,Good,54.0,28.4258269977789,77.31617035092403
100098,House Restaurant 322,3,2.0,3.5,Good,1022.0,28.538535449526126,77.37396605379556
100099,Burger King,1,1.0,2.2,Average,716.0,28.547662329473837,77.18092789443338
100100,The Belgian Waffle Co,1,1.0,3.3,Good,171.0,28.58851447551684,77.20175452824955
100101,Kitchen Kitchen 10,1,4.0,3.3,Good,3475.0,28.587122833567545,77.25049551041661
100102,Cafe Kitchen 76,5,2.0,3.3,Good,330.0,19.13490637936433,72.8611462614005
100103,Grill Garden 136,1,4.0,4.2,Very Good,56.0,28.633000440647788,77.20456818135139
100104,Urban Point 379,4,1.0,2.2,Average,103.0,28.41396346307395,77.3085213086831
100105,Curry Lounge 721,11,2.0,3.0,Good,175.0,26.76206131555762,75.76500118456362
100106,House Lounge 9,1,1.0,2.9,Average,189.0,28.547110570808243,77.25202344050747
100107,Grill Garden 955,2,1.0,2.7,Average,777.0,28.48497258111786,76.9789418520698
100108,Royal Garden 119,7,2.0,3.8,Good,62.0,18.54777149774122,73.85371183423702
100109,Bistro Lounge 160,1,1.0,2.5,Average,29.0,28.58792131285547,77.17947713719643
100110,Cafe Point 735,1,1.0,2.6,Average,338.0,28.614868737377503,77.22885298441217
100111,House Bites 874,1,1.0,2.5,Average,82.0,28.612386721956177,77.21368696742024
100112,Curry Garden 928,1,1.0,3.7,Good,4202.0,28.619830607258848,77.25038000268636
100113,Spice Kitchen 650,12,2.0,2.9,Average,553.0,23.009479841347595,72.59710942464046
100114,The Food Corner 4,8,2.0,3.5,Good,100.0,17.41353789450595,78.48955594292661
100115,Royal Bites 269,5,1.0,4.3,Very Good,1055.0,19.114713839804,72.90375204856942
100116,Barbeque Nation,10,1.0,3.0,Good,433.0,22.53901342670028,88.39315151506072
100117,Tasty Lounge 10,8,1.0,3.7,Good,448.0,17.343196957889262,78.45476247124675
100118,Starbucks,1,2.0,4.3,Very Good,198.0,28.586036001904144,77.23605964192974
100119,Grill Corner 855,10,1.0,3.7,Good,343.0,22.574305130661177,88.3743041906447
100120,Grill Hub 441,4,5.0,3.2,Good,13.0,28.421347093420323,77.33493144064073
100121,Cafe Coffee Day,8,1.0,3.4,Good,986.0,17.412595750175235,78.47243522281627
100122,Spice Express 216,11,1.0,2.2,Average,1.0,26.946399766014462,75.75739771915329
100123,House Kitchen 363,1,3.0,2.9,Average,98.0,28.626585701309327,77.17280248152072
100124,Tasty Cafe 768,1,2.0,2.8,Average,22.0,28.621935713915274,77.08971038937355
100125,Subway,1,1.0,4.5,Excellent,129.0,28.671611342751685,77.18417315162945
100126,Royal House 26,3,3.0,2.9,Average,155.0,28.53567500134823,77.4763739251249
100127,Pizza Hut,9,2.0,2.7,Average,36.0,13.103351639044806,80.29948444341031
100128,Tasty Bites 885,10,3.0,2.7,Average,5.0,22.58380891263158,88.37504612708726
100129,Green Garden 164,1,2.0,3.6,Good,257.0,28.60783847565871,77.24263638862068
100130,Urban House 894,4,2.0,3.3,Good,2525.0,28.40306942819238,77.30869893346004
100131,Barbeque Nation,2,4.0,4.3,Very Good,149.0,28.505768486846215,77.01288303356128
100132,Barbeque Nation,1,1.0,3.4,Good,630.0,28.610741939278995,77.19884176557721
100133,Green Point 25,1,2.0,2.3,Average,978.0,28.601556579493145,77.18323997937524
100134,Tasty Express 286,2,2.0,2.7,Average,15.0,28.433703049382746,77.00372045015533
100135,,12,1.0,3.9,Good,119.0,23.037288739869926,72.57084675307053
100136,House Lounge 340,1,1.0,2.9,Average,34.0,28.595975168892757,77.21125621623482
100137,Urban Garden 183,4,1.0,3.8,Good,75.0,28.42051280710973,77.36421724377081
100138,The Food Corner 112,6,2.0,3.1,Good,1494.0,12.977820330900476,77.63046267026603
100139,Kitchen Restaurant 806,2,2.0,2.6,Average,210.0,28.44454141934593,76.9746058231718
100140,Cafe Lounge 119,13,2.0,3.0,Good,466.0,25.155954552035148,55.260494134367235
100141,Cafe Point 261,13,1.0,2.4,Average,144.0,25.16877714912633,55.23210329585183
100142,Burger King,1,2.0,2.8,Average,36.0,28.58338449673749,77.11770869777895
100143,Haldiram's,3,3.0,3.5,Good,453.0,28.500358951348776,77.39405366557905
100144,Bistro Restaurant 687,1,1.0,3.3,Good,890.0,28.629834373837173,77.22920275143412
100145,Burger King,1,2.0,0.0,Not rated,133.0,28.688421137133588,77.21149656386105
100146,The Belgian Waffle Co,1,3.0,3.4,Good,350.0,28.5960153473686,77.22429170196448
100147,Cafe Express 680,5,3.0,3.0,Good,37.0,19.062550386218344,72.86598435398159
100148,Bistro Garden 520,3,2.0,2.8,Average,403.0,28.515039610837977,77.35502908961365
100149,Tasty Express 413,1,3.0,3.5,Good,1045.0,28.643918686622037,77.19615459274829
100150,Grill Hub 197,1,1.0,2.6,Average,264.0,28.62882249011377,77.25690753208812
100151,Tasty Bites 767,11,3.0,4.3,Very Good,24.0,26.91181804022456,75.8004116849294
100152,Cafe Cafe 309,1,1.0,3.8,Good,1604.0,28.57144109863574,77.15577429150724
100153,Spice Garden 294,1,1.0,3.8,Good,63.0,28.580028318091333,77.21355238960194
100154,Biryani Blues,3,1.0,2.7,Average,264.0,28.541635275144532,77.43558236532556
100155,Kitchen Studio 453,14,3.0,2.8,Average,548.0,51.51521505516484,-0.10115311604582516
100156,Green Lounge 485,1,1.0,3.1,Good,686.0,28.6133361747812,77.25403836615152
100157,Bistro Hub 675,6,1.0,2.9,Average,17.0,12.99487244945411,77.54250136168712
100158,Haldiram's,8,1.0,2.6,Average,184.0,17.34220979206253,78.4911024180563
100159,Cafe Express 96,1,3.0,2.6,Average,169.0,28.6245256457006,77.19681081610607
100160,Green Bites 318,7,3.0,3.4,Good,1149.0,18.529079521273385,73.87752404112108
100161,Subway,2,2.0,2.9,Average,302.0,28.425972127346547,76.99688087316156
100162,Domino's Pizza,5,2.0,3.6,Good,1214.0,19.054828509743913,72.84737009163906
100163,Curry Cafe 871,5,2.0,3.6,Good,390.0,19.100259531649133,72.87759260230071
100164,Curry House 908,4,1.0,3.7,Good,185.0,28.369049292314745,77.28553865358197
100165,Green Restaurant 714,1,3.0,2.6,Average,203.0,28.70013198744722,77.21807988206791
100166,Tasty Point 152,9,1.0,3.3,Good,1249.0,13.102151656031213,80.19932975118385
100167,Spice Kitchen 798,1,1.0,2.5,Average,30.0,28.61189321162732,77.25015089378455
100168,Royal Restaurant 531,1,1.0,2.2,Average,453.0,28.605074668296997,77.11151804263153
100169,Grill Point 940,1,2.0,2.9,Average,77.0,28.64148705245247,77.24066526881965
100170,Curry Hub 821,5,2.0,3.9,Good,74.0,19.061602766394127,72.85736808601568
100171,Grill Lounge 610,6,2.0,3.0,Good,625.0,12.958638930969613,77.54386618105737
100172,Curry Cafe 835,1,1.0,4.0,Very Good,71.0,28.66474058961743,77.2149497523639
100173,Grill House 851,4,2.0,3.6,Good,318.0,28.392395435179708,77.3487964983821
100174,Curry Hub 762,1,1.0,2.7,Average,88.0,28.61866284719769,77.24954758303325
100175,Curry Garden 770,6,1.0,0.0,Not rated,4.0,12.944992577341855,77.6340026216697
100176,House Garden 785,1,1.0,3.3,Good,338.0,28.62296641671207,77.17895466206933
100177,Curry Bites 245,6,2.0,2.6,Average,186.0,12.991921505205402,77.60176972005776
100178,Urban Restaurant 293,2,1.0,4.2,Very Good,20.0,28.51840134282171,76.96436848096329
100179,Pizza Hut,12,2.0,3.4,Good,79.0,22.98969278885096,72.57417532511585
100180,Grill Kitchen 142,1,2.0,3.2,Good,19.0,28.56322440284967,77.22083356043974
100181,Burger King,2,2.0,2.6,Average,398.0,28.450162328867627,77.01347028861704
100182,Bistro Point 66,1,2.0,4.0,Very Good,1230.0,28.592301010325986,77.14475108080053
100183,Kitchen Lounge 478,11,1.0,3.3,Good,538.0,26.91185935365061,75.76651524493961
100184,Green House 399,10,1.0,3.4,Good,654.0,22.59086959140527,88.43065603858429
100185,Cafe Restaurant 21,1,2.0,2.9,Average,89.0,28.693175807653827,77.22268567265462
100186,Cafe House 489,6,2.0,3.7,Good,402.0,12.955798012496095,77.57763634050511
100187,Pizza Hut,9,3.0,4.0,Very Good,214.0,13.005335870935648,80.26512899190998
100188,Tasty House 552,5,3.0,3.0,Good,219.0,19.06767081726723,72.89116153886627
100189,Grill Cafe 920,4,1.0,2.1,Average,472.0,28.421168468265314,77.26357739214707
100190,Subway,1,1.0,3.4,Good,826.0,28.579962924097888,77.15659675168216
100191,Curry Corner 399,1,2.0,2.2,Average,89.0,28.622078885852012,77.18323345762546
100192,House House 742,11,1.0,3.1,Good,30.0,26.917211853737072,75.76940436967206
100193,Barbeque Nation,11,1.0,0.0,Not rated,71.0,26.921494811039963,75.8500885630607
100194,Cafe Lounge 28,5,3.0,4.2,Very Good,172.0,19.103696268394547,72.88017291210956
100195,Cafe Cafe 679,2,1.0,2.7,Average,232.0,28.456605805048216,77.0085082470934
100196,The Belgian Waffle Co,2,3.0,4.1,Very Good,628.0,28.478663817977715,77.0285782092198
100197,Curry Hub 52,7,2.0,2.9,Average,15.0,18.457436359846938,73.78583031741809
100198,Kitchen Point 466,11,2.0,3.8,Good,89.0,26.878716724787257,75.75565685548618
100199,Tasty Garden 771,10,1.0,4.3,Very Good,69.0,22.560646298417588,88.3377029891842
100200,Tasty Garden 855,8,5.0,2.3,Average,713.0,17.34982048009943,78.45098088569507
100201,Domino's Pizza,6,2.0,3.4,Good,146.0,12.971830860073906,77.6378069086434
100202,Spice Express 230,1,1.0,4.8,Excellent,136.0,28.60186898458479,77.23210279371234
100203,House Corner 773,1,1.0,3.0,Good,341.0,28.597970310364737,77.16663123180832
100204,Subway,11,1.0,0.0,Not rated,42.0,26.943333167891257,75.74296064434729
100205,Domino's Pizza,5,1.0,3.5,Good,190.0,19.078933762696014,72.83362000769226
100206,Green Hub 485,1,1.0,3.0,Good,1681.0,28.575970153406985,77.20246430685914
100207,Cafe Point 477,1,3.0,2.3,Average,1392.0,28.59278371653624,77.21600456460497
100208,Kitchen Hub 621,6,1.0,3.7,Good,122.0,12.997962714592875,77.60916470658852
100209,Bistro Restaurant 118,1,1.0,1.7,Poor,104.0,28.620889827467664,77.17349562948179
100210,Royal Garden 111,1,2.0,2.9,Average,78.0,28.655757905763956,77.20275719627162
100211,The Food Cafe 694,5,4.0,4.4,Very Good,21.0,19.10562981854369,72.87574414048117
100212,Tasty House 965,6,1.0,2.8,Average,608.0,12.957982657488557,77.63649292772905
100213,Urban Cafe 708,6,1.0,2.5,Average,3218.0,13.021842795711786,77.62169732091604
100214,Green Kitchen 714,1,2.0,3.8,Good,119.0,28.667023536346974,77.15876576708075
100215,House Cafe 825,7,3.0,2.8,Average,60.0,18.457910315493873,73.79076851202005
100216,Biryani Blues,1,3.0,2.6,Average,113.0,28.61501232870322,77.20511457040647
100217,,2,2.0,3.4,Good,211.0,28.440255617833337,77.00429701978028
100218,Urban Lounge 664,7,1.0,2.9,Average,41.0,18.511283347013386,73.8230666261042
100219,Tasty Studio 109,6,2.0,2.4,Average,86.0,12.943034721822496,77.56812594778984
100220,Kitchen Bites 913,9,1.0,3.4,Good,676.0,13.049750269120324,80.29098408172483
100221,Bistro Hub 446,6,2.0,3.5,Good,227.0,13.003141063383628,77.54197162615442
100222,Haldiram's,5,2.0,3.0,Good,852.0,19.035117845415165,72.94239196121384
100223,The Food Cafe 828,1,4.0,3.4,Good,300.0,28.6171674098359,77.1838865899579
100224,Curry Studio 447,2,1.0,3.3,Good,47.0,28.41228020186032,77.04873870242298
100225,Cafe Garden 331,1,1.0,0.0,Not rated,43.0,28.65832920341773,77.18558357947508
100226,Urban Garden 903,1,2.0,3.0,Good,237.0,28.61495118491509,77.15586064541377
100227,Curry Cafe 625,13,2.0,3.6,Good,48.0,25.23088522646379,55.26569184175544
100228,Kitchen Corner 507,2,3.0,3.8,Good,43.0,28.466328702342,76.9827094046483
100229,Royal Studio 218,10,1.0,3.6,Good,44.0,22.56373645449655,88.36904847456304
100230,The Food Express 287,5,1.0,3.0,Good,331.0,19.078392981532026,72.8768180921701
100231,Bistro Garden 570,8,2.0,2.6,Average,100.0,17.437756669683193,78.46238856467421
100232,Subway,3,1.0,2.7,Average,714.0,28.504090066868542,77.39630025602996
100233,Starbucks,5,3.0,3.6,Good,64.0,18.986772787014193,72.91405937314707
100234,Grill Point 708,3,2.0,4.4,Very Good,10.0,28.507959734992095,77.38715194003912
100235,Bistro Studio 459,1,3.0,3.1,Good,151.0,28.5715819387715,77.18350031978989
100236,Urban Garden 227,7,2.0,3.7,Good,1593.0,18.55428050625746,73.87069793028641
100237,Green Garden 680,1,3.0,3.2,Good,190.0,28.607749474646138,77.22445499959828
100238,Curry Lounge 544,1,1.0,3.1,Good,32.0,28.642860787941732,77.19902843973794
100239,Bistro Lounge 339,6,3.0,4.4,Very Good,31.0,12.972716205374772,77.64267152379308
100240,Curry Garden 314,1,1.0,3.5,Good,869.0,28.614203661463897,77.19851607969991
100241,Urban Restaurant 198,12,2.0,2.4,Average,55.0,23.028238073366435,72.62347793786046
100242,Bistro Lounge 974,12,1.0,2.6,Average,1095.0,23.07430085000299,72.54848449859975
100243,Royal Point 222,11,2.0,4.0,Very Good,491.0,26.918928465104955,75.8170633059421
100244,The Food Restaurant 604,2,1.0,3.1,Good,68.0,28.498320944742304,77.01890719937968
100245,Grill Cafe 290,1,1.0,2.3,Average,642.0,28.650480735394602,77.21839911460788
100246,Green Garden 233,11,4.0,3.1,Good,56.0,26.90668479465045,75.71638326758936
100247,The Food Corner 726,3,1.0,3.5,Good,31.0,28.532912291911927,77.4669055492699
100248,The Food Corner 998,13,3.0,4.0,Very Good,73.0,25.191576906695833,55.281892757662604
100249,Cafe Coffee Day,13,4.0,3.6,Good,519.0,25.249711202902244,55.30638681636695
100250,Royal Bites 890,10,1.0,4.6,Excellent,1027.0,22.53966282942187,88.31568111903744
100251,Urban Corner 588,1,2.0,3.7,Good,123.0,28.588595289516118,77.21500562985644
100252,Curry Studio 349,2,1.0,2.8,Average,16.0,28.449831458768877,77.02032026407562
100253,Domino's Pizza,9,1.0,2.5,Average,22.0,13.042514668444703,80.23368387475853
100254,Curry Kitchen 842,1,1.0,2.4,Average,40.0,28.593204682570185,77.25398497095416
100255,Barbeque Nation,1,3.0,3.6,Good,39.0,28.65366231672866,77.21411952279209
100256,The Belgian Waffle Co,5,1.0,2.7,Average,227.0,19.09879919768607,72.875804347582
100257,Royal Hub 831,12,2.0,4.3,Very Good,2614.0,23.00777409318018,72.5932662696696
100258,The Food Kitchen 255,6,2.0,4.2,Very Good,613.0,12.999699011917173,77.56468610489368
100259,Burger King,5,3.0,3.8,Good,50.0,19.14886678240373,72.8833451411175
100260,Cafe Point 795,1,1.0,2.2,Average,61.0,28.62485891625017,77.21215637861283
100261,Curry Studio 305,5,2.0,,Average,89.0,19.125712581080165,72.88239460886825
100262,Tasty Garden 583,14,2.0,4.0,Very Good,353.0,51.5372056085879,-0.09184439253869152
100263,Cafe Restaurant 102,1,2.0,2.8,Average,1188.0,28.603594706103003,77.19414349017808
100264,Green Bites 217,4,4.0,4.3,Very Good,129.0,28.415805428939994,77.29925094909333
100265,Urban Hub 246,10,3.0,3.7,Good,1390.0,22.591019886344107,88.3423970559914
100266,KFC,7,1.0,3.0,Good,2416.0,18.494326058971474,73.83374832197697
100267,Burger King,6,2.0,2.7,Average,105.0,12.880276297062954,77.6331817025448
100268,Cafe Studio 299,6,1.0,2.9,Average,106.0,12.942407355299235,77.592125833105
100269,Cafe Coffee Day,2,1.0,3.1,Good,113.0,28.383965066804176,77.06239817371751
100270,Bistro Studio 73,1,2.0,3.9,Good,229.0,28.587599130067556,77.2184857574494
100271,The Food Bites 604,8,1.0,2.4,Average,97.0,17.32523944088134,78.4561056736768
100272,Green House 118,8,1.0,2.8,Average,503.0,17.41580380464263,78.43395630971835
100273,House Hub 931,10,4.0,3.6,Good,28.0,22.53120908747432,88.31307899378224
100274,Royal Kitchen 62,11,1.0,3.4,Good,97.0,26.931443783113366,75.7561199202639
100275,Cafe Coffee Day,4,3.0,2.8,Average,251.0,28.43573107221107,77.35349025418608
100276,Cafe Garden 450,3,2.0,2.3,Average,443.0,28.560052807079156,77.43652771770797
100277,Starbucks,8,2.0,3.6,Good,3090.0,17.31960823355774,78.48995336695809
100278,Tasty Garden 513,6,3.0,2.4,Average,30.0,13.010892553839078,77.62704192098188
100279,Curry Kitchen 613,6,1.0,3.8,Good,91.0,12.986311842811801,77.57517538250089
100280,Burger King,8,1.0,2.9,Average,10.0,17.413149300942088,78.46472601638375
100281,Cafe Garden 27,10,1.0,2.0,Average,34.0,22.63664566942213,88.3908770385158
100282,The Belgian Waffle Co,2,1.0,2.7,Average,17.0,28.487301624798736,77.03241928957787
100283,Cafe Cafe 974,2,3.0,3.6,Good,103.0,28.41810715791677,77.05227194033563
100284,The Belgian Waffle Co,1,3.0,3.1,Good,133.0,28.63676492042971,77.2107929373862
100285,Cafe Corner 782,5,1.0,3.0,Good,313.0,19.023373408717738,72.86456225506028
100286,Curry Lounge 668,1,1.0,3.5,Good,133.0,28.61169620334068,77.20144899240225
100287,The Food Hub 600,3,1.0,2.9,Average,306.0,28.517886992007693,77.40174957020979
100288,Curry Kitchen 482,4,1.0,2.4,Average,176.0,28.409255268912652,77.32619518280259
100289,Kitchen Express 687,1,2.0,3.0,Good,47.0,28.561066023987422,77.17638312875465
100290,McDonald's,5,1.0,3.9,Good,25.0,19.027196732327113,72.87344040412833
100291,Bistro Studio 296,1,2.0,4.3,Very Good,480.0,28.598172665474333,77.15578047503276
100292,Tasty Lounge 38,1,1.0,1.7,Poor,1024.0,28.606111691241537,77.19678098524564
100293,Kitchen Garden 332,9,1.0,3.7,Good,4833.0,13.067797172239153,80.23847346867613
100294,Burger King,2,2.0,3.4,Good,612.0,28.51026583743067,76.91999452893677
100295,Spice Bites 891,1,2.0,3.8,Good,1284.0,28.62872747435602,77.28635062099279
100296,Tasty Corner 193,4,4.0,3.2,Good,324.0,28.42276670109158,77.29076965598549
100297,Cafe Studio 641,8,3.0,2.3,Average,217.0,17.371619068052333,78.45375457843595
100298,Spice Point 274,1,1.0,3.4,Good,218.0,28.565185885611182,77.26580222783936
100299,The Food Studio 902,5,1.0,0.0,Not rated,78.0,19.075855772530566,72.8366795359652
100300,Urban Corner 997,1,3.0,2.5,Average,333.0,28.677154448815248,77.15820136749652
100301,Green Restaurant 163,1,3.0,2.5,Average,81.0,28.621753286975945,77.20181072831129
100302,Spice Lounge 418,4,3.0,3.8,Good,172.0,28.447861734953232,77.30047592756404
100303,KFC,4,1.0,3.1,Good,40.0,28.45227868104673,77.29542247392472
100304,Urban Bites 853,5,4.0,0.0,Not rated,162.0,19.095583944063183,72.84559434830149
100305,Starbucks,7,1.0,3.4,Good,57.0,18.52810958901069,73.85009937420023
100306,Bistro Garden 426,13,2.0,2.9,Average,177.0,25.17022939817516,55.32807715734779
100307,Curry Point 468,4,3.0,3.4,Good,355.0,28.401604350045933,77.26142752818427
100308,Tasty Point 944,1,1.0,2.7,Average,339.0,28.601268666733436,77.23842111294245
100309,Bistro Hub 885,8,3.0,3.3,Good,488.0,17.396549844510616,78.54037919103774
100310,Burger King,1,1.0,2.4,Average,116.0,28.56440766873872,77.18708310399713
100311,Grill Garden 841,3,4.0,3.9,Good,389.0,28.516694825652188,77.40417387398142
100312,Starbucks,1,1.0,3.7,Good,110.0,28.628040556154076,77.20473132959786
100313,Cafe Cafe 676,1,4.0,0.0,Not rated,7.0,28.589325981314023,77.14882490967474
100314,Royal Studio 552,13,1.0,3.8,Good,402.0,25.17275365861757,55.313464534545005
100315,Kitchen Lounge 782,9,2.0,3.3,Good,270.0,13.055000473058183,80.2719327386041
100316,Curry Express 891,6,2.0,3.4,Good,674.0,12.962065671731535,77.57636551882561
100317,Starbucks,2,2.0,2.1,Average,138.0,28.3761757944282,76.97334157194604
100318,Burger King,1,1.0,1.8,Poor,18.0,28.58778443455686,77.2272315783263
100319,Burger King,1,2.0,3.3,Good,165.0,28.647246362408694,77.21432413587492
100320,Starbucks,1,1.0,3.5,Good,588.0,28.62523575031423,77.23020316633148
100321,Tasty House 680,5,2.0,2.8,Average,302.0,19.090701350238053,72.89713426453572
100322,House Hub 508,7,1.0,4.1,Very Good,184.0,18.456430809193012,73.82823802098137
100323,Royal Lounge 989,6,4.0,4.1,Very Good,27.0,12.957103035768045,77.47490329072961
100324,Urban Studio 103,1,1.0,2.4,Average,42.0,28.609844233160356,77.20515210441384
100325,Curry Corner 740,13,1.0,3.0,Good,316.0,25.221052656343453,55.26459872443011
100326,The Belgian Waffle Co,7,1.0,4.6,Excellent,30.0,18.55927994312634,73.86243360177508
100327,Urban Studio 801,5,1.0,2.2,Average,98.0,19.109415407053007,72.9308257285399
100328,Kitchen Cafe 710,5,1.0,3.3,Good,195.0,19.055511876155947,72.87599451883625
100329,Urban Express 873,2,2.0,3.0,Good,733.0,28.439813122840466,77.05084027872377
100330,Grill House 978,1,3.0,3.9,Good,457.0,28.663320559617148,77.2221982372856
100331,Bistro Studio 894,2,2.0,4.0,Very Good,723.0,28.446897529619957,76.97813169456761
100332,Cafe Kitchen 241,7,2.0,2.9,Average,248.0,18.48250918546195,73.81154362670324
100333,The Food Point 765,1,1.0,3.7,Good,70.0,28.606650384969896,77.24937543619181
100334,KFC,1,2.0,4.6,Excellent,114.0,28.661127592625004,77.17821866461372
100335,Bistro Kitchen 455,1,1.0,3.0,Good,54.0,28.5822295088106,77.22192064065781
100336,Cafe Coffee Day,1,3.0,3.9,Good,444.0,28.598889204907923,77.17316190889156
100337,Spice Express 816,10,,2.6,Average,66.0,22.542377118530013,88.39002525613037
100338,Pizza Hut,6,1.0,3.0,Good,106.0,13.005073801505398,77.60325981523545
100339,Royal Point 544,3,1.0,2.9,Average,175.0,28.54557489222074,77.3805755674612
100340,House Hub 175,1,3.0,3.9,Good,1651.0,28.64630580855262,77.2323304535335
100341,Biryani Blues,3,1.0,3.8,Good,472.0,28.590275660854434,77.40008946527797
100342,Cafe Bites 247,3,2.0,3.1,Good,67.0,28.482576437735794,77.36572069241875
100343,Cafe Hub 238,1,1.0,4.0,Very Good,262.0,28.587329701967416,77.20941830712992
100344,The Food Studio 262,3,2.0,4.2,Very Good,1786.0,28.52032673291225,77.41441884575578
100345,Curry Garden 694,2,3.0,4.0,Very Good,468.0,28.461909342586836,77.06536933279583
100346,Urban Studio 968,5,1.0,2.7,Average,22.0,19.09370641627297,72.87319481173893
100347,Cafe Garden 655,5,2.0,2.8,Average,53.0,19.058799123035726,72.94022586411589
100348,Bistro Garden 468,1,3.0,2.9,Average,49.0,28.589682046498247,77.18294190261035
100349,Green House 874,2,2.0,3.8,Good,1257.0,28.49298308012776,76.97211042871129
100350,Green House 586,5,2.0,2.4,Average,733.0,19.095113413211376,72.82831284090267
100351,The Food Restaurant 303,3,2.0,3.6,Good,90.0,28.546555862347223,77.39065166991911
100352,The Belgian Waffle Co,10,2.0,2.5,Average,69.0,22.497498436279326,88.3643208638416
100353,Spice Cafe 886,6,1.0,3.5,Good,205.0,13.013833677446417,77.59899608905981
100354,Bistro Corner 933,1,3.0,3.4,Good,208.0,28.62033891993451,77.18561801592566
100355,Curry Garden 795,1,1.0,3.9,Good,63.0,28.608230728561537,77.28690001822298
100356,Cafe Express 225,6,1.0,3.7,Good,148.0,12.94292335754137,77.64748255414715
100357,Cafe Garden 695,1,3.0,4.3,Very Good,37.0,28.591747996488053,77.16894994926913
100358,House Bites 859,5,1.0,3.9,Good,1041.0,19.044818006865473,72.87413247546196
100359,KFC,12,1.0,3.1,Good,19.0,22.95258487937994,72.5731249536293
100360,House Corner 317,5,2.0,2.4,Average,16.0,19.04738673696812,72.90169705119791
100361,Spice Cafe 374,2,3.0,2.7,Average,280.0,28.403533673602087,76.97325295449082
100362,Urban Garden 335,6,3.0,,Average,29.0,12.969483644457451,77.53460559854625
100363,Royal Point 136,3,4.0,2.9,Average,91.0,28.49522336965353,77.34833813335693
100364,Kitchen Lounge 514,4,3.0,3.4,Good,205.0,28.434447693118905,77.3704437803738
100365,Royal Garden 936,12,1.0,2.6,Average,370.0,22.964248775785183,72.54848532859596
100366,Curry Garden 765,2,1.0,2.9,Average,129.0,28.501316073221926,77.05489852806652
100367,Urban Studio 987,13,3.0,3.7,Good,1878.0,25.23408152138133,55.291409073507275
100368,Subway,11,1.0,2.8,Average,166.0,26.875081749813408,75.78101106578427
100369,Bistro Bites 407,1,2.0,2.5,Average,691.0,28.610600649828644,77.23796028113846
100370,Grill Express 93,1,2.0,3.2,Good,257.0,28.58399677566317,77.16603676928887
100371,Spice Garden 550,1,1.0,2.4,Average,2190.0,28.63415097709277,77.19249978760729
100372,Pizza Hut,1,3.0,3.2,Good,683.0,28.676894988810375,77.13141511101028
100373,House Garden 599,1,2.0,4.1,Very Good,234.0,28.65523724038874,77.21241887257199
100374,House Express 111,6,2.0,3.0,Good,382.0,12.947529515731842,77.56686874199639
100375,Curry Corner 635,1,4.0,4.8,Excellent,,28.61791221152014,77.28564747376886
100376,Grill Express 938,1,2.0,4.1,Very Good,158.0,28.667179181336603,77.21105394441317
100377,House Kitchen 651,9,1.0,2.6,Average,31.0,13.101049476800844,80.29937762921753
100378,Bistro Garden 665,1,2.0,2.5,Average,56.0,28.649253945546103,77.2318485369596
100379,Royal Corner 969,9,3.0,3.4,Good,2500.0,13.105492999311512,80.26798225806031
100380,Barbeque Nation,1,3.0,4.1,Very Good,49.0,28.61656903838683,77.24372306047006
100381,Subway,1,3.0,3.1,Good,78.0,28.6114687062838,77.21015750404821
100382,Royal House 465,6,2.0,,Good,184.0,12.929218363427076,77.61124558391067
100383,Bistro Restaurant 969,5,1.0,3.8,Good,192.0,19.04919648550209,72.96022988283504
100384,Cafe Restaurant 745,10,3.0,2.9,Average,275.0,22.541036825692807,88.37062924409864
100385,Burger King,7,3.0,3.0,Good,96.0,18.508102876911938,73.83822740694151
100386,Curry Cafe 418,8,1.0,3.5,Good,339.0,17.388484180774157,78.461926424994
100387, The Food Corner 707 ,1,1.0,3.1,Good,742.0,28.610122306477905,77.20609255758868
100388,Curry Studio 974,1,4.0,3.2,Good,886.0,28.621455233221152,77.21310139981088
100389,Pizza Hut,7,3.0,3.2,Good,130.0,18.543648232199963,73.85877026567213
100390,The Belgian Waffle Co,8,3.0,3.4,Good,408.0,17.370454501359013,78.43133017704389
100391,House Express 63,14,3.0,2.4,Average,36.0,51.53322988230115,-0.20702442928904533
100392,Green Kitchen 972,2,2.0,3.7,Good,82.0,28.499335840945477,76.99269474717391
100393,Curry Kitchen 679,2,2.0,2.9,Average,39.0,28.474030199798136,77.02865483178186
100394,The Belgian Waffle Co,8,2.0,0.0,Not rated,85.0,17.36594152919484,78.4889116324371
100395,Spice Corner 806,2,1.0,3.0,Good,59.0,28.492633726084886,77.04250867151602
100396,Royal Cafe 211,12,2.0,2.7,Average,24.0,23.039392683857848,72.58410510829232
100397,Haldiram's,10,2.0,4.3,Very Good,143.0,22.59425885019378,88.34641666111638
100398,Subway,3,2.0,2.8,Average,19.0,28.589231002288358,77.35527624701464
100399,Green Express 793,7,,2.5,Average,819.0,18.54523049392138,73.87493719056036
100400,Biryani Blues,7,2.0,3.5,Good,96.0,18.57549948687214,73.86461405666508
100401,McDonald's,1,1.0,2.6,Average,546.0,28.60870259799202,77.1707376659517
100402,Grill Garden 818,11,1.0,2.5,Average,84.0,26.8972999950149,75.80916712892933
100403,The Belgian Waffle Co,3,1.0,3.3,Good,41.0,28.57571251742281,77.42449627713627
100404,Royal Corner 367,9,1.0,2.3,Average,648.0,13.048198887495545,80.2983313402785
100405,Green Cafe 332,1,4.0,2.7,Average,182.0,28.679994328660662,77.24275649295387
100406,Cafe Coffee Day,11,1.0,4.1,Very Good,2346.0,26.957966758329636,75.76102871005912
100407,Starbucks,2,1.0,3.4,Good,106.0,28.462566525756696,77.05641296186518
100408,Urban Restaurant 66,1,2.0,3.0,Good,99.0,28.65594457721464,77.20347557448774
100409,Kitchen Lounge 608,11,2.0,3.2,Good,639.0,26.935581666488538,75.85886874408106
100410,Haldiram's,1,1.0,3.3,Good,658.0,28.568748887492898,77.24029446572669
100411,Biryani Blues,1,3.0,4.0,Very Good,262.0,28.58532980945126,77.2240289929913
100412,The Belgian Waffle Co,12,3.0,2.9,Average,11015.0,23.032501154198563,72.63146904933302
100413,Curry Bites 988,12,1.0,3.2,Good,128.0,23.02808402532727,72.55367965269636
100414,Barbeque Nation,5,1.0,2.7,Average,33.0,19.121784500749875,72.89697400634041
100415,Tasty Bites 111,5,3.0,3.3,Good,53.0,19.086572012756463,72.95594538794776
100416,Curry Kitchen 921,3,3.0,3.5,Good,137.0,28.491094868300106,77.4194616089453
100417,Biryani Blues,1,2.0,3.2,Good,1214.0,28.594813532399584,77.2143005123829
100418,McDonald's,2,1.0,3.5,Good,154.0,28.485507230874408,77.01715648547872
100419,House Cafe 562,6,1.0,3.3,Good,1317.0,12.907808454198564,77.56071044046395
100420,Tasty Cafe 544,7,2.0,2.2,Average,251.0,18.4710024387208,73.84656557167919
100421,Grill Cafe 441,8,1.0,2.1,Average,553.0,17.371957080373804,78.4580409640173
100422,Starbucks,8,1.0,2.8,Average,270.0,17.41743503469627,78.47864268829619
100423,The Belgian Waffle Co,1,2.0,4.4,Very Good,380.0,28.6063138167893,77.20514331917094
100424,Grill Restaurant 887,3,1.0,2.4,Average,391.0,28.55163264224141,77.42560621668457
100425,Barbeque Nation,1,3.0,3.3,Good,91.0,28.614068523267917,77.19469845779388
100426,Tasty Express 848,5,3.0,3.1,Good,88.0,19.071070176918465,72.85681792380011
100427,Tasty Restaurant 98,3,1.0,2.6,Average,246.0,28.512617470270055,77.42205322057801
100428,Kitchen Bites 262,10,3.0,3.5,Good,2200.0,22.60199389709599,88.38828436454176
100429,Royal Bites 946,2,1.0,3.9,Good,30.0,28.415600624069015,77.01807929274109
100430,Urban Kitchen 96,1,3.0,3.7,Good,16.0,28.605722002045656,77.23003159136674
100431,Bistro Restaurant 382,1,1.0,2.5,Average,112.0,28.654014526830938,77.19982893888476
100432,Grill Corner 601,8,1.0,4.8,Excellent,938.0,17.358251393588443,78.47923852633562
100433,Grill Express 687,5,2.0,3.3,Good,198.0,19.021528192751436,72.93208541168751
100434,Pizza Hut,1,2.0,2.8,Average,38.0,28.53981103551246,77.20417598430404
100435,Tasty Restaurant 53,1,3.0,4.3,Very Good,255.0,28.637219611208323,77.19479552235191
100436,Cafe Garden 361,6,1.0,2.7,Average,18.0,12.997276546412632,77.59522580927533
100437,Haldiram's,1,1.0,4.1,Very Good,486.0,28.601851942278234,77.14021262248814
100438,The Belgian Waffle Co,9,2.0,2.6,Average,108.0,13.038214007543138,80.26482170542998
100439,Urban Express 866,6,2.0,0.0,Not rated,81.0,12.96648660362517,77.60351567043816
100440,Urban Garden 588,1,1.0,3.1,Good,303.0,28.655133306392635,77.2783485171531
100441,Burger King,1,2.0,4.0,Very Good,280.0,28.56947460792977,77.21223329000622
100442,Cafe Cafe 692,14,2.0,4.4,Very Good,120.0,51.54443610468853,-0.11247291883507986
100443,Spice Cafe 952,2,3.0,2.7,Average,593.0,28.400166984768315,77.0387251044728
100444,Bistro Garden 30,2,4.0,4.4,Very Good,641.0,28.419705571898664,77.10600109486809
100445,Starbucks,9,1.0,2.1,Average,15.0,13.08652469534127,80.30579452710393
100446,Kitchen Express 7,12,2.0,2.5,Average,117.0,23.05566783868003,72.5206150637511
100447,McDonald's,14,1.0,2.5,Average,40.0,51.558907494606856,-0.08477945446665819
100448,Tasty Kitchen 146,7,2.0,3.5,Good,39.0,18.55511147815847,73.82362756405523
100449,Spice Kitchen 765,2,2.0,0.0,Not rated,175.0,28.51382927200242,77.00372288176149
100450,Tasty House 465,1,4.0,3.5,Good,115.0,28.620272117077537,77.16350916265432
100451,Kitchen Garden 739,8,2.0,3.3,Good,155.0,17.36324442232211,78.55048170060542
100452,Cafe Cafe 87,5,4.0,4.0,Very Good,93.0,19.11744302291934,72.91922200041346
100453,Royal Hub 773,2,3.0,3.8,Good,329.0,,77.06967315494575
100454,House Kitchen 279,11,3.0,4.1,Very Good,517.0,26.944978807091516,75.82355606993504
100455,Tasty Studio 622,1,3.0,4.6,Excellent,3732.0,28.635339623932094,77.23317597328227
100456,The Food Point 774,3,2.0,3.2,Good,145.0,28.58421900798958,77.37981078922633
100457,Kitchen House 114,1,1.0,2.7,Average,26.0,28.625868990429428,77.21621169713862
100458,House Cafe 499,3,1.0,3.4,Good,101.0,28.534781407446676,77.37292801132946
100459,The Food Corner 226,1,1.0,2.3,Average,430.0,28.639293251309958,77.17920326536756
100460,Cafe Corner 8,1,2.0,2.8,Average,63.0,28.630615288499055,77.18658312943826
100461,Subway,1,2.0,0.0,Not rated,14.0,28.644885189258385,77.2913960300301
100462,The Food Garden 336,6,2.0,3.1,Good,69.0,12.966982228422939,77.58121944195845
100463,Barbeque Nation,7,4.0,0.0,Not rated,46.0,18.55222376099577,73.89172716963999
100464,Royal Hub 390,5,3.0,2.4,Average,39.0,19.10601657629167,72.95040094175934
100465,Green Lounge 573,13,1.0,3.0,Good,228.0,25.212267224660398,55.29812470110666
100466,Kitchen Kitchen 407,2,1.0,3.7,Good,184.0,28.433239454113398,76.99901933362884
100467,Spice House 20,1,1.0,3.7,Good,545.0,28.657321851150684,77.18321863988135
100468,Urban Express 590,10,1.0,3.1,Good,101.0,22.530261988864705,88.36805985069947
100469,Tasty Restaurant 656,1,3.0,4.7,Excellent,508.0,28.58038029795256,77.28798724840956
100470,Urban House 22,13,2.0,3.1,Good,96.0,25.210680799666957,55.32062399325989
100471,Royal Cafe 472,1,2.0,3.1,Good,43.0,28.526123517475302,77.22778275031453
100472,Kitchen Kitchen 448,13,3.0,1.7,Poor,66.0,25.25880357669607,55.26365388347845
100473,Green House 604,1,3.0,3.1,Good,23.0,28.61441422838085,77.22228056248073
100474,Urban House 892,10,1.0,3.6,Good,1858.0,22.626481913491933,88.37052356412306
100475,Kitchen Point 342,4,2.0,4.2,Very Good,271.0,28.47204117598459,77.32420178489349
100476,Urban Lounge 649,14,1.0,2.5,Average,57.0,51.50198090305111,-0.15843925418462634
100477,Haldiram's,1,1.0,3.3,Good,116.0,28.66110628689527,77.17770321007751
100478,Pizza Hut,5,1.0,3.7,Good,9.0,19.03889610004834,72.88920824760197
100479,House Hub 242,13,2.0,3.2,Good,1093.0,25.21996539927748,55.23021222638076
100480,Cafe Coffee Day,4,1.0,1.5,Poor,665.0,28.392331362259153,77.29592111861139
100481,Biryani Blues,5,1.0,3.2,Good,208.0,19.100377006562894,72.87873755358414
100482,The Belgian Waffle Co,6,2.0,3.7,Good,302.0,13.00249007274763,77.60617779415797
100483,The Belgian Waffle Co,3,2.0,2.6,Average,32.0,28.52990322345633,77.43005122338637
100484,CAFE CAFE 460,5,1.0,2.8,Average,37.0,19.09506874686919,72.83384325722896
100485,Cafe Bites 651,5,1.0,2.2,Average,17.0,19.10906472060123,72.83394998554914
100486,Kitchen Bites 324,11,3.0,1.7,Poor,106.0,26.918973704734906,75.83302101845602
100487,KFC,1,1.0,0.0,Not rated,339.0,28.702766411149145,77.26767716283635
100488,House Garden 816,1,3.0,3.4,Good,117.0,28.609100148156273,77.1724570102155
100489,Spice Express 520,12,2.0,4.2,Very Good,350.0,23.080454969739463,72.54181717704232
100490,Barbeque Nation,10,1.0,3.6,Good,675.0,22.612688694333293,88.38299464077804
100491,Spice Express 852,3,1.0,2.8,Average,21.0,28.470403659424598,77.39270532058767
100492,House Kitchen 630,5,1.0,2.9,Average,1711.0,19.128254069277517,72.87967793814724
100493,Tasty Studio 595,1,1.0,3.4,Good,808.0,28.65148807475426,77.18167777428897
100494,Bistro Corner 461,1,1.0,3.6,Good,377.0,28.617895107157064,77.23418934424463
100495,Cafe Bites 193,3,2.0,3.4,Good,603.0,28.54841057212926,77.38269930097445
100496,Curry Lounge 155,2,1.0,3.7,Good,683.0,28.476747682493553,77.0171482463751
100497,Curry Kitchen 831,5,2.0,3.0,Good,251.0,19.124135802519135,72.83810664778507
100498,Kitchen Restaurant 87,1,2.0,2.6,Average,950.0,28.59944232130329,77.23669695946137
100499,Royal Corner 254,13,1.0,3.0,Good,98.0,25.260310084735455,55.25815221436753
100500,Curry Lounge 536,14,1.0,0.0,Not rated,160.0,51.46945794422228,-0.12938030652092433
100501,Kitchen Express 940,6,1.0,2.2,Average,762.0,12.909995328614166,77.636242886837
100502,Tasty Express 696,4,1.0,2.1,Average,4.0,28.42967200376182,77.28116056664729
100503,House Bites 343,1,2.0,3.5,Good,336.0,28.657965916694664,77.20596630061193
100504,KFC,9,1.0,2.7,Average,403.0,13.076414581673758,80.21616468047729
100505,Tasty Garden 259,6,3.0,3.3,Good,21.0,12.892352347632112,77.57627255736975
100506,House Cafe 895,1,1.0,2.8,Average,237.0,28.561717089166827,77.25408763853359
100507,KFC,11,2.0,4.2,Very Good,84.0,26.927669934339278,75.73335098485185
100508,Royal Express 318,9,2.0,4.0,Very Good,356.0,13.082348076673604,80.27894884013695
100509,Bistro Bites 402,12,2.0,2.4,Average,135.0,23.067449815784407,72.62752396067056
100510,Starbucks,7,1.0,2.7,Average,49.0,18.522952353871418,73.87590635904823
100511,The Food Lounge 386,5,1.0,3.6,Good,795.0,19.0500794097704,72.85726688308097
100512,Kitchen Hub 687,2,2.0,3.6,Good,117.0,28.470317839344013,76.98768936146666
100513,Bistro Bites 935,12,1.0,3.0,Good,244.0,23.058046422074128,72.50386359654773
100514,House Bites 434,10,1.0,2.3,Average,771.0,22.61989320506897,88.41858144300309
100515,Spice Express 317,1,2.0,,Average,52.0,28.61001467246093,77.19426911283267
100516,Subway,1,2.0,2.9,Average,172.0,28.61625984684715,77.14593066215666
100517,Curry Point 232,2,2.0,3.4,Good,102.0,28.486774517607806,76.99085922593126
100518,Royal Kitchen 303,8,2.0,4.3,Very Good,164.0,17.3587987083035,78.44896662934708
100519,Urban Lounge 790,14,2.0,,Average,2467.0,51.533187069297554,-0.145128991492222
100520,Bistro Lounge 39,1,2.0,2.5,Average,276.0,28.605778576153433,77.29259244657815
100521,Cafe Hub 612,5,2.0,3.1,Good,263.0,19.073354850348583,72.91000289276066
100522,Royal Hub 852,2,2.0,3.9,Good,408.0,28.45959367418404,77.04355074782853
100523,Cafe Hub 739,13,3.0,2.5,Average,267.0,25.209335646255944,55.312711504215365
100524,Tasty Express 693,9,1.0,0.0,Not rated,9.0,13.14968243580353,80.33488515559456
100525,Curry Cafe 292,9,1.0,2.9,Average,3007.0,13.066285641354325,80.28918456497115
100526,Curry Point 547,3,2.0,2.7,Average,26.0,28.52088771123766,77.44144191094702
100527,Barbeque Nation,2,2.0,2.2,Average,1273.0,28.510135815655175,77.00417332018684
100528, Green Express 695 ,1,1.0,0.0,Not rated,194.0,28.62946417958532,77.17880440318173
100529,Curry Studio 788,1,3.0,3.3,Good,233.0,28.64076444985231,77.17289406574325
100530,Tasty Lounge 541,10,1.0,3.1,Good,121.0,22.536541232094645,88.37418819519733
100531,Royal Point 821,9,2.0,2.6,Average,4139.0,13.091325196258499,80.17865429155306
100532,The Food Corner 657,15,2.0,0.0,Not rated,191.0,1.3804631511320904,103.86616460833588
100533,Kitchen Lounge 957,15,4.0,3.3,Good,190.0,1.328497062965063,103.80252162681646
100534,Haldiram's,5,1.0,0.0,Not rated,46.0,19.097997250150378,72.90662010407992
100535,The Food Kitchen 782,8,2.0,2.8,Average,73.0,17.37784608680736,78.43798670863139
100536,Barbeque Nation,12,1.0,2.0,Average,148.0,22.999910272296425,72.61029365943914
100537,Royal House 94,9,1.0,4.8,Excellent,80.0,13.118161700501641,80.31909982245512
100538,Green Studio 906,1,1.0,2.1,Average,334.0,28.653726959462027,77.21260187991
100539,Spice House 55,3,2.0,3.3,Good,83.0,28.540005511111872,77.40947219544269
100540,Kitchen Point 396,1,2.0,2.0,Average,490.0,28.62967465383441,77.17308179776956
100541,Kitchen Point 29,12,1.0,1.7,Poor,446.0,23.068860617677576,72.57299420992912
100542,Urban Restaurant 666,5,2.0,3.3,Good,173.0,19.062157952956067,72.91173004412822
100543,Royal Hub 40,1,2.0,3.3,Good,384.0,28.626100354857368,77.19839477588317
100544,Curry Restaurant 852,6,2.0,4.0,Very Good,477.0,12.958077979138091,77.64802324676602
100545,Starbucks,5,3.0,3.7,Good,32.0,19.04035397003818,72.81528800974124
100546,Cafe Corner 928,2,1.0,2.9,Average,1484.0,28.44568732692006,77.01509719441582
100547,Cafe Coffee Day,1,4.0,3.0,Good,126.0,28.574526975556296,77.14175870606734
100548,McDonald's,6,3.0,4.4,Very Good,565.0,12.986494459604216,77.60566569144649
100549,Bistro Cafe 541,4,1.0,3.6,Good,491.0,28.381873691422815,77.31034418559774
100550,The Food Point 309,8,1.0,2.2,Average,6.0,17.336103119345257,78.48054448612922
100551,Subway,4,1.0,3.0,Good,76.0,28.434894739600395,77.34370007786937
100552,Cafe Studio 65,9,1.0,0.0,Not rated,257.0,13.106418550453272,80.26076857813919
100553,Barbeque Nation,5,2.0,3.0,Good,188.0,19.064440725017572,72.97593449853562
100554,Spice Bites 528,5,2.0,3.7,Good,480.0,19.100612059896914,72.90599846303381
100555,Bistro Hub 299,10,2.0,3.7,Good,228.0,22.54438664208907,88.36495159885419
100556,Cafe Express 247,2,2.0,3.1,Good,827.0,28.44646892470776,77.00298515441762
100557,Royal Bites 685,1,1.0,2.8,Average,192.0,28.628156555044832,77.17712480738228
100558,Pizza Hut,1,3.0,4.4,Very Good,1405.0,28.650083063748536,77.22429599006816
100559,Haldiram's,7,1.0,0.0,Not rated,26.0,18.507014622497657,73.83827113252528
100560,Grill Lounge 21,5,4.0,3.6,Good,169.0,19.05514315808729,72.91238095224804
100561,Curry Corner 651,6,1.0,1.9,Poor,65.0,13.005987746351778,77.59172023499634
100562,Kitchen Garden 766,1,4.0,3.8,Good,337.0,28.635344024623503,77.20623793593364
100563,KFC,1,1.0,3.5,Good,137.0,28.61910532250549,77.21301276775793
100564,Bistro Bites 644,1,1.0,1.2,Poor,87.0,28.655239159687817,77.2036793067668
100565,Biryani Blues,2,1.0,3.2,Good,75.0,28.52764519300673,77.03630004132405
100566,Kitchen Hub 46,5,2.0,2.9,Average,95.0,19.08880708724849,72.95013295384912
100567,Kitchen Bites 180,2,3.0,3.3,Good,183.0,28.4388544881597,77.04552867683026
100568,House Studio 713,3,1.0,2.4,Average,12.0,28.552905818728814,77.40581697822768
100569,Royal Hub 65,11,3.0,3.3,Good,10.0,26.883702313970655,75.81484525614158
100570,Curry Corner 301,2,2.0,4.1,Very Good,238.0,28.502975696816275,77.02280217116724
100571,Subway,4,2.0,2.9,Average,5.0,28.38434226981597,77.28407215991707
100572,Kitchen Garden 528,8,3.0,0.0,Not rated,70.0,17.37824008509338,78.38103209295348
100573,Grill Studio 260,2,1.0,2.5,Average,97.0,28.43018132488898,76.95482101821513
100574,The Belgian Waffle Co,5,1.0,3.5,Good,382.0,19.082376064301982,72.90387801386356
100575,Pizza Hut,10,3.0,3.4,Good,82.0,22.580210900077727,88.37680797425958
100576,Spice Bites 340,12,3.0,3.6,Good,1413.0,23.048492608398178,72.56622047429535
100577,Kitchen House 911,1,4.0,3.6,Good,573.0,28.618087476578637,77.29168007448013
100578,Curry House 348,11,3.0,0.0,Not rated,13.0,26.914019346669257,75.78610093134608
100579,Curry Restaurant 510,3,1.0,1.3,Poor,83.0,28.515414196906196,77.30833839611437
100580,Grill Garden 821,1,3.0,2.5,Average,1052.0,28.603877844170064,77.23526730405553
100581,Burger King,3,1.0,3.3,Good,77.0,28.48674804566547,77.43163319381567
100582,Biryani Blues,14,4.0,2.3,Average,139.0,51.55617953178067,-0.1025970343157625
100583,Royal Lounge 301,3,2.0,2.9,Average,985.0,28.532199436213883,77.43215040547615
100584,Urban Express 677,2,2.0,3.2,Good,92.0,28.51692437510612,76.96496919935336
100585,Curry Cafe 735,5,2.0,2.7,Average,663.0,19.07176398333829,72.88101405548782
100586,Bistro Studio 360,1,1.0,2.6,Average,51.0,28.547325648850038,77.17994909164523
100587,Bistro Express 630,1,1.0,3.2,Good,4.0,28.59813621271574,77.22730843310649
100588,The Food Bites 811,1,3.0,4.1,Very Good,1030.0,28.6138087819148,77.26221097173155
100589,Urban Bites 653,1,3.0,2.8,Average,288.0,28.616187262660223,77.1961155104897
100590,Grill Restaurant 696,1,1.0,2.6,Average,299.0,28.637589302936707,77.23180612322602
100591,Domino's Pizza,1,3.0,2.9,Average,43.0,28.619985816955964,77.17832378684419
100592,Biryani Blues,6,2.0,1.6,Poor,36.0,12.959805130779163,77.59398695692865
100593,Curry Corner 130,1,1.0,3.1,Good,749.0,28.58187536041768,77.19100270510324
100594,The Belgian Waffle Co,2,1.0,3.6,Good,269.0,28.445277107425827,77.08963503121988
100595,Tasty Cafe 34,11,3.0,4.1,Very Good,191.0,26.93355840452631,75.74950636611696
100596,House Studio 972,3,2.0,2.6,Average,210.0,28.56554444481856,77.39408828079547
100597,Curry Kitchen 588,6,2.0,2.4,Average,1005.0,12.948015004514415,77.64252593393874
100598,Pizza Hut,1,2.0,3.2,Good,449.0,28.649144875967448,77.140926384236
100599,House Garden 256,1,1.0,3.5,Good,107.0,28.6338172425838,77.22409377447306
100600,Spice Restaurant 191,1,2.0,3.3,Good,32.0,28.582852052957588,77.21288893623995
100601,Tasty Lounge 121,1,1.0,3.2,Good,379.0,28.622534676769483,77.18515868917707
100602,The Food Restaurant 457,1,1.0,3.7,Good,64.0,28.626841847204748,77.25156369909037
100603,Biryani Blues,1,2.0,2.7,Average,37.0,28.57664450195754,77.26905868198772
100604,Curry Point 126,1,3.0,3.3,Good,963.0,28.56634768304133,77.23202951471738
100605,KFC,1,1.0,4.1,Very Good,660.0,28.630483666589136,77.1986130692394
100606,Bistro Studio 90,3,1.0,2.9,Average,275.0,28.519600340421924,77.34035754671059
100607,Kitchen Bites 356,1,2.0,2.4,Average,32.0,28.66682355986868,77.21529941152714
100608,Grill Lounge 298,2,3.0,3.0,Good,1630.0,28.519737319741736,77.02122219512587
100609,Royal Restaurant 727,3,2.0,2.6,Average,577.0,28.552019625118554,77.38774680405301
100610,House Hub 813,6,3.0,3.6,Good,135.0,13.00491090373699,77.57720897489988
100611,Green Kitchen 206,1,2.0,2.6,Average,83.0,28.578065129370284,77.18853103090204
100612,Green Studio 27,8,2.0,3.4,Good,209.0,17.33838361598795,78.48771717596478
100613,Cafe Express 479,5,1.0,2.5,Average,85.0,19.071050499077923,72.83460482152731
100614,Grill Hub 627,1,1.0,1.6,Poor,2032.0,28.568870379410935,77.24527441459946
100615,Urban Garden 408,10,1.0,3.2,Good,112.0,22.583367319806698,88.33718424460034
100616,BISTRO STUDIO 539,11,2.0,3.3,Good,48.0,26.88497132702741,75.79122132278422
100617,Tasty Cafe 76,1,3.0,3.7,Good,1479.0,28.62056595324488,77.19765000073448
100618,Pizza Hut,1,3.0,3.0,Good,85.0,28.60784143286467,77.23175699596398
100619,Curry Studio 697,8,1.0,2.5,Average,416.0,17.40730733302678,78.50754027378332
100620,Royal Lounge 656,7,1.0,3.3,Good,432.0,18.53182185731384,73.87444632613725
100621,Royal House 515,1,1.0,4.0,Very Good,201.0,28.59976269006145,77.16808877252464
100622,Spice Kitchen 531,1,1.0,3.0,Good,51.0,28.566006501721553,77.20226401092907
100623,McDonald's,2,2.0,3.5,Good,183.0,28.46518787057507,77.0826790887376
100624,Starbucks,3,3.0,0.0,Not rated,20.0,28.474513321069658,77.37903398806806
100625,Haldiram's,5,4.0,2.6,Average,154.0,19.119613741879256,72.91442484290218
100626,Urban Garden 202,2,2.0,3.8,Good,545.0,28.478012692810644,77.0262450483799
100627,Grill Garden 129,3,3.0,4.0,Very Good,1857.0,28.564997110030042,77.3801582725732
100628,Cafe Lounge 96,7,2.0,3.7,Good,52.0,18.48646805883416,73.86322962068901
100629,Royal Cafe 965,1,1.0,2.9,Average,124.0,28.62636283867418,77.17987283648662
100630,Royal Bites 640,1,2.0,3.6,Good,103.0,28.5905689017976,77.24049558221641
100631,Cafe Express 863,7,2.0,3.8,Good,292.0,18.525617439961387,73.82681272008017
100632,Spice Corner 84,11,2.0,4.3,Very Good,34.0,26.877454735458706,75.80667816899918
100633,The Belgian Waffle Co,4,1.0,3.6,Good,62.0,28.405979534877353,77.35555131032103
100634,The Food Bites 216,4,1.0,3.0,Good,21.0,28.36065143248904,77.33270056509534
100635,Tasty Cafe 655,1,1.0,2.1,Average,23.0,28.60829892933807,77.18908441460135
100636,The Belgian Waffle Co,3,4.0,3.7,Good,88.0,28.47794663934429,77.39749973187105
100637,House Garden 495,4,1.0,3.2,Good,1469.0,28.47004897981257,77.29210242427983
100638,House House 305,1,2.0,3.7,Good,313.0,28.619514174547415,77.20160341814757
100639,Bistro Corner 162,1,2.0,0.0,Not rated,97.0,28.61409880756489,77.19068508505786
100640,Curry Studio 209,2,1.0,2.9,Average,917.0,28.483161996940723,76.99995635315962
100641,Royal Express 883,1,2.0,4.6,Excellent,400.0,28.56842426127472,77.23107012934415
100642,Bistro Express 999,1,3.0,2.3,Average,271.0,28.5865737161585,77.24343794551162
100643,Kitchen Lounge 576,1,2.0,0.0,Not rated,49.0,28.632487093523167,77.2458645683805
100644,Subway,2,4.0,3.1,Good,80.0,28.465150913271728,77.03507412889688
100645,The Food Studio 254,1,1.0,1.8,Poor,25.0,28.588712247186884,77.26042006612322
100646,Domino's Pizza,10,1.0,2.9,Average,80.0,,88.34020855470426
100647,Tasty Cafe 429,5,3.0,2.5,Average,109.0,19.086595595051204,72.92268022164743
100648,Royal Express 957,6,3.0,3.3,Good,286.0,12.98929450454447,77.62643464264818
100649,Kitchen Point 782,8,4.0,3.6,Good,189.0,17.39864084680875,78.48809410588814
100650,Haldiram's,3,2.0,3.9,Good,134.0,28.511650895005232,77.39880729787168
100651,The Food Studio 24,1,3.0,2.4,Average,48.0,28.611245332711253,77.24527070338537
100652,Burger King,4,3.0,4.0,Very Good,357.0,28.34390303332866,77.34096542643626
100653,Green Point 598,5,3.0,3.5,Good,104.0,19.058120872871527,72.88685187444054
100654,Spice Garden 507,7,2.0,3.9,Good,330.0,18.511812984594325,73.84094166830268
100655,House Bites 482,3,1.0,2.7,Average,14.0,28.55743637016622,77.35864970645481
100656,Spice Kitchen 442,1,3.0,0.0,Not rated,137.0,28.631825281606073,77.2127910153455
100657,Cafe Coffee Day,1,1.0,2.2,Average,371.0,28.587577136966278,77.1689479530918
100658,Tasty Express 47,2,2.0,2.4,Average,331.0,28.43240279214081,77.05222781561626
100659,Cafe Lounge 200,6,1.0,3.3,Good,145.0,13.017344100459331,77.53249906010342
100660,The Food Kitchen 396,5,2.0,4.2,Very Good,712.0,19.065713206018344,72.88844458806417
100661,Grill Garden 846,2,2.0,2.8,Average,33.0,28.46349874717032,77.01691117656574
100662,House Cafe 122,14,1.0,3.4,Good,170.0,51.53488370240086,-0.14317948604812514
100663,KFC,5,3.0,2.4,Average,119.0,19.073217441618635,72.86802121722813
100664,Kitchen Lounge 962,1,1.0,3.1,Good,650.0,28.608591902724104,77.10812056640337
100665,Royal Point 617,1,2.0,3.6,Good,15.0,28.6028633841145,77.19353360453678
100666,Grill Corner 47,1,1.0,2.1,Average,38.0,28.59608244501814,77.17863081590279
100667,Starbucks,1,1.0,2.9,Average,1513.0,28.618901588451,77.17907449079341
100668,Curry Lounge 468,1,1.0,3.5,Good,9.0,28.550113771899753,77.3182341817247
100669,Haldiram's,1,2.0,1.3,Poor,331.0,28.60126092368761,77.16038786145175
100670,Biryani Blues,1,1.0,3.9,Good,88.0,28.632808780899996,77.22286491995493
100671,Tasty Cafe 758,1,3.0,3.6,Good,273.0,28.628728764627784,77.18115441145203
100672,Cafe Express 520,11,1.0,3.5,Good,1138.0,26.9617872632514,75.75537259143267
100673,Grill Studio 726,1,1.0,2.7,Average,235.0,28.643209612815312,77.16186187833033
100674,Curry Corner 378,4,1.0,1.9,Poor,821.0,28.423189019710566,77.35729051153399
100675,Urban House 598,2,1.0,3.3,Good,100.0,28.460503202970717,77.0687545241518
100676,Bistro Restaurant 645,14,3.0,3.3,Good,118.0,51.49142133791858,-0.14950924276638955
100677,Barbeque Nation,1,3.0,0.0,Not rated,240.0,28.631514388871746,77.24092482222112
100678,House Cafe 592,2,2.0,3.9,Good,122.0,28.470822133579205,76.99034600894373
100679,Domino's Pizza,13,1.0,3.5,Good,410.0,25.19170012882302,55.25676150720495
100680,Royal Lounge 645,10,1.0,4.2,Very Good,996.0,22.54225179112042,88.38766373141858
100681,Tasty Hub 842,9,2.0,3.3,Good,550.0,13.080841564910152,80.2356575972409
100682,Spice Cafe 971,1,4.0,3.2,Good,25.0,28.65436024371995,77.1831240944744
100683,Green Corner 452,1,1.0,2.9,Average,111.0,28.617757258290595,77.20985758762936
100684,Royal House 708,6,2.0,3.5,Good,276.0,12.972593912802028,77.59590525373893
100685,Haldiram's,12,1.0,3.7,Good,149.0,23.037310844541466,72.53365892091429
100686,Curry Restaurant 745,5,1.0,2.0,Average,154.0,19.092846219914215,72.95585404576673
100687,McDonald's,5,2.0,3.2,Good,263.0,19.08471175417635,72.84816596660275
100688,Grill Express 679,1,1.0,0.0,Not rated,46.0,28.61242718840271,77.24234701066091
100689,Tasty Express 980,8,3.0,3.2,Good,142.0,17.36721362848571,78.50755493202699
100690,Haldiram's,1,1.0,3.6,Good,45.0,28.64906998534739,77.18081206428201
100691,Kitchen Bites 791,1,2.0,3.5,Good,106.0,28.598956341813953,77.2252140698704
100692,House Bites 823,2,1.0,3.6,Good,29.0,28.514531500575153,76.99717955419767
100693,Cafe Studio 197,3,4.0,3.1,Good,205.0,28.540902551209502,77.39347975591971
100694,The Food Lounge 306,1,1.0,2.5,Average,122.0,28.615744192878104,77.23784211539756
100695,Cafe Coffee Day,1,3.0,3.4,Good,60.0,28.640499244694386,77.18946236977641
100696,BISTRO POINT 707,5,3.0,2.4,Average,1421.0,19.053138484630406,72.89210182577703
100697,Kitchen Studio 358,1,4.0,3.4,Good,139.0,28.633985353434504,77.18883957895635
100698,Bistro Garden 295,5,2.0,3.4,Good,272.0,19.08003403893203,72.88384745604766
100699,The Belgian Waffle Co,1,2.0,4.4,Very Good,106.0,28.628280846979962,77.21271481269962
100700,Tasty Express 978,3,1.0,3.3,Good,110.0,28.511574192364264,77.37816765247264
100701,Royal Garden 44,4,1.0,3.4,Good,285.0,28.38464603554403,77.25370363307805
100702,Bistro Kitchen 355,1,1.0,3.8,Good,137.0,28.54976188446749,77.23633116648672
100703,House Garden 766,2,1.0,2.4,Average,153.0,28.443496129532246,77.09626666288122
100704,Green Lounge 278,1,4.0,3.5,Good,533.0,28.596060276553587,77.2138864167298
100705,Bistro Garden 141,1,1.0,4.6,Excellent,129.0,28.5905420382888,77.18754364830113
100706,Starbucks,14,2.0,3.1,Good,33.0,51.503358839999024,-0.12051677357972042
100707,Green Corner 686,1,2.0,3.9,Good,31.0,28.616149288006483,77.24911093136294
100708,Green Bites 239,8,2.0,3.8,Good,1253.0,17.402490944423075,78.53148401539345
100709,Burger King,1,2.0,2.2,Average,467.0,28.63370262501847,77.24090901432812
100710,Curry Kitchen 698,6,1.0,3.2,Good,413.0,12.994366747863214,77.61018129976779
100711,Spice Lounge 952,7,2.0,3.3,Good,107.0,18.54463048408893,73.88033553239721
100712,The Belgian Waffle Co,5,1.0,3.2,Good,34.0,19.085635954851547,72.8818399959883
100713,Curry Studio 667,3,4.0,3.1,Good,125.0,28.53743294090898,77.35753873085767
100714,Cafe Coffee Day,2,2.0,0.0,Not rated,80.0,28.492018626313317,77.0133507232319
100715,House Corner 930,2,4.0,3.3,Good,45.0,28.483765004743233,77.0152977475354
100716,House Cafe 238,12,1.0,2.9,Average,27.0,22.970631195509895,72.58163948299973
100717,Bistro Corner 936,9,1.0,3.8,Good,23.0,13.076652419809593,80.20896044328464
100718,Tasty Hub 957,13,1.0,4.2,Very Good,515.0,25.141680984197137,55.28868631901856
100719,Tasty Studio 191,1,1.0,3.9,Good,47.0,28.550096435474813,77.13854632799647
100720,The Food Corner 10,7,1.0,0.0,Not rated,132.0,18.50258936816029,73.87109671176626
100721,Cafe Kitchen 951,12,2.0,2.5,Average,94.0,23.018020247825483,72.6123446070845
100722,The Food Studio 657,1,1.0,2.7,Average,340.0,28.5990537856675,77.24031938427215
100723,Curry Hub 872,1,2.0,3.3,Good,283.0,28.551736854180326,77.17765026615275
100724,The Food Point 829,7,3.0,3.0,Good,130.0,18.547528355717503,73.87852612218514
100725,McDonald's,5,2.0,3.6,Good,233.0,19.051257004946063,72.90235245328068
100726,House Garden 736,9,1.0,3.5,Good,169.0,13.099828166886992,80.33040215921412
100727,Starbucks,1,1.0,3.3,Good,86.0,28.590119679314924,77.22179997738401
100728,The Food Cafe 691,8,2.0,3.9,Good,722.0,17.36758286759218,78.52261417039526
100729,Royal Cafe 877,1,1.0,2.4,Average,89.0,28.629078944873825,77.19370058654188
100730,Tasty House 528,1,2.0,3.8,Good,186.0,28.601679849248175,77.1791777687859
100731,Tasty Bites 98,1,1.0,2.5,Average,26.0,28.619867765312666,77.23924904765558
100732,McDonald's,9,3.0,2.8,Average,234.0,13.092406283207827,80.30143511177424
100733,Green Corner 268,6,2.0,3.5,Good,90.0,12.921650453235804,77.57235827745903
100734,Curry Garden 977,4,2.0,4.0,Very Good,119.0,28.425622605568435,77.27538585102073
100735,Cafe Restaurant 587,2,1.0,3.3,Good,65.0,28.426683500000834,77.03091352514839
100736,The Belgian Waffle Co,10,1.0,3.0,Good,149.0,22.533712792270734,88.36543221889677
100737,Green Corner 684,2,3.0,3.6,Good,16.0,28.434068924606404,77.03478563678881
100738,Cafe Coffee Day,9,2.0,3.3,Good,436.0,13.111207079775633,80.30170401777792
100739,The Belgian Waffle Co,3,1.0,2.3,Average,142.0,28.479487060693778,77.42701013474779
100740,Bistro Garden 707,2,1.0,2.2,Average,81.0,28.482284924450436,77.02687483667374
100741,Cafe Coffee Day,3,1.0,2.9,Average,24.0,28.547384353759977,77.35616455007234
100742,Green Point 981,1,3.0,3.5,Good,334.0,28.616501681009986,77.18360121361856
100743,McDonald's,7,1.0,3.0,Good,78.0,18.529033677431574,73.83581638726373
100744,Cafe Express 426,3,2.0,3.6,Good,1016.0,28.52534637965456,77.38679437094616
100745,Curry Lounge 822,1,2.0,3.1,Good,326.0,28.637780057214282,77.19099014322933
100746,Green Point 697,11,2.0,3.6,Good,1353.0,26.89747037559683,75.77873336407438
100747,Urban Lounge 458,2,3.0,3.3,Good,220.0,28.402629916059222,77.02918314014933
100748,Kitchen Kitchen 940,4,3.0,4.6,Excellent,952.0,28.406197236742898,77.29529233269999
100749,Spice Lounge 925,11,2.0,3.3,Good,331.0,26.940447482173735,75.79856980375716
100750,Cafe Lounge 154,5,1.0,4.5,Excellent,137.0,19.09322135332619,72.9416676015594
100751,Haldiram's,1,1.0,3.2,Good,229.0,28.6774040671921,77.20316461064105
100752,House Point 735,12,2.0,3.1,Good,62.0,23.013638426641826,72.5475417431359
100753,Urban Lounge 457,5,2.0,0.0,Not rated,1195.0,19.070373685593168,72.88843381440843
100754,Curry Hub 526,2,2.0,2.3,Average,131.0,28.45133417462518,76.99877197350114
100755,Cafe Corner 573,1,1.0,2.4,Average,157.0,28.586729117570208,77.2038441854146
100756,The Food Restaurant 23,8,2.0,2.6,Average,259.0,17.368439880206804,78.46295440795146
100757,Spice Restaurant 224,5,1.0,3.3,Good,47.0,19.039639018651183,72.84025532980534
100758,Spice House 353,4,2.0,2.9,Average,888.0,28.328614249927625,77.28704968125277
100759,Grill Corner 958,11,1.0,3.1,Good,49.0,26.89209220203824,75.76417162243348
100760,Curry Corner 294,8,2.0,4.0,Very Good,45.0,17.385822096068264,78.45023986212443
100761,Royal Bites 747,1,1.0,2.9,Average,138.0,28.635975229589558,77.25375848325699
100762,Tasty Express 913,1,1.0,4.4,Very Good,47.0,28.59375205195506,77.22409808210811
100763,Tasty House 83,1,2.0,2.4,Average,1075.0,28.594158043802413,77.24196343087512
100764,House Lounge 137,7,1.0,2.9,Average,127.0,18.55647168842625,73.80915846399787
100765,Kitchen Kitchen 183,1,3.0,3.0,Good,3.0,28.56730893020721,77.19871206708679
100766,Tasty Lounge 131,5,2.0,3.8,Good,266.0,19.070285437476794,72.89237135203334
100767,Green Corner 775,8,2.0,1.7,Poor,261.0,17.418503913835625,78.54454482860203
100768,Cafe Coffee Day,10,1.0,0.0,Not rated,53.0,22.54780555016295,88.33755508405791
100769,Bistro Lounge 435,2,2.0,3.1,Good,32.0,28.405826253342795,76.98157936302584
100770,Green Point 472,9,2.0,4.2,Very Good,199.0,13.142439735343425,80.27737189003467
100771,The Food Point 960,1,2.0,3.3,Good,101.0,28.64187533615884,77.18541875904687
100772,Urban Corner 829,9,2.0,2.3,Average,44.0,13.111762904650131,80.33040344105228
100773,Cafe Corner 247,1,1.0,2.2,Average,38.0,28.610774167485605,77.22797048588275
100774,KFC,2,1.0,4.1,Very Good,269.0,28.48192194826522,77.01660116586173
100775,Curry Cafe 689,8,1.0,2.6,Average,493.0,17.297836388671005,78.4768027703527
100776,Spice Point 759,1,1.0,2.4,Average,271.0,28.598594710112675,77.20456837774316
100777,Barbeque Nation,1,1.0,4.0,Very Good,25.0,28.64706494161113,77.14513618826334
100778,Subway,7,2.0,3.9,Good,458.0,18.471543339568136,73.85816902292393
100779,Spice Hub 516,7,3.0,4.2,Very Good,595.0,18.508729138839097,73.8396555640377
100780,Green Restaurant 590,6,1.0,2.4,Average,871.0,12.982788167576869,77.61674647145223
100781,Cafe Bites 839,6,4.0,2.6,Average,48.0,12.94415031264435,77.56318302775725
100782,The Food Hub 677,4,2.0,3.3,Good,173.0,28.409158131709138,77.34168855703032
100783,Tasty Garden 282,1,3.0,3.6,Good,403.0,28.62739897225103,77.22800427153035
100784,Biryani Blues,2,2.0,3.4,Good,98.0,28.47006903727641,77.03219039746263
100785,Royal Bites 696,1,2.0,4.2,Very Good,452.0,28.599873991926554,77.25287951078539
100786,Curry Corner 996,11,1.0,1.9,Poor,132.0,26.88338315062166,75.72133416563608
100787,House Bites 391,5,1.0,3.6,Good,68.0,19.08986528030907,72.8932358486198
100788,Kitchen Restaurant 427,2,1.0,2.3,Average,57.0,28.471370330452764,77.02503386321726
100789,The Food House 189,3,2.0,3.8,Good,989.0,28.54565094546443,77.38840751258623
100790,Curry Point 870,12,1.0,2.7,Average,46.0,23.026507343876514,72.53703668797367
100791,Starbucks,1,3.0,2.9,Average,39.0,28.62580508952713,77.15931202094633
100792,Barbeque Nation,5,1.0,2.6,Average,245.0,19.10669381358506,72.90893120504714
100793,Grill House 992,3,3.0,2.5,Average,150.0,28.54634833647238,77.41858400255356
100794,Grill Hub 398,5,1.0,3.0,Good,33.0,19.07942048600697,72.94065165209896
100795,Green Express 663,1,1.0,2.5,Average,81.0,28.59545987512719,77.27770164251137
100796,BARBEQUE NATION,10,1.0,3.5,Good,70.0,22.62110573351284,88.30971521673122
100797,Urban Lounge 742,12,1.0,3.4,Good,85.0,22.983193784679234,72.56598890920313
100798,Spice Garden 387,5,1.0,4.1,Very Good,5209.0,19.068902355664235,72.88647553851892
100799,Cafe Corner 895,6,2.0,3.4,Good,130.0,12.953782424510273,77.62827126915873
100800,Biryani Blues,11,1.0,3.3,Good,61.0,26.848451393981186,75.8372393525926
100801,Grill Point 491,6,1.0,3.9,Good,2657.0,12.98398345050217,77.55858181706881
100802,Pizza Hut,1,3.0,3.0,Good,528.0,28.606785838051366,77.19006515135287
100803,Spice Point 960,5,1.0,2.0,Average,345.0,19.077115663542337,72.92567936965919
100804,Starbucks,5,4.0,3.7,Good,71.0,19.06974108389594,72.81914181471511
100805,Barbeque Nation,2,4.0,2.7,Average,722.0,28.48586468302859,76.98892202663492
100806,Bistro Cafe 721,7,1.0,4.6,Excellent,687.0,18.551251291155154,73.87202227569604
100807,Subway,12,1.0,3.9,Good,255.0,22.98395570052138,72.64330151742655
100808,The Food House 478,11,1.0,4.4,Very Good,27.0,26.97418683746422,75.72860340821877
100809,Kitchen Garden 268,3,3.0,3.4,Good,185.0,28.52709387307835,77.39308497378207
100810,Curry Studio 101,1,2.0,3.6,Good,1727.0,28.63446531669772,77.2284040062131
100811,Bistro Studio 780,14,2.0,2.9,Average,224.0,51.513711005483835,-0.07635604832262985
100812,Green Express 321,9,2.0,3.8,Good,129.0,13.086399974796775,80.28633547917968
100813,Cafe Point 760,1,1.0,2.2,Average,109.0,28.633389243747672,77.14454208617408
100814,Cafe Coffee Day,11,3.0,1.7,Poor,107.0,26.95854110869171,75.74229294198219
100815,Cafe Cafe 738,10,2.0,2.7,Average,60.0,22.599796991442812,88.41192093541139
100816,Royal Point 338,4,2.0,2.3,Average,141.0,28.40038288697151,77.33320919474635
100817,Biryani Blues,5,3.0,4.4,Very Good,1438.0,19.07305128900782,72.8382960448531
100818,Curry Lounge 671,2,2.0,4.4,Very Good,1248.0,28.439777732474813,77.04387238549582
100819,Kitchen Garden 782,1,1.0,2.1,Average,55.0,28.638931695613163,77.21975056687353
100820,Bistro Bites 758,2,1.0,3.8,Good,1023.0,28.480146565768216,76.93929369051406
100821,Royal Restaurant 815,8,2.0,3.8,Good,537.0,17.37302589328506,78.41321921344304
100822,Royal Restaurant 560,1,1.0,2.0,Average,308.0,28.660327824057227,77.21987720192138
100823,Grill Bites 981,2,4.0,3.3,Good,319.0,28.497083028161683,77.0978399444407
100824,Domino's Pizza,2,1.0,2.6,Average,49.0,28.52332271386509,77.03583147419404
100825,Urban Bites 50,4,2.0,3.7,Good,122.0,28.381256060726027,77.23207003838219
100826,Tasty Hub 863,11,2.0,,Average,432.0,26.90889333617057,75.73086527670947
100827,Urban Restaurant 155,2,1.0,2.9,Average,37.0,28.452622192036564,77.04850164467176
100828,Haldiram's,2,3.0,3.0,Good,47.0,28.55062992121686,77.05231721917747
100829,Spice Cafe 654,7,3.0,0.0,Not rated,131.0,18.52074449048538,73.84990239226948
100830,Cafe Studio 676,3,2.0,3.1,Good,66.0,28.579781019683807,77.37406386225665
100831,Spice Lounge 565,1,1.0,2.7,Average,456.0,28.650116866413324,77.23678574810394
100832,Spice Lounge 740,3,1.0,2.9,Average,66.0,28.53256195664714,77.42967056009952
100833,The Food Corner 515,1,1.0,4.3,Very Good,314.0,28.615842878848525,77.23328865982937
100834,House House 826,1,1.0,2.7,Average,245.0,28.63219741002411,77.17561310662254
100835,Royal Kitchen 941,3,2.0,2.5,Average,85.0,28.57952451324562,77.42247353655159
100836,McDonald's,2,4.0,0.0,Not rated,66.0,28.453479806266508,77.01424452656114
100837,Cafe Lounge 259,11,2.0,0.0,Not rated,38.0,26.894599689865025,75.76624499765568
100838,The Food House 81,2,3.0,2.5,Average,152.0,28.49212995400391,77.00417651453253
100839,Tasty Studio 579,5,2.0,4.7,Excellent,76.0,19.03585959720629,72.87843762299369
100840,Bistro Point 308,5,2.0,3.0,Good,131.0,19.084845904731143,72.89766099229757
100841,Urban Bites 879,1,3.0,3.2,Good,463.0,28.6510060526736,77.13827772463007
100842,Spice Kitchen 416,6,2.0,3.3,Good,44.0,12.986658663589091,77.56902368079972
100843,Grill Studio 58,1,3.0,4.5,Excellent,131.0,28.594055860001916,77.19286914531631
100844,Bistro Hub 85,13,1.0,1.9,Poor,261.0,25.16975681889286,55.30707301301589
100845,Tasty Bites 804,1,1.0,0.0,Not rated,6.0,28.655447569337994,77.1786652729848
100846,Urban Lounge 942,2,3.0,4.8,Excellent,2631.0,28.453351698175577,77.0150156234573
100847,Subway,1,2.0,3.3,Good,687.0,28.582350758908866,77.2373372632682
100848,Bistro Cafe 487,15,3.0,2.6,Average,23.0,1.3919600105998016,103.8211860271938
100849,Urban Bites 948,3,3.0,3.0,Good,12.0,28.56353507714078,77.44465924349353
100850,Grill Cafe 674,5,1.0,3.1,Good,184.0,19.039189060990175,72.87244440953957
100851,Pizza Hut,1,2.0,4.1,Very Good,54.0,28.70190067833828,77.27490411733085
100852,Subway,7,1.0,2.8,Average,554.0,18.501481381112445,73.92889386711943
100853,Bistro House 952,1,2.0,3.7,Good,332.0,28.641341726781828,77.22503154966755
100854,McDonald's,11,3.0,0.0,Not rated,105.0,26.98193045100706,75.80193962894047
100855,Cafe House 694,1,1.0,2.1,Average,70.0,28.6449877038914,77.22856590521266
100856,Kitchen House 774,1,2.0,2.9,Average,1258.0,28.622971280480126,77.23758079906877
100857,Bistro Restaurant 81,1,2.0,4.1,Very Good,568.0,28.56377065842631,77.21332995832115
100858,Kitchen Corner 101,3,1.0,3.0,Good,370.0,28.606936012925285,77.43190585699294
100859,Urban Express 620,5,3.0,3.6,Good,890.0,19.106279778760406,72.8952136037444
100860,Cafe House 993,1,2.0,3.4,Good,53.0,28.564380114670925,77.25751370843865
100861,Spice Bites 280,8,4.0,4.3,Very Good,1155.0,17.43906193554736,78.43585305382067
100862,Curry Studio 234,3,1.0,2.6,Average,114.0,28.537640328182494,77.39856919092779
100863,Tasty House 191,4,1.0,3.4,Good,288.0,28.399181976787833,77.3533406379096
100864,House House 88,3,2.0,2.7,Average,134.0,28.515476372969577,77.35104660643043
100865,The Food Point 731,2,1.0,4.3,Very Good,22.0,28.465490661278828,77.04166988472943
100866,Cafe Coffee Day,5,4.0,3.1,Good,589.0,19.10427873261435,72.89900193556309
100867,Starbucks,1,1.0,2.4,Average,15.0,28.596585755864083,77.26947623060687
100868,Royal Restaurant 399,1,2.0,3.6,Good,59.0,28.6183654274873,77.1971155264202
100869,Urban Kitchen 6,10,2.0,3.3,Good,105.0,22.690921507117018,88.3712899208102
100870,Curry Express 780,12,1.0,3.2,Good,15.0,23.03914948768955,72.55194636851854
100871,Royal Kitchen 192,2,1.0,3.1,Good,44.0,28.49330678015351,77.02167134906851
100872,Grill Lounge 525,1,2.0,2.5,Average,211.0,28.580360582822877,77.2656809355814
100873,Spice Kitchen 363,6,2.0,4.2,Very Good,147.0,12.924090896065922,77.59357771970406
100874,Cafe Cafe 804,2,1.0,3.6,Good,142.0,28.510758647726572,77.00177684697873
100875,Tasty Corner 299,1,3.0,4.3,Very Good,73.0,28.655167394894175,77.20260449129287
100876,Urban Restaurant 923,1,1.0,2.7,Average,172.0,28.673885035600936,77.19083770066565
100877,Green Cafe 534,7,1.0,3.3,Good,123.0,18.51761414138377,73.84125193188562
100878,Burger King,6,2.0,3.3,Good,23.0,13.015500984143614,77.57573894513237
100879,Cafe Coffee Day,1,1.0,3.7,Good,158.0,28.524500774204924,77.19150159279252
100880,Curry Hub 65,1,3.0,4.2,Very Good,48.0,28.63284273101789,77.16746267723705
100881,Cafe Coffee Day,1,1.0,3.1,Good,546.0,28.650055927298233,77.21142292597686
100882,Curry Kitchen 370,6,1.0,2.0,Average,85.0,12.947509786588286,77.56034871237121
100883,Green Restaurant 641,1,1.0,4.2,Very Good,5302.0,28.650854185989846,77.24894891588994
100884,Cafe Point 469,1,2.0,3.6,Good,665.0,28.60760738121115,77.19808033097354
100885,Cafe Coffee Day,8,2.0,2.8,Average,141.0,17.382210478085554,78.50100031271558
100886,Burger King,1,2.0,3.5,Good,401.0,28.604849012434833,77.22337295737351
100887,Cafe House 824,6,1.0,2.0,Average,10.0,13.026946126269523,77.53032615560083
100888,Curry Express 441,1,1.0,3.7,Good,676.0,28.59799725879495,77.19967258990944
100889,House Cafe 140,1,3.0,2.4,Average,54.0,28.593716737381044,77.2691451740391
100890,Cafe Restaurant 206,1,1.0,2.9,Average,190.0,28.583896958691057,77.18184433005491
100891,Royal House 992,7,3.0,0.0,Not rated,36.0,18.507499848968884,73.93620148597259
100892,Bistro Restaurant 649,10,1.0,3.7,Good,93.0,22.579425112390567,88.38295053417797
100893,Cafe Point 334,9,3.0,3.5,Good,155.0,13.10505061508285,80.28879302581238
100894,Tasty Express 117,2,1.0,3.4,Good,209.0,28.433134816751135,77.03497774271182
100895,Green Cafe 559,6,2.0,3.2,Good,175.0,12.984651636846213,77.6312121688861
100896,Haldiram's,1,1.0,3.0,Good,173.0,28.635318980585037,77.24755049220269
100897,Starbucks,1,1.0,3.1,Good,23.0,28.581252862243854,77.20834940055637
100898,Bistro Point 449,11,1.0,2.9,Average,3143.0,26.914609782532253,75.77223855353206
100899,Bistro Kitchen 839,1,1.0,1.9,Poor,182.0,28.610930303453202,77.15913145394295
100900,Tasty Bites 512,1,1.0,2.5,Average,269.0,28.616484739245934,77.2374813698752
100901,Cafe Coffee Day,1,2.0,3.4,Good,124.0,28.595350366897232,77.21129913859565
100902,House Hub 733,1,2.0,3.0,Good,58.0,28.609157509630812,77.1794671589733
100903,Tasty Kitchen 460,1,3.0,3.3,Good,224.0,28.614987479377497,77.1886840244857
100904,Curry Cafe 411,5,2.0,3.0,Good,250.0,19.141241678026404,72.87530686257374
100905,Bistro House 557,2,2.0,2.6,Average,811.0,28.461065870667646,76.99224928913304
100906,Pizza Hut,10,1.0,2.7,Average,2188.0,22.619444496969205,88.3656003671943
100907,Grill Cafe 654,9,2.0,3.0,Good,1103.0,13.132193884555383,80.21399644806411
100908,Urban Point 674,2,1.0,3.0,Good,19.0,28.4133360947352,77.00796550699408
100909,Royal Bites 628,1,3.0,3.7,Good,114.0,28.603708377956117,77.16833428237514
100910,The Belgian Waffle Co,2,1.0,2.9,Average,259.0,28.509066065844184,77.03361244032565
100911,Tasty Express 989,5,1.0,2.3,Average,90.0,19.08233879619695,72.84347570412834
100912,Urban Corner 101,1,2.0,2.3,Average,141.0,28.609826564367143,77.18943482822048
100913,Grill Restaurant 532,5,1.0,4.7,Excellent,17.0,19.102251048340815,72.95679257340798
100914,Bistro Cafe 227,2,3.0,2.7,Average,511.0,28.49686338228495,77.05687495922163
100915,Tasty Studio 791,5,3.0,3.1,Good,17.0,19.074972010220026,72.89872223688846
100916,Bistro Lounge 155,3,1.0,3.3,Good,26.0,28.525761103369305,77.43641529037556
100917,Spice Studio 108,1,1.0,3.2,Good,51.0,28.531175074082086,77.226936468153
100918,Urban Kitchen 852,12,2.0,3.5,Good,172.0,23.024146872422715,72.52224921917325
100919,Royal Express 320,8,2.0,2.9,Average,22.0,17.371659548907637,78.44062260339963
100920,Green Lounge 495,1,1.0,3.2,Good,48.0,28.57867153991553,77.11415436513599
100921,Urban Studio 740,10,2.0,3.2,Good,765.0,22.56541326856742,88.37096797741634
100922,Kitchen Kitchen 308,3,2.0,0.0,Not rated,78.0,28.520890584149626,77.35389466431944
100923,Starbucks,11,1.0,3.2,Good,312.0,26.918320774079827,75.76733524932347
100924,Pizza Hut,8,1.0,3.7,Good,43.0,17.375234897286848,78.47550442596068
100925,House Hub 953,2,2.0,3.2,Good,170.0,28.47514490812862,77.00530279771029
100926,Green Lounge 179,1,1.0,0.0,Not rated,75.0,28.61998669796178,77.20779262950266
100927,Kitchen Lounge 437,1,3.0,4.1,Very Good,82.0,28.658474227168956,77.1990957623928
100928,Green House 645,4,1.0,3.6,Good,186.0,28.39019957354724,77.30440891640207
100929,The Belgian Waffle Co,5,2.0,4.2,Very Good,21.0,19.13829471617565,72.8235197052883
100930,Tasty Corner 756,1,3.0,2.3,Average,258.0,28.651253441329626,77.21745993314836
100931,Green Studio 607,1,3.0,4.0,Very Good,131.0,28.665936045577826,77.2851553275975
100932,Spice Restaurant 220,9,1.0,3.4,Good,137.0,13.091546881910025,80.28037032558416
100933,Starbucks,14,1.0,2.4,Average,442.0,51.497553923524535,-0.048383457530080304
100934,Urban Cafe 105,4,3.0,3.6,Good,341.0,28.390071836241617,77.2979089753362
100935,Grill Hub 375,1,1.0,3.7,Good,136.0,28.675233640900505,77.20015286730403
100936,Curry Kitchen 269,1,1.0,2.5,Average,38.0,28.652283151424587,77.20830489182966
100937,Curry Lounge 990,1,3.0,3.7,Good,1069.0,28.578615928807412,77.20305720242254
100938,Cafe House 626,11,1.0,3.6,Good,37.0,26.946616535964885,75.82807257464927
100939,Urban Express 361,1,1.0,2.3,Average,327.0,28.585012397420396,77.13232089984538
100940,Cafe Hub 834,5,1.0,2.9,Average,23.0,19.087350176469183,72.86178560036106
100941,The Food Cafe 605,1,2.0,3.4,Good,599.0,28.642807640811192,77.2672180863491
100942,McDonald's,5,2.0,2.7,Average,576.0,19.127029164026204,72.8603176052714
100943,Green Garden 120,6,1.0,2.4,Average,13.0,12.979914054797064,77.62710047162021
100944,Starbucks,9,1.0,2.9,Average,298.0,13.078010137141586,80.29184408309229
100945,Burger King,1,1.0,3.5,Good,307.0,28.615444627200198,77.2064592924168
100946,Royal Cafe 393,1,2.0,3.6,Good,478.0,28.65123962618032,77.2200809279986
100947,Curry Bites 551,1,1.0,2.4,Average,240.0,28.64149335934415,77.20600774490238
100948,House Hub 569,11,3.0,3.8,Good,62.0,26.911828318713784,75.71287852905355
100949,Cafe Coffee Day,10,1.0,0.0,Not rated,68.0,22.507382754657588,88.37999903955739
100950,Pizza Hut,5,4.0,2.6,Average,1277.0,18.990793405890052,72.85613659856955
100951,Cafe Corner 887,5,1.0,2.8,Average,41.0,19.083886760627347,72.82951185644893
100952,Spice Studio 140,6,3.0,4.1,Very Good,332.0,12.930256261711605,77.60814498655876
100953,Burger King,1,1.0,3.4,Good,801.0,28.59539046280999,77.22023431839716
100954,Grill Bites 507,11,1.0,3.0,Good,50.0,26.904457023751213,75.8216490610783
100955,Curry House 728,2,3.0,3.1,Good,30.0,28.532176990851763,77.0174580722111
100956,Curry Hub 85,2,3.0,3.1,Good,36.0,28.463783037603992,77.056656451115
100957,Green Garden 34,4,1.0,3.1,Good,291.0,28.43409918786628,77.31854229531697
100958,Grill Garden 173,1,2.0,2.5,Average,31.0,28.631559156917262,77.22108417740547
100959,Cafe Restaurant 792,1,2.0,3.0,Good,147.0,28.529133936011274,77.22397131351616
100960,Grill Lounge 116,7,3.0,3.3,Good,1032.0,18.506417813667234,73.81012761161644
100961,The Food Lounge 844,1,1.0,2.1,Average,134.0,28.571198941756865,77.22219792436925
100962,Grill Corner 779,5,2.0,2.7,Average,61.0,19.1364521083485,72.88133668003836
100963,Grill Point 436,1,2.0,3.5,Good,227.0,28.550223997538442,77.19950962554589
100964,The Belgian Waffle Co,2,1.0,3.0,Good,159.0,28.444771160305528,77.03060176454166
100965,The Food Corner 461,1,3.0,3.2,Good,320.0,28.604774541377147,77.2982353404751
100966,Urban Studio 887,2,1.0,2.4,Average,1155.0,28.42499560989573,76.95941962000558
100967,Green Point 831,7,1.0,4.0,Very Good,356.0,18.52394984154009,73.85209576472194
100968,Bistro Express 882,1,2.0,2.7,Average,2071.0,28.61242026918329,77.23741468144448
100969,House House 170,5,2.0,3.4,Good,336.0,19.081706597671413,72.83408721600253
100970,Green Point 825,3,1.0,2.7,Average,62.0,28.553087195580257,77.40398667896672
100971,Pizza Hut,6,1.0,3.0,Good,3042.0,12.979888660129015,77.60518133478172
100972,Cafe Lounge 173,12,4.0,3.9,Good,181.0,23.035816668649588,72.5157841069569
100973,Bistro Garden 297,7,1.0,2.1,Average,38.0,18.55932740713873,73.83624906602351
100974,Grill Bites 835,1,2.0,3.2,Good,3323.0,28.55616173032683,77.27141961665993
100975,Burger King,1,2.0,4.0,Very Good,86.0,28.638398827311413,77.15332650643948
100976,The Food Bites 130,1,1.0,4.1,Very Good,84.0,28.577300414036692,77.19363734236688
100977,Royal Point 150,5,3.0,0.0,Not rated,45.0,19.053516035460564,72.87191922553103
100978,Green Bites 403,1,2.0,3.2,Good,223.0,28.6181379957691,77.20914868531324
100979,Cafe Bites 276,3,2.0,4.6,Excellent,792.0,28.549896235574476,77.37654435324846
100980,Tasty Studio 78,5,2.0,3.9,Good,7.0,19.09451689140869,72.88058031930271
100981,Urban House 528,2,2.0,0.0,Not rated,286.0,28.426420735416375,77.02535465314068
100982,Bistro Express 466,8,2.0,0.0,Not rated,45.0,17.442091781493257,78.5115584888425
100983,Kitchen Cafe 3,1,3.0,4.0,Very Good,129.0,28.59927516276161,77.23855875177478
100984,Bistro Kitchen 749,1,1.0,2.3,Average,1274.0,28.588720748426827,77.22438321748824
100985,House Bites 715,7,1.0,0.0,Not rated,117.0,18.47588224471923,73.86498434936526
100986,Urban Lounge 408,3,1.0,3.2,Good,318.0,28.487532038624604,77.33627735067166
100987,Burger King,6,1.0,3.3,Good,175.0,12.922607030280084,77.59865223284204
100988,Curry Garden 331,3,1.0,2.8,Average,432.0,28.54650254313026,77.42998971846501
100989,Kitchen Lounge 592,1,3.0,3.0,Good,1316.0,28.635046268122135,77.15262209667391
100990,Barbeque Nation,9,2.0,4.2,Very Good,10.0,13.052452824264668,80.2245987800379
100991,House Corner 48,8,2.0,3.0,Good,675.0,17.345034241417256,78.53891731952851
100992,Barbeque Nation,6,2.0,2.9,Average,1178.0,12.96419240557515,77.54217443255584
100993,McDonald's,1,3.0,3.3,Good,348.0,28.617305024108834,77.20540413983736
100994,Spice House 208,5,2.0,3.3,Good,79.0,19.085204211949634,72.85839257282014
100995,Royal Bites 310,2,3.0,2.7,Average,38.0,28.42574996846606,77.07671010262831
100996,Cafe Coffee Day,1,1.0,2.6,Average,3054.0,28.608048130495337,77.21960171489461
100997,Pizza Hut,11,3.0,3.0,Good,56.0,26.967251214383616,75.81499361121867
100998,Kitchen Bites 926,1,2.0,3.7,Good,1354.0,28.572083256080827,77.21094905741597
100999,Spice House 641,12,1.0,2.4,Average,248.0,23.021480506490374,72.64123289311097
101000,Bistro Point 440,3,2.0,2.1,Average,1843.0,28.552999337349185,77.36496122738423
101001,Bistro Kitchen 2,1,2.0,1.9,Poor,91.0,28.580024299920545,77.22102461229983
101002,KFC,4,1.0,2.0,Average,18.0,28.430296002123953,77.36179756261537
101003,Subway,10,2.0,4.1,Very Good,222.0,22.52572676278839,88.41583366302855
101004,Curry Corner 9,7,1.0,3.0,Good,27.0,18.542608105504563,73.84732061522733
101005,Urban House 711,8,1.0,3.3,Good,5283.0,17.386517478162983,78.4158219415291
101006,KFC,6,4.0,3.9,Good,466.0,12.921920273270414,77.58115599597848
101007, KFC ,6,2.0,3.2,Good,481.0,12.995668298379522,77.6556258775897
101008,Urban Kitchen 321,9,3.0,3.4,Good,503.0,13.051344886563042,80.24398593136533
101009,The Food Hub 392,1,2.0,3.9,Good,89.0,28.608534121238744,77.21919194408792
101010,Royal Bites 694,3,1.0,3.1,Good,150.0,28.557555841119093,77.38025105486098
101011,Haldiram's,1,2.0,4.1,Very Good,254.0,28.58014447482767,77.2064711041609
101012,Cafe Bites 169,14,2.0,3.6,Good,2257.0,51.48890993752712,-0.08187513909635888
101013,Bistro Point 644,12,4.0,3.2,Good,42.0,23.06191557295242,72.58030680049876
101014,Tasty Cafe 704,1,1.0,2.7,Average,65.0,28.54145674538294,77.28046778560265
101015,Green Kitchen 919,6,3.0,2.9,Average,108.0,13.021253563135703,77.62876962671659
101016,KFC,11,3.0,4.2,Very Good,97.0,26.861151096279652,75.79189336820191
101017,Tasty Express 987,1,2.0,2.9,Average,27.0,28.589425533648633,77.20570480860925
101018,Royal Point 284,5,3.0,2.9,Average,,19.085884432142407,72.88931180698594
101019,Green Lounge 616,11,1.0,3.2,Good,18.0,26.933509894772058,75.74413871084263
101020,Cafe Garden 798,1,4.0,3.5,Good,767.0,28.624329650937565,77.17198220967875
101021,Spice Bites 897,6,2.0,3.4,Good,188.0,12.97325428845762,77.6210954091501
101022,Grill Cafe 522,1,1.0,4.2,Very Good,644.0,28.598638425216024,77.2411845975044
101023,Burger King,11,3.0,4.0,Very Good,104.0,26.967045176621735,75.74099562376361
101024,Spice Point 507,13,2.0,3.2,Good,160.0,25.23185347299011,55.30088303112283
101025,Green Studio 654,12,2.0,2.3,Average,1121.0,23.063646171481103,72.56524999136722
101026,Grill Corner 370,3,2.0,2.9,Average,1186.0,28.52075249450915,77.36190696583745
101027,Royal House 882,10,1.0,3.5,Good,631.0,22.491112583441296,88.35288933981325
101028,Tasty Express 560,9,2.0,2.4,Average,196.0,13.11840106123032,80.3017897644428
101029,Curry Kitchen 18,1,3.0,4.8,Excellent,494.0,28.626375174840774,77.23030745563068
101030,Spice Garden 221,9,1.0,3.0,Good,276.0,13.089100145567647,80.28110599070985
101031,Domino's Pizza,1,1.0,3.0,Good,141.0,28.594041880827273,77.2222469808787
101032,Tasty Lounge 294,5,1.0,2.6,Average,96.0,19.063815849465183,72.8377680571335
101033,Grill House 434,1,1.0,0.0,Not rated,366.0,28.59293325878127,77.22813909342962
101034,Urban Bites 550,1,2.0,2.4,Average,30.0,28.615480874071565,77.19299648129729
101035,Royal Garden 86,1,3.0,4.8,Excellent,1661.0,28.574151288507014,77.27974334329014
101036,Grill Point 998,6,4.0,4.5,Excellent,171.0,12.998291380817458,77.58129879374627
101037,Grill Express 401,2,2.0,3.8,Good,40.0,28.53078201804576,77.10451627495186
101038,House Bites 659,7,1.0,2.1,Average,72.0,18.499482159155495,73.85105811614726
101039,Starbucks,1,3.0,3.5,Good,65.0,28.558152329797057,77.20567848833609
101040,Green Corner 251,1,3.0,4.2,Very Good,110.0,28.610329473327894,77.19869910403223
101041,Burger King,4,2.0,3.6,Good,94.0,28.41993281677964,77.27376590876234
101042,Biryani Blues,8,2.0,2.5,Average,70.0,17.40086388630068,78.53312214036363
101043,The Food Bites 760,1,3.0,3.0,Good,118.0,28.6699878670095,77.21239836771034
101044,Royal Kitchen 13,5,2.0,2.9,Average,157.0,19.10455310290523,72.89964817460948
101045,Bistro Corner 168,10,1.0,2.6,Average,414.0,22.50919463337911,88.42042814481742
101046,Kitchen Lounge 530,5,2.0,4.2,Very Good,166.0,19.032740929874272,72.87311042043939
101047,Bistro Garden 171,1,1.0,1.8,Poor,201.0,28.628097882458754,77.20575377605533
101048,Bistro Garden 751,1,1.0,3.4,Good,191.0,28.59800464029333,77.21407184271841
101049,Spice Express 827,10,1.0,2.2,Average,287.0,22.625629447073244,88.31899952373566
101050,Grill Kitchen 270,1,1.0,2.4,Average,161.0,28.58110035595882,77.14499103941311
101051,Cafe Bites 79,10,1.0,1.7,Poor,58.0,22.606224848358853,88.31127082964089
101052,Grill Express 57,4,1.0,2.6,Average,50.0,28.386173093618567,77.36124404844104
101053,Cafe Hub 377,12,2.0,,Very Good,294.0,23.031676761586898,72.55999119088179
101054,KFC,8,3.0,3.6,Good,976.0,17.356022594886646,78.51415322504769
101055,House Restaurant 119,15,4.0,2.8,Average,125.0,1.3716600852186163,103.81075146860125
101056,Haldiram's,2,1.0,0.0,Not rated,37.0,28.497044895682073,76.97138192009686
101057,Domino's Pizza,8,2.0,4.0,Very Good,157.0,17.3938548324761,78.5170121223573
101058,Curry Express 393,2,3.0,3.5,Good,96.0,28.52631963880848,76.9954857584162
101059,Royal Corner 567,3,1.0,4.3,Very Good,100.0,28.510284732372686,77.41129549444693
101060,Bistro Restaurant 672,5,2.0,3.7,Good,33.0,19.079428899120522,72.91002262880578
101061,Kitchen Point 427,10,2.0,3.6,Good,146.0,22.60220472903258,88.36234927320261
101062,Kitchen Garden 846,14,1.0,2.5,Average,209.0,51.47415777510463,-0.1112070433783024
101063,Pizza Hut,8,3.0,3.8,Good,53.0,17.387180065301607,78.43689101625904
101064,The Belgian Waffle Co,2,3.0,3.5,Good,64.0,28.48274139614703,77.12897584404044
101065,Royal Point 824,2,1.0,3.3,Good,56.0,28.492021995105517,77.04200447988258
101066,Spice House 71,7,1.0,2.6,Average,28.0,18.56036451342395,73.88404291613185
101067,The Food Garden 336,1,1.0,3.1,Good,53.0,28.583482799608944,77.24169879289495
101068,Barbeque Nation,1,1.0,2.5,Average,121.0,28.623989043829464,77.2041288369927
101069,Subway,2,2.0,1.8,Poor,24.0,28.41347811284904,77.02932099930703
101070,The Food Restaurant 638,1,2.0,3.8,Good,174.0,28.588546902602133,77.24697358486584
101071,Kitchen Cafe 996,1,1.0,2.0,Average,58.0,,77.19612950154337
101072,Green Restaurant 923,1,3.0,3.5,Good,60.0,28.653940965438302,77.22268973296906
101073,Green Hub 7,1,1.0,3.2,Good,291.0,28.63237703326219,77.22537231600421
101074,Spice Point 555,1,1.0,3.2,Good,81.0,28.615303185083174,77.18329210826906
101075,Bistro Corner 974,14,1.0,2.8,Average,92.0,51.52310298487892,-0.11226721387150676
101076,House House 870,3,2.0,3.4,Good,963.0,28.553742136149882,77.33169870545467
101077,The Food Kitchen 211,2,1.0,3.3,Good,58.0,28.472415817814372,77.05872868448836
101078,Green House 504,6,1.0,3.5,Good,1376.0,12.951472306565522,77.64954549174108
101079,Royal Restaurant 287,1,1.0,4.1,Very Good,143.0,28.58041586407535,77.24070076502362
101080,Subway,12,3.0,3.6,Good,48.0,23.01468483736455,72.62380528512259
101081,Grill House 718,8,4.0,0.0,Not rated,45.0,17.35721485967627,78.46002303173347
101082,Curry Restaurant 87,1,1.0,2.4,Average,166.0,28.635644738849024,77.20112587617767
101083,Grill Hub 653,2,1.0,3.3,Good,892.0,28.513013465759553,77.03098998309802
101084,Urban Cafe 582,10,2.0,0.0,Not rated,244.0,22.59232741763401,88.36840844547565
101085,The Belgian Waffle Co,12,2.0,3.1,Good,192.0,22.95914515355388,72.55609461069997
101086,Green Garden 268,3,1.0,3.4,Good,918.0,28.513336219501618,77.35903975477052
101087,Tasty Restaurant 852,5,3.0,3.2,Good,17.0,19.076635217322707,72.93814383231893
101088,Kitchen Studio 279,1,2.0,3.6,Good,271.0,28.56368212527531,77.17984275777903
101089,Subway,14,2.0,3.8,Good,305.0,51.508491877725355,-0.06982636127446791
101090,Biryani Blues,1,2.0,3.8,Good,310.0,28.63032617888445,77.22632830776114
101091,KFC,12,4.0,3.7,Good,27.0,23.071810050915843,72.57850559734557
101092,Barbeque Nation,6,3.0,0.0,Not rated,25.0,13.035254745859682,77.61360455378984
101093,Urban Lounge 367,5,1.0,0.0,Not rated,73.0,19.034296655072914,72.93102053754592
101094,Green Studio 316,4,1.0,3.4,Good,766.0,28.40481941518293,77.2259438628171
101095,Urban Kitchen 162,1,2.0,4.8,Excellent,2835.0,28.610261172037713,77.22156987816646
101096,The Food Restaurant 714,1,1.0,2.8,Average,72.0,28.58894468800752,77.2142151832313
101097,Green Express 152,1,2.0,3.5,Good,37.0,28.617352696401664,77.21550799235783
101098,Subway,1,3.0,3.0,Good,482.0,28.61109756167398,77.2419176382058
101099,Tasty Lounge 51,8,2.0,2.6,Average,4187.0,17.4064831013501,78.46533615320048
101100,The Food Hub 32,2,4.0,3.2,Good,726.0,28.506981487534137,76.98631881595018
101101,Curry Lounge 767,1,1.0,1.6,Poor,50.0,28.618532738233778,77.16055124510655
101102,Urban Studio 105,13,3.0,4.3,Very Good,8286.0,25.187648257651965,55.23904274176715
101103,Royal Kitchen 13,10,2.0,1.8,Poor,315.0,22.536706874314444,88.38796038272409
101104,Subway,11,1.0,2.8,Average,62.0,26.98388613055618,75.80496967935781
101105,Burger King,14,2.0,2.4,Average,1712.0,51.53914064628955,-0.09688343932325577
101106,House Bites 87,1,1.0,2.4,Average,51.0,28.627889881524904,77.1929069896259
101107,The Food Kitchen 23,2,3.0,4.3,Very Good,106.0,28.45369067506904,77.01206223916611
101108,Green Bites 455,7,2.0,3.3,Good,461.0,18.576815753596836,73.91458028543673
101109,Urban Express 126,6,1.0,2.4,Average,147.0,12.966013153558539,77.63029238702669
101110,Barbeque Nation,1,2.0,2.8,Average,174.0,28.553975902635777,77.23532658427857
101111,Biryani Blues,9,2.0,2.7,Average,171.0,13.091975924736879,80.20683359041213
101112,Bistro House 509,1,1.0,3.0,Good,701.0,28.570926785670768,77.27751941877575
101113,The Belgian Waffle Co,1,1.0,3.1,Good,9.0,28.623306623869784,77.20578196829877
101114,Kitchen Point 931,4,1.0,4.2,Very Good,323.0,28.45594469536367,77.32385159771256
101115,Cafe Coffee Day,5,2.0,2.0,Average,97.0,19.017462197350852,72.8933648541672
101116,Royal Corner 629,5,3.0,3.4,Good,74.0,19.044512798993942,72.88345855792748
101117,Green Bites 303,1,3.0,3.2,Good,70.0,28.64416545964717,77.20298086052873
101118,Grill Studio 63,10,2.0,3.8,Good,7.0,22.55511852405029,88.36897618523646
101119,Burger King,1,2.0,0.0,Not rated,33.0,28.628430753686747,77.23127692959885
101120,Subway,1,1.0,3.4,Good,954.0,28.62850598518544,77.23870798329988
101121,Grill Point 646,10,2.0,3.4,Good,538.0,22.60373494729827,88.40659226029202
101122,Grill Corner 392,13,1.0,2.4,Average,120.0,25.1821692921589,55.23238568451351
101123,Kitchen Studio 558,10,1.0,3.8,Good,35.0,22.483285981169868,88.34479287773408
101124,Kitchen Cafe 515,8,2.0,3.7,Good,567.0,17.39889026224547,78.51655340901169
101125,The Food Hub 27,6,1.0,3.6,Good,1021.0,12.916684868957343,77.53964277014224
101126,Green Corner 918,5,2.0,4.0,Very Good,790.0,19.10873117913555,72.88335566687482
101127,The Food Corner 829,1,3.0,3.7,Good,60.0,28.61242076298525,77.18149155524041
101128,Grill Express 786,2,1.0,4.0,Very Good,73.0,28.449138904649217,77.04589116588289
101129,Green Hub 103,2,1.0,3.2,Good,1442.0,28.48366944615099,76.99702225752898
101130,Green Garden 547,1,3.0,3.3,Good,41.0,28.552935460881987,77.1964147618371
101131,Bistro Corner 783,7,3.0,3.4,Good,345.0,18.51339275884238,73.84653514728026
101132,Green Cafe 867,3,1.0,3.0,Good,18.0,28.55117559796735,77.39962211032741
101133,Tasty Express 958,1,1.0,2.7,Average,112.0,28.622749532023906,77.2425412691187
101134,Royal Hub 243,1,2.0,4.3,Very Good,481.0,28.596790934105787,77.24511822708332
101135,Bistro Restaurant 368,6,2.0,3.4,Good,183.0,12.954844321739314,77.60177298578749
101136,Spice Restaurant 718,1,1.0,3.1,Good,342.0,28.667913473117803,77.17016207914028
101137,Cafe Cafe 146,9,1.0,3.3,Good,40.0,13.114643508181612,80.36098645973422
101138,Green Studio 556,3,3.0,5.0,Excellent,97.0,28.512253938187303,77.38801860656523
101139,Curry Corner 93,3,2.0,0.0,Not rated,164.0,28.58269613304955,77.4005798924524
101140,Biryani Blues,5,4.0,3.1,Good,425.0,19.102427835584983,72.88617922672195
101141,Haldiram's,9,2.0,2.3,Average,196.0,13.099793637459786,80.28308366363167
101142,Kitchen Cafe 207,2,4.0,3.4,Good,621.0,28.477930654890866,76.99695288935818
101143,Kitchen Restaurant 182,6,1.0,3.2,Good,22.0,12.931485761570347,77.60995004821588
101144,Kitchen Corner 23,5,3.0,3.1,Good,99.0,19.128684240386622,72.94145255937174
101145,Starbucks,1,1.0,2.6,Average,1556.0,28.647202770430063,77.13867825268522
101146,URBAN LOUNGE 882,10,2.0,3.3,Good,925.0,22.58117932005587,88.36503095842951
101147,Urban Express 722,8,2.0,2.9,Average,376.0,17.393526229050646,78.44744518540317
101148,Tasty Cafe 104,6,1.0,3.2,Good,149.0,12.968398374961655,77.62921061760628
101149,Kitchen Hub 162,9,3.0,0.0,Not rated,328.0,13.062795190486787,80.31063971013236
101150,Tasty Bites 984,10,3.0,3.8,Good,355.0,22.591309188638622,88.35943217661797
101151,Kitchen Hub 725,6,1.0,3.6,Good,29.0,12.94376076249724,77.59673114737431
101152,Bistro Cafe 806,9,2.0,3.9,Good,737.0,13.087974454645028,80.2398666267145
101153,House Cafe 835,6,1.0,3.2,Good,61.0,12.975007777205537,77.51207818696112
101154,Cafe Coffee Day,6,1.0,2.9,Average,440.0,12.985081354993113,77.58514306290571
101155,The Food Hub 182,5,3.0,2.9,Average,22.0,19.10894374852096,72.87022025207818
101156,Bistro Cafe 401,7,1.0,2.7,Average,1203.0,18.5345167992671,73.85820606405986
101157,Cafe Corner 187,1,4.0,3.3,Good,131.0,28.63817482477182,77.09425043838674
101158,Cafe Point 655,10,1.0,3.5,Good,48.0,22.5047020096811,88.3035124662077
101159,Curry Hub 340,10,2.0,3.4,Good,80.0,22.58871446842539,88.31199209388743
101160,Green Express 328,1,2.0,3.7,Good,133.0,28.61652698147384,77.2119084575995
101161,KFC,9,1.0,2.2,Average,145.0,13.095710373146309,80.29118434039441
101162,House Bites 747,1,1.0,3.9,Good,1102.0,28.59538220901784,77.16830985924753
101163,Curry Corner 272,2,3.0,3.1,Good,194.0,28.49978238697004,77.01694478363224
101164,Starbucks,7,2.0,2.5,Average,10.0,18.529165066154697,73.83643858769143
101165,Cafe Coffee Day,1,1.0,2.7,Average,35.0,28.58783147942082,77.28012016983264
101166,Bistro Corner 50,9,2.0,4.8,Excellent,8126.0,13.062808987102013,80.2572318022343
101167,Bistro House 993,9,1.0,2.7,Average,193.0,13.11429707413265,80.25575384156096
101168,Burger King,3,1.0,2.8,Average,547.0,28.53251488051515,77.36244010902122
101169,Tasty Express 560,1,2.0,3.1,Good,121.0,28.613734925631483,77.14246577451067
101170,Curry Cafe 667,1,1.0,2.9,Average,48.0,28.606980060564503,77.23162689381894
101171,Green Hub 463,5,3.0,2.9,Average,93.0,19.111389567580968,72.86837481803899
101172,Domino's Pizza,14,2.0,3.3,Good,218.0,51.5242815489438,-0.14139300327714502
101173,Kitchen Garden 975,5,4.0,4.3,Very Good,130.0,19.03445032611315,72.88408280597288
101174,Pizza Hut,1,2.0,3.4,Good,2092.0,28.579748014139746,77.1537762881319
101175,Burger King,5,4.0,2.9,Average,78.0,19.076159864367256,72.93966997737144
101176,KFC,4,2.0,3.0,Good,46.0,28.386393541756885,77.25407871596077
101177,Urban Express 609,8,2.0,2.8,Average,458.0,17.30938140493753,78.54887223187629
101178,Curry Restaurant 32,1,4.0,3.6,Good,637.0,28.587824082014922,77.20847755385397
101179,House Hub 622,7,2.0,4.1,Very Good,230.0,18.510651710454184,73.84317949981629
101180,Royal Corner 104,4,1.0,2.9,Average,80.0,28.394899942867017,77.34129007951074
101181,Green House 714,13,2.0,3.1,Good,16.0,25.230026678559103,55.25867660790031
101182,Bistro Lounge 272,2,3.0,4.6,Excellent,1138.0,28.381291113557634,77.05921305173123
101183,The Food Point 99,5,3.0,4.0,Very Good,642.0,19.048967208256453,72.88847678654592
101184,Biryani Blues,12,2.0,3.6,Good,114.0,23.05034819465663,72.5963464975925
101185,Curry Hub 56,1,2.0,4.5,Excellent,260.0,28.590531842723873,77.24540370228192
101186,Tasty Kitchen 302,12,4.0,3.9,Good,159.0,22.980101318176764,72.5652993399339
101187,House Cafe 492,6,1.0,1.7,Poor,1002.0,12.947775496953795,77.62836051254985
101188,Domino's Pizza,1,2.0,3.7,Good,55.0,28.629517254659316,77.227127162675
101189,The Belgian Waffle Co,1,1.0,2.0,Average,64.0,28.605030875279297,77.2556887931015
101190,Urban Studio 865,6,2.0,0.0,Not rated,36.0,12.946226432945629,77.58174596682072
101191,Burger King,1,2.0,0.0,Not rated,132.0,28.63076230125323,77.25679949649114
101192,House Garden 94,5,1.0,2.7,Average,174.0,19.089120365151043,72.85064176441749
101193,Tasty Hub 380,2,1.0,2.8,Average,214.0,28.415277562680718,76.95635373652753
101194,Kitchen Hub 457,5,2.0,2.7,Average,54.0,19.079317508111444,72.82993121495682
101195,Barbeque Nation,1,1.0,2.8,Average,1066.0,28.568418019856075,77.19738426511073
101196,Green Garden 578,10,1.0,0.0,Not rated,51.0,22.61355319662111,88.37308919383001
101197,Starbucks,13,3.0,2.9,Average,751.0,25.247891901336022,55.27135819060894
101198,Urban Bites 353,13,1.0,3.4,Good,9622.0,25.19473142743935,55.29833480305902
101199,Tasty Cafe 233,7,2.0,2.6,Average,53.0,18.5576736565452,73.81467888901551
101200,Tasty Lounge 429,1,4.0,3.5,Good,298.0,28.587432500947298,77.26935557857368
101201,House Studio 587,7,1.0,3.2,Good,154.0,18.51550407699998,73.90378598384505
101202,Curry Garden 81,1,1.0,2.4,Average,1932.0,28.593432374653748,77.24173101708378
101203,Bistro Corner 515,1,2.0,2.3,Average,105.0,28.613035946277034,77.25328062790136
101204,Grill Cafe 694,1,2.0,3.5,Good,265.0,28.616218579002457,77.15465474029543
101205,Royal Kitchen 973,3,3.0,4.1,Very Good,294.0,28.535406792767763,77.41546256131845
101206,Royal Hub 996,8,3.0,3.3,Good,164.0,17.38184357006738,78.51261387496956
101207,Subway,6,3.0,3.1,Good,457.0,12.976055062104999,77.62845889236374
101208,Burger King,3,1.0,3.1,Good,200.0,28.579438666780106,77.42064117013356
101209,The Belgian Waffle Co,1,1.0,3.0,Good,318.0,28.543519346308685,77.22455878461959
101210,House Hub 855,15,1.0,3.2,Good,237.0,1.419332250217131,103.83395689210492
101211,Kitchen Restaurant 937,2,1.0,1.4,Poor,57.0,28.447222784889878,77.06833172069929
101212,Urban House 570,3,2.0,2.5,Average,111.0,28.532773335723412,
101213,Kitchen Garden 533,1,2.0,2.7,Average,326.0,28.660425552250793,77.22184104530379
101214,Spice Restaurant 639,8,1.0,3.1,Good,354.0,17.40623411573662,78.46734511522114
101215,Tasty Kitchen 425,6,3.0,3.5,Good,921.0,12.990325660404363,77.5892766312829
101216,Biryani Blues,1,1.0,3.4,Good,1943.0,28.65749707989677,77.11546830072122
101217,Urban Kitchen 577,1,1.0,3.2,Good,94.0,28.608133489465295,77.17853038284784
101218,The Food Lounge 902,6,2.0,2.4,Average,180.0,13.003765543209779,77.57932861470364
101219,Tasty Garden 393,6,1.0,3.9,Good,166.0,12.92748299023987,77.57978996132542
101220,Cafe Cafe 485,1,1.0,3.8,Good,52.0,28.628513347634414,77.19732809109968
101221,Cafe Coffee Day,12,1.0,0.0,Not rated,182.0,23.042163585113553,72.52992482382169
101222,Cafe Cafe 698,1,1.0,3.2,Good,481.0,28.654011746764816,77.1973649967142
101223,Spice House 911,3,2.0,2.8,Average,43.0,28.5602741244987,77.42898955145314
101224,Bistro Point 51,12,3.0,3.5,Good,121.0,23.029656963960655,72.5609504689712
101225,The Food Express 21,2,1.0,3.7,Good,112.0,28.448383658625477,77.07203707528133
101226,The Food Garden 288,5,1.0,4.4,Very Good,35.0,19.064494029060914,72.9208377047028
101227,Bistro Bites 101,2,2.0,3.7,Good,194.0,28.44829015583964,77.00605336166738
101228,Green Hub 308,1,4.0,3.8,Good,49.0,28.56847423254512,
101229,Curry Express 276,14,1.0,2.8,Average,203.0,51.56842004695244,-0.17375645859916447
101230,Cafe Bites 92,2,1.0,3.1,Good,249.0,28.494453627456416,76.9897133674658
101231,Subway,11,3.0,4.3,Very Good,378.0,26.92130751245747,75.79121102964267
101232,Tasty Restaurant 497,1,2.0,0.0,Not rated,156.0,28.642422804894267,77.2267994140291
101233,Kitchen Corner 528,1,1.0,2.4,Average,1034.0,28.640256841432716,77.26546789846434
101234,Urban Garden 727,1,2.0,2.1,Average,51.0,28.579145787639916,77.20329872115317
101235,Royal Lounge 901,6,1.0,3.3,Good,72.0,12.993886294311062,77.60074453677417
101236,Royal Point 897,2,2.0,0.0,Not rated,204.0,28.503941109523762,77.03002336733219
101237,Spice Point 34,10,2.0,2.8,Average,141.0,22.54887368528688,88.4266742528204
101238,Kitchen Restaurant 204,3,3.0,4.1,Very Good,905.0,28.48182047623667,77.43798081130458
101239,Curry Lounge 407,13,2.0,2.9,Average,343.0,25.16412851241532,55.28426365017869
101240,Urban Bites 32,1,1.0,2.9,Average,1873.0,28.610528009040536,77.23678561992023
101241,Curry Cafe 457,10,1.0,3.0,Good,155.0,22.529908674429997,88.37613949504343
101242,Barbeque Nation,8,3.0,3.2,Good,28.0,17.37897981969746,78.52431709037951
101243,Kitchen Express 168,8,1.0,3.2,Good,278.0,17.362084976175762,78.51686262355899
101244,The Food Restaurant 851,9,1.0,3.7,Good,185.0,13.082672031169777,80.26012783942667
101245,The Food Corner 396,7,1.0,2.3,Average,291.0,18.502561810245236,73.86018053368257
101246,Biryani Blues,5,3.0,3.7,Good,465.0,19.0747407003941,72.88336480237952
101247,Green Point 663,1,2.0,3.3,Good,95.0,28.63498804461012,77.21431481682947
101248,Subway,1,1.0,3.1,Good,50.0,28.580367942138633,77.19122689142678
101249,Tasty Lounge 21,11,1.0,3.6,Good,165.0,26.92224684932131,75.799091607041
101250,House Corner 486,5,3.0,3.4,Good,9.0,19.046171158837435,72.85988324427427
101251,House Hub 616,8,2.0,3.5,Good,215.0,17.384798674081612,78.46621744492619
101252,Green Garden 623,3,2.0,3.7,Good,122.0,28.532635052696,77.38684401296007
101253,The Food Restaurant 991,1,3.0,3.1,Good,522.0,28.626345289106965,77.21843031948895
101254,The Food House 917,1,3.0,3.6,Good,16.0,28.620361955712703,77.25189845331735
101255,Kitchen Studio 259,6,1.0,0.0,Not rated,90.0,13.014960837292875,77.6194519419842
101256,Cafe Coffee Day,3,4.0,3.5,Good,1394.0,28.534587812674395,77.42985447245205
101257,Cafe House 599,1,1.0,2.8,Average,387.0,28.59193737160436,77.27104258405625
101258,Haldiram's,3,1.0,3.3,Good,633.0,28.568040404277415,77.37051223948524
101259,Kitchen Lounge 663,1,3.0,3.5,Good,297.0,28.625484440219328,77.23389304533664
101260,The Food Garden 701,5,1.0,3.3,Good,23.0,19.106945160063464,72.90399273568346
101261,KFC,1,1.0,3.0,Good,214.0,28.609701103541077,77.21795683146942
101262,The Food Bites 333,8,1.0,2.0,Average,232.0,17.33919553726523,78.51794808997765
101263,The Food Bites 729,1,2.0,3.2,Good,47.0,28.692436911149336,77.21206415507947
101264,House Garden 193,3,1.0,3.0,Good,148.0,28.514407458052307,77.4144778681446
101265,Subway,1,2.0,3.4,Good,5.0,28.573267698965243,77.1594239768555
101266,Cafe House 677,1,3.0,3.0,Good,114.0,28.638994606673428,77.2090743364653
101267,Royal Restaurant 27,2,2.0,0.0,Not rated,52.0,28.426419727163246,77.0513923570045
101268,The Food Garden 929,3,1.0,3.4,Good,1097.0,28.521765874484753,77.42699455617615
101269,Tasty Restaurant 37,5,3.0,3.2,Good,85.0,19.08036006737326,72.84757111221182
101270,Cafe Point 352,1,1.0,3.1,Good,127.0,28.60888381929228,77.20613668690413
101271,Green Bites 548,6,1.0,2.8,Average,150.0,12.958880536381326,77.55738854477327
101272,Curry Bites 368,10,1.0,3.0,Good,83.0,22.628239130490453,88.3503257291459
101273,Royal Bites 898,8,2.0,2.9,Average,418.0,17.3810987486758,78.49775793098557
101274,The Food Kitchen 483,1,1.0,2.4,Average,12.0,28.582420081416753,77.24524206444947
101275,Cafe Coffee Day,3,1.0,3.3,Good,770.0,28.56969334844119,77.4226319076233
101276,Grill Hub 970,1,1.0,2.6,Average,157.0,28.588611183799827,77.2167966673558
101277,Kitchen Bites 92,1,1.0,3.1,Good,906.0,28.610082657873512,77.18621860327268
101278,Subway,14,2.0,3.5,Good,6.0,51.47573806560623,-0.1326769639139242
101279,The Food House 808,1,3.0,3.0,Good,8.0,28.621300172689928,77.29780165804644
101280,Kitchen Garden 600,3,2.0,2.4,Average,105.0,28.536892309541265,77.34204982141462
101281,Urban Studio 55,5,1.0,4.6,Excellent,466.0,19.07498467614988,72.83542895702847
101282,Cafe Cafe 967,6,1.0,2.7,Average,81.0,12.976850635903858,77.60073026027553
101283,Curry Point 513,5,4.0,4.0,Very Good,450.0,19.10462304999143,72.90243785447669
101284,The Belgian Waffle Co,1,1.0,4.3,Very Good,790.0,28.63850829839001,77.23922426307715
101285,The Food House 56,2,3.0,3.9,Good,488.0,28.42312074565968,77.03668524334036
101286,Royal Hub 206,4,1.0,2.8,Average,189.0,28.38528713579371,77.26461754427318
101287,Cafe Studio 147,1,4.0,3.6,Good,223.0,28.646253041604766,77.20131429662116
101288,Bistro Hub 798,2,1.0,2.5,Average,72.0,28.43210094225368,76.96479879521618
101289,Pizza Hut,1,1.0,3.6,Good,185.0,28.63111640496228,77.22282306459275
101290,Royal Express 650,1,2.0,3.6,Good,55.0,28.64328188995871,77.22495289711311
101291,Barbeque Nation,2,2.0,2.9,Average,63.0,28.40204468958721,77.02217989916964
101292,Royal Cafe 783,1,1.0,2.3,Average,283.0,28.599678144425496,77.16759563488911
101293,KFC,5,2.0,2.3,Average,83.0,19.104526194696763,72.84903682268127
101294,Burger King,6,2.0,3.8,Good,82.0,12.966455914514032,77.53778818552018
101295,Tasty House 989,8,1.0,3.1,Good,312.0,17.3708538666551,78.48490002155508
101296,Spice Corner 547,1,1.0,3.1,Good,286.0,28.64298901733396,77.31988839956469
101297,Pizza Hut,1,2.0,2.7,Average,124.0,28.6525367014589,77.20542690942959
101298,Kitchen Lounge 196,1,1.0,2.0,Average,116.0,28.59015565895125,77.19429550427618
101299,Domino's Pizza,5,2.0,3.8,Good,349.0,19.137849577320306,72.88529180149321
101300,Green Point 711,6,1.0,3.0,Good,584.0,12.909152414352592,77.55433428919693
101301,The Food Hub 106,1,1.0,3.6,Good,255.0,28.56115103288386,77.1699437924972
101302,Cafe Garden 172,12,1.0,2.7,Average,36.0,23.006596715863573,72.54973762094863
101303,Domino's Pizza,1,2.0,3.0,Good,132.0,28.602191469846904,77.23997574090725
101304,The Food Studio 746,4,1.0,3.5,Good,116.0,28.398793240838714,77.32947502533882
101305,Grill Express 445,6,1.0,3.5,Good,52.0,12.95289231960568,77.58902315201713
101306,Royal Express 924,10,1.0,3.5,Good,362.0,22.547203619461673,88.39011028442722
101307,Green Hub 971,7,4.0,3.4,Good,390.0,18.512689065813284,73.91650165741362
101308,Tasty Corner 234,8,1.0,3.4,Good,471.0,17.364355376077715,78.51246596204682
101309,McDonald's,2,2.0,3.9,Good,61.0,28.483367470830114,76.99097213369554
101310,Domino's Pizza,9,1.0,2.9,Average,207.0,13.083771506267944,80.20478270371962
101311,Royal Kitchen 376,1,1.0,2.7,Average,161.0,28.60615930218102,77.1479469320038
101312,Spice House 898,11,2.0,4.1,Very Good,325.0,26.909875847077515,75.81771586883082
101313,Grill Cafe 50,4,2.0,2.8,Average,196.0,28.447895647843986,77.29127708800894
101314,Spice Bites 111,9,4.0,4.0,Very Good,213.0,13.065780772026411,80.29934319843795
101315,Spice Corner 707,3,4.0,3.6,Good,168.0,28.49093130010128,77.37508266542267
101316,Barbeque Nation,6,3.0,2.2,Average,582.0,12.93739223391444,77.60818186650806
101317,Grill Garden 486,4,2.0,3.9,Good,72.0,28.400744258018417,77.34233775348986
101318,Green Restaurant 703,7,2.0,1.4,Poor,98.0,18.537252611817042,73.82930071199638
101319,The Food House 678,1,1.0,1.7,Poor,505.0,28.644693263228856,77.23779715878253
101320,Haldiram's,1,4.0,3.9,Good,77.0,28.671602341987658,77.1859093337744
101321,Cafe Restaurant 141,1,2.0,3.5,Good,75.0,28.63977042752042,77.18442976631424
101322,Urban Lounge 737,1,2.0,0.0,Not rated,225.0,28.58299682129984,77.23773830971314
101323,The Food Kitchen 804,10,1.0,3.1,Good,30.0,22.565487094369203,88.38602329815372
101324,Subway,1,1.0,1.4,Poor,279.0,28.538171891234036,77.22510033832614
101325, The Food Lounge 997 ,13,4.0,4.1,Very Good,120.0,25.19389608744835,55.23220286355259
101326,Starbucks,2,1.0,3.2,Good,303.0,28.43832125866922,77.01315754766219
101327,Royal Corner 562,1,1.0,3.0,Good,37.0,28.532944111385103,77.23311617707597
101328,Green Restaurant 956,8,1.0,0.0,Not rated,395.0,17.458763745165705,78.56663038748748
101329,Green Corner 14,6,3.0,3.7,Good,44.0,12.958370568841376,77.65799074365988
101330,Urban Cafe 686,3,1.0,3.0,Good,431.0,28.461747643941884,77.37462245132231
101331,Urban Lounge 77,5,3.0,2.2,Average,33.0,19.06640508608505,72.85463106528816
101332,Urban Garden 660,7,1.0,4.4,Very Good,2271.0,18.57817695806089,73.91724771187666
101333,Cafe Coffee Day,1,3.0,4.2,Very Good,207.0,28.680648467927604,77.23002428229277
101334,Spice Kitchen 833,15,2.0,2.4,Average,1748.0,1.3541429682396624,103.80342652457234
101335,Domino's Pizza,13,1.0,2.8,Average,59.0,25.208173221181507,55.275233845504694
101336,Kitchen Bites 321,6,2.0,3.0,Good,100.0,13.014495764552004,77.55087244644271
101337,Urban Kitchen 872,1,1.0,3.7,Good,922.0,28.608632082807322,77.24431463221514
101338,Spice Corner 873,6,1.0,1.6,Poor,21.0,12.987709934103348,77.64359455808331
101339,The Belgian Waffle Co,1,3.0,3.1,Good,74.0,28.64328565229639,77.26290276401672
101340,Pizza Hut,1,1.0,1.9,Poor,253.0,28.576242232932188,77.24840368402383
101341,Cafe Garden 900,1,1.0,2.8,Average,46.0,28.66768685650743,77.19778611497009
101342,Kitchen Express 188,3,1.0,2.7,Average,313.0,28.504710903008124,77.42229508582957
101343,Burger King,10,1.0,3.1,Good,220.0,22.550417292765236,88.4150258085764
101344,The Food House 707,7,3.0,3.0,Good,26.0,18.523893780509567,73.88977815524466
101345,Tasty Bites 908,7,1.0,2.5,Average,523.0,18.553286048115172,73.88656415912652
101346,Urban Hub 713,2,4.0,4.0,Very Good,44.0,28.483209173380782,77.03329357042898
101347,Royal Kitchen 427,2,4.0,3.9,Good,556.0,28.457771011213886,76.99489473264292
101348,Curry Cafe 695,2,1.0,3.4,Good,223.0,28.469445942684647,77.09153637874005
101349,Cafe House 798,14,1.0,2.9,Average,96.0,51.54496514074643,-0.12908283099015858
101350,Spice Bites 902,1,3.0,3.0,Good,43.0,28.614193769960846,77.25149709960786
101351,Royal Studio 943,10,1.0,2.9,Average,257.0,22.54417806215337,88.45063021267434
101352,Tasty Studio 48,5,1.0,3.3,Good,62.0,19.05489752563436,72.90949488247733
101353,The Belgian Waffle Co,3,1.0,1.6,Poor,579.0,28.5673248230274,77.43212165612309
101354,Bistro Bites 538,7,2.0,3.5,Good,921.0,18.49200670995843,73.82395356054114
101355,Cafe Restaurant 579,3,3.0,3.6,Good,1547.0,28.480625470537053,77.36554083259989
101356,The Belgian Waffle Co,10,1.0,3.0,Good,247.0,22.561953396149807,88.40817409321471
101357,Grill Lounge 705,11,1.0,2.9,Average,102.0,26.909762844713374,75.76806459524748
101358,Urban House 678,2,3.0,1.7,Poor,90.0,28.48961744055465,76.97965224874935
101359,Curry Express 680,1,2.0,2.9,Average,107.0,28.562877826210865,77.15087242354066
101360,Tasty Hub 860,5,2.0,4.4,Very Good,323.0,19.088126517274272,72.87011739467201
101361,Cafe Corner 12,11,2.0,3.2,Good,314.0,26.95269406516567,75.77927457302617
101362,Royal Lounge 870,1,1.0,2.8,Average,777.0,28.585292917968466,77.24392572015107
101363,Curry Hub 77,5,2.0,3.2,Good,186.0,19.0788575298962,72.84308063924445
101364,Kitchen Point 339,5,1.0,3.2,Good,31.0,19.00072929600365,72.92591077803617
101365,Spice Lounge 229,7,1.0,3.4,Good,114.0,18.55096072977691,73.81425849742675
101366,Tasty House 837,1,2.0,3.1,Good,1244.0,28.64174587279961,77.16749123485467
101367,Barbeque Nation,7,1.0,3.3,Good,26.0,18.51970077749185,73.86154598978008
101368,Cafe Studio 91,11,4.0,0.0,Not rated,226.0,26.865945159042518,75.789159879982
101369,Curry Express 122,1,1.0,3.7,Good,124.0,28.63724091403131,77.22928826708318
101370,Bistro Bites 19,1,3.0,4.9,Excellent,87.0,28.605325072367833,77.167852075201
101371,Burger King,13,3.0,3.0,Good,285.0,25.107486618330615,55.28315731418234
101372,Haldiram's,1,1.0,4.1,Very Good,1561.0,28.64113743688301,77.15026449161287
101373,KFC,10,3.0,2.9,Average,260.0,22.613326553331632,88.28706872256102
101374,Cafe Bites 312,3,1.0,3.2,Good,131.0,28.582375702436302,77.45498074379532
101375,Grill Point 671,1,3.0,3.9,Good,42.0,28.569204899067632,77.24562939588212
101376,Kitchen Express 846,10,2.0,2.9,Average,150.0,22.50551221065137,88.36376938456215
101377,Subway,3,2.0,3.3,Good,35.0,28.5211365199876,77.32020951176862
101378,Kitchen Lounge 786,4,2.0,3.8,Good,140.0,28.42702525847965,77.30176777609927
101379,Curry Restaurant 673,2,1.0,2.5,Average,144.0,28.426502324512725,77.04230632163691
101380,Curry Kitchen 100,5,1.0,4.1,Very Good,11.0,19.020313795491223,72.8615921692079
101381,Green Corner 350,1,1.0,2.1,Average,810.0,28.63925993541824,77.26364375747185
101382,House Garden 561,2,2.0,4.5,Excellent,51.0,28.447417760536364,77.04862306513695
101383,Bistro Kitchen 47,13,2.0,3.9,Good,168.0,25.22659062308276,55.23848941114032
101384,Curry Hub 842,1,2.0,3.1,Good,346.0,28.614452884248898,77.15314606747798
101385,Bistro House 110,6,1.0,2.7,Average,836.0,12.965786318204497,77.62521223722436
101386,Green Point 124,2,2.0,2.9,Average,63.0,28.457255240627628,77.05603600598512
101387,Tasty Point 469,8,1.0,2.9,Average,,17.372454411971255,78.51316223574726
101388,Green Restaurant 347,1,3.0,0.0,Not rated,346.0,28.59785101522147,77.26798715431765
101389,Burger King,13,4.0,4.4,Very Good,49.0,25.16625516083907,55.28681844302055
101390,The Belgian Waffle Co,3,1.0,4.3,Very Good,363.0,28.552417230635616,77.39428373721309
101391,Cafe Kitchen 791,1,1.0,3.1,Good,301.0,28.657563800109383,77.23575623975876
101392,Curry Bites 604,1,1.0,2.5,Average,2.0,28.59638322423374,77.25221741312347
101393,Royal Studio 5,1,2.0,2.8,Average,22.0,28.679213486848166,77.23305982022372
101394,Spice Lounge 958,4,2.0,0.0,Not rated,50.0,28.422080229203015,77.31890038374915
101395,Cafe Studio 947,2,3.0,2.7,Average,6.0,28.46853611021831,77.06048965840695
101396,Royal Restaurant 593,9,1.0,2.2,Average,27.0,13.105625636365149,80.27406542995845
101397,McDonald's,3,2.0,4.6,Excellent,288.0,28.569628776850973,77.37392271111231
101398,The Belgian Waffle Co,1,2.0,3.4,Good,170.0,28.597989912612157,77.21325144183865
101399,Kitchen Lounge 903,5,1.0,2.5,Average,227.0,19.095418822428194,72.86653171889553
101400,Cafe Restaurant 781,6,2.0,3.7,Good,356.0,13.008232213885147,77.59159531498481
101401,Tasty Express 994,1,1.0,2.2,Average,17.0,28.6006217967058,77.17938668492513
101402,Royal Hub 423,1,2.0,2.5,Average,31.0,28.61406585910796,77.2439655523001
101403,Bistro Lounge 307,1,3.0,0.0,Not rated,233.0,28.587045976112293,77.21648379183668
101404,Grill Express 729,7,1.0,4.1,Very Good,1491.0,18.503143311577468,73.88156845614694
101405,Grill Bites 223,6,3.0,3.2,Good,54.0,12.95936081807135,77.61147998174397
101406,Biryani Blues,3,2.0,1.6,Poor,176.0,28.503853111741048,77.3594244583796
101407,House Express 944,9,1.0,3.8,Good,569.0,13.080496840323839,80.31701124493793
101408,Bistro Bites 999,8,2.0,3.0,Good,234.0,17.396579013780837,78.47881858912857
101409,Grill Lounge 711,5,2.0,2.0,Average,102.0,19.09097825899868,72.86506029388366
101410,Bistro Kitchen 780,10,1.0,2.8,Average,74.0,22.544303504919952,88.371406961632
101411,Curry Cafe 585,1,1.0,3.3,Good,2225.0,28.59267873228588,77.21719096501656
101412, Bistro House 691 ,1,1.0,3.3,Good,209.0,28.64368209971148,77.30002358087273
101413,Grill Garden 899,1,1.0,4.2,Very Good,368.0,28.592594550318168,77.22987716199246
101414,Spice Lounge 110,1,1.0,2.4,Average,228.0,28.642746697566356,77.1920053720593
101415,McDonald's,4,1.0,3.0,Good,63.0,28.383263746468987,77.38423200405649
101416,Domino's Pizza,12,1.0,2.5,Average,166.0,23.035694860879325,72.5143440032618
101417,McDonald's,1,3.0,2.4,Average,102.0,28.64023230863892,77.19212971351178
101418,House Garden 150,1,1.0,3.6,Good,129.0,28.521160980044687,77.18955149805284
101419,Bistro Garden 209,3,2.0,3.5,Good,288.0,28.565896343786513,77.39085016155016
101420,Spice Express 834,12,2.0,3.4,Good,60.0,23.06814248988593,72.58351690825565
101421,Cafe Bites 758,1,2.0,3.5,Good,43.0,28.60308799399476,77.22424845235196
101422,Green Restaurant 663,3,1.0,2.6,Average,298.0,28.54760084380692,77.4056016140472
101423,Green Lounge 804,1,4.0,0.0,Not rated,46.0,28.584530715726792,77.23104664904108
101424,Bistro Garden 710,1,2.0,3.2,Good,118.0,28.626621818765972,77.20689263636373
101425,Tasty House 427,14,3.0,4.2,Very Good,20.0,51.59353674232149,-0.08266450010898604
101426,House Express 990,13,1.0,4.0,Very Good,723.0,25.12791424839123,55.21438202066911
101427,Spice Restaurant 258,1,1.0,3.5,Good,,28.59637509656169,77.1196692952072
101428, Barbeque Nation ,12,2.0,3.2,Good,441.0,23.050386402793123,72.59732598798198
101429,House Restaurant 727,5,1.0,3.2,Good,295.0,19.120155415295425,72.86610771718898
101430, Cafe Lounge 757 ,10,2.0,3.2,Good,27.0,22.524215217089267,88.42400664279079
101431,Bistro Point 302,3,1.0,2.3,Average,198.0,28.513163324360175,77.42749267331386
101432,House Kitchen 192,4,2.0,3.2,Good,84.0,28.38858887390466,77.33840849366673
101433,Bistro Lounge 123,3,4.0,2.7,Average,48.0,28.51264514706497,77.37396373906631
101434,Tasty Garden 570,6,2.0,3.1,Good,332.0,12.967533889369484,77.61825431538823
101435,Royal Cafe 867,1,3.0,4.5,Excellent,1925.0,28.563895816282674,77.19512569762253
101436,Kitchen Studio 727,1,2.0,3.7,Good,1313.0,28.604991611070353,77.21108737494544
101437,Spice Hub 951,1,2.0,2.6,Average,347.0,28.581134788609816,77.19757977678967
101438,Spice Bites 631,6,3.0,3.4,Good,183.0,12.969190078450781,77.60367014835214
101439,The Food Studio 809,1,3.0,2.9,Average,130.0,28.5892204508049,77.20021863468682
101440,Kitchen Kitchen 803,6,3.0,3.4,Good,61.0,12.965683714914594,77.62962396760581
101441,Grill Point 980,13,1.0,3.7,Good,145.0,25.168524692204837,55.286644175763634
101442,KFC,1,2.0,3.6,Good,618.0,28.647244521500248,77.19117851896006
101443,Royal House 557,6,1.0,4.6,Excellent,2418.0,12.96020411859007,77.5789405026682
101444,Urban Express 227,3,1.0,3.8,Good,74.0,28.53598397135748,77.34654908351462
101445,House Express 340,10,2.0,3.3,Good,15.0,22.56749631998322,88.29557011661505
101446,Green Cafe 544,1,3.0,3.8,Good,106.0,28.61415312765252,77.24164728643385
101447,Grill Bites 10,6,3.0,3.3,Good,575.0,12.971676740027945,77.58213453450732
101448,Pizza Hut,9,1.0,2.3,Average,1990.0,13.110879842622026,80.22809305854055
101449,House Cafe 941,12,1.0,3.8,Good,1068.0,23.012487658527995,72.58695534817575
101450,Spice Bites 907,6,3.0,4.1,Very Good,1106.0,12.946407226251981,77.56934896306281
101451,Urban House 263,3,1.0,2.8,Average,57.0,28.536960035128565,77.38857442537154
101452,The Food Corner 934,5,2.0,3.4,Good,68.0,19.05454835259028,72.83247276179611
101453,Kitchen Lounge 823,10,1.0,3.8,Good,39.0,22.569978024754253,88.38661784916968
101454,Curry Corner 304,5,1.0,3.6,Good,86.0,19.039179045577065,72.8807819275468
101455,Green Express 527,1,4.0,2.6,Average,500.0,28.65064238653317,77.22649072270976
101456,KFC,12,,3.2,Good,1386.0,22.9951813534636,72.5564314196308
101457,Haldiram's,6,1.0,2.9,Average,262.0,13.013579127500636,77.60324943874267
101458,House Kitchen 216,6,1.0,3.7,Good,147.0,12.969460599603988,77.54366212035006
101459,Green Bites 435,1,3.0,4.1,Very Good,58.0,28.643865361605982,77.2886079121616
101460,Green Lounge 849,6,3.0,4.3,Very Good,201.0,12.944744081200945,77.60911636236183
101461,Bistro House 663,2,1.0,2.3,Average,192.0,28.39066042191297,77.08636227226359
101462,Urban Restaurant 703,6,1.0,2.5,Average,25.0,12.913891654256123,77.58528635209774
101463,Barbeque Nation,1,2.0,3.9,Good,671.0,28.701501581733034,77.17225466839602
101464,Spice Kitchen 76,6,1.0,2.6,Average,93.0,12.95067208956958,77.57739598185131
101465,Cafe Coffee Day,15,2.0,2.2,Average,428.0,1.3904655322008581,103.81826638135311
101466,Cafe Point 933,1,1.0,3.3,Good,183.0,28.568478529960434,77.2049197250795
101467,Tasty Studio 646,13,1.0,2.6,Average,231.0,25.21105991532715,55.335954680073115
101468,Kitchen Corner 399,2,2.0,4.4,Very Good,98.0,28.4716942526275,
101469,Grill Corner 657,10,1.0,3.2,Good,118.0,22.671874420388548,88.34273297457092
101470,Urban Restaurant 600,8,3.0,3.5,Good,433.0,17.37387494414308,78.51165514037027
101471,KFC,5,1.0,2.8,Average,141.0,19.051105618281806,72.82216675015007
101472,Grill Kitchen 297,7,1.0,4.0,Very Good,54.0,18.532682676327273,73.85528230881779
101473,The Food Cafe 89,10,4.0,3.8,Good,238.0,22.54023330945607,88.36886021516636
101474,Curry House 405,2,1.0,2.7,Average,264.0,28.473835191125996,77.0417672409032
101475,Spice Studio 161,2,2.0,2.7,Average,906.0,28.45762790408884,77.03881056758087
101476,ROYAL RESTAURANT 401,6,1.0,3.0,Good,735.0,12.945216382095358,77.66417080757938
101477,Grill Garden 984,8,2.0,2.6,Average,147.0,17.402303437683745,78.45573331153022
101478,The Food Bites 909,8,2.0,3.9,Good,107.0,17.388791247927394,78.46414765199206
101479,Bistro Bites 383,8,1.0,1.8,Poor,100.0,17.411611215366516,78.50803076157672
101480,Spice Lounge 896,3,3.0,3.3,Good,96.0,28.59333586808438,77.39892343178371
101481,Urban Corner 6,9,2.0,3.6,Good,374.0,13.065142492240666,80.28299298250795
101482,Tasty Lounge 561,1,1.0,3.2,Good,669.0,28.599497218468862,77.1598196823501
101483,The Food Point 767,4,2.0,2.7,Average,768.0,28.361802340314306,77.39413775110948
101484,Bistro Express 217,1,2.0,3.6,Good,118.0,28.63213605961091,77.2248034130898
101485,House Lounge 146,1,1.0,2.4,Average,80.0,28.591333695838884,77.15362673836424
101486,Subway,2,1.0,3.0,Good,102.0,28.471593479410835,77.04799568707813
101487,The Food Point 118,2,1.0,3.4,Good,16.0,28.50029156271983,76.9879824619513
101488,BIRYANI BLUES,6,1.0,3.3,Good,41.0,12.947646054796916,77.62711957746986
101489,Grill Studio 661,2,2.0,2.8,Average,159.0,28.442900101765467,76.98055420155316
101490,The Food Bites 69,3,2.0,4.0,Very Good,348.0,28.571007943300195,77.42621184690866
101491, Green Restaurant 595 ,1,4.0,3.7,Good,375.0,28.638659799167332,77.16627270244909
101492,Kitchen Express 132,2,1.0,3.5,Good,73.0,,76.99249860719968
101493,Green Kitchen 292,1,1.0,4.0,Very Good,117.0,28.600201459695135,77.21381864125166
101494,Green Express 498,1,3.0,4.1,Very Good,158.0,28.56363756292304,77.18759198719641
101495,Cafe Bites 314,5,2.0,3.9,Good,131.0,19.051085814254787,72.85829504077722
101496,Royal Cafe 581,6,2.0,3.3,Good,439.0,12.936268181978956,77.54105606813933
101497,Kitchen House 173,5,1.0,3.5,Good,37.0,19.096354120991883,72.86615849898914
101498,Subway,3,1.0,3.1,Good,42.0,28.545458253781714,77.42193465041304
101499,Bistro Restaurant 657,2,1.0,2.2,Average,100.0,28.438548407630396,77.09234298646821
101500,Kitchen Hub 696,10,4.0,0.0,Not rated,16.0,22.55762435651316,88.3928645758011
101501,Curry Studio 457,4,1.0,3.2,Good,16.0,28.42554773806181,77.34176784729705
101502,The Food Studio 565,3,3.0,3.8,Good,32.0,28.524323410327295,77.33190234332666
101503,The Belgian Waffle Co,1,2.0,3.1,Good,131.0,28.5935598651998,77.20799368297658
101504,The Food Hub 913,2,1.0,2.5,Average,343.0,28.528750689514794,77.00379341776866
101505,The Food Restaurant 908,2,2.0,3.6,Good,448.0,28.440263153186706,76.9737256158037
101506,Bistro Kitchen 914,2,3.0,2.5,Average,1135.0,28.482902388776182,76.98207623765217
101507,Haldiram's,5,3.0,4.3,Very Good,263.0,19.089740148691096,72.90107931257612
101508,Cafe Cafe 415,4,1.0,2.8,Average,223.0,28.355586042397317,77.29829306284863
101509,Green Corner 565,5,1.0,3.2,Good,133.0,19.052235214078568,72.82607383918302
101510,Grill Studio 670,8,1.0,3.4,Good,147.0,17.413669259736068,78.46442950312291
101511,Kitchen House 229,9,1.0,3.4,Good,2562.0,13.078098102492742,80.28083131848052
101512,Cafe Restaurant 878,7,2.0,2.3,Average,206.0,18.469127114734054,73.83310120663681
101513,Curry Lounge 523,13,3.0,3.9,Good,328.0,25.21860708684095,55.22844673419705
101514,Pizza Hut,1,1.0,3.2,Good,43.0,28.59351933741893,77.17679282004607
101515,House Point 869,1,2.0,2.8,Average,278.0,28.629156226141745,77.2399561097226
101516,Cafe Bites 170,1,2.0,2.7,Average,371.0,28.70797211301269,77.13627507050074
101517,Royal Studio 164,6,1.0,2.8,Average,667.0,12.984985367449058,77.58521903716162
101518,Biryani Blues,11,1.0,2.2,Average,321.0,26.933826055569355,75.78326974534606
101519,Royal Restaurant 750,1,2.0,4.3,Very Good,197.0,28.605010191483117,77.18254396881476
101520,Kitchen Corner 225,11,3.0,4.4,Very Good,191.0,26.873214431980937,75.75376515149122
101521,Green Kitchen 271,1,2.0,3.5,Good,177.0,28.64973737219507,77.24342001710704
101522,Spice Bites 212,12,1.0,2.9,Average,194.0,23.00129562499083,72.60570040651632
101523,Kitchen House 481,2,1.0,2.9,Average,830.0,28.451478640466927,77.03028617207436
101524,Spice Corner 665,1,1.0,3.5,Good,743.0,28.676671643747422,77.18998202765677
101525,Bistro Lounge 649,3,2.0,4.3,Very Good,594.0,28.523680228445567,77.39494177379912
101526,Bistro Garden 593,1,2.0,2.8,Average,2105.0,28.656436484613277,77.22315342818253
101527,Royal House 670,1,1.0,2.3,Average,5.0,28.62746173412739,77.20508456564498
101528,Cafe Bites 920,1,3.0,4.4,Very Good,133.0,28.594541813621472,77.22409736679428
101529,Grill Garden 386,8,2.0,2.0,Average,137.0,17.396949255969925,78.47432314369689
101530,Green Lounge 416,4,2.0,2.5,Average,67.0,28.383825252772954,77.20750430179858
101531,Kitchen Studio 812,1,4.0,3.4,Good,59.0,28.645565378823427,77.2022303047891
101532,Cafe Corner 514,5,1.0,2.0,Average,16.0,19.119648283991868,72.90167275189118
101533,Curry Hub 236,7,3.0,4.1,Very Good,150.0,18.522115249512158,73.85777306093715
101534,The Belgian Waffle Co,1,1.0,3.6,Good,607.0,28.660886674936926,77.2210284048508
101535,Royal Hub 162,2,1.0,0.0,Not rated,236.0,28.465102581157392,77.01710341705326
101536,Bistro Kitchen 677,1,3.0,4.2,Very Good,88.0,28.645907958431195,77.20224549782073
101537,Pizza Hut,1,3.0,4.3,Very Good,305.0,28.717191880928063,77.2149793906985
101538,Curry Bites 491,6,2.0,3.1,Good,971.0,13.05822905110295,77.66262448473324
101539,Cafe Hub 663,1,2.0,2.9,Average,25.0,28.607510674306567,77.23847987011857
101540,Spice Point 45,4,2.0,4.7,Excellent,207.0,28.419172675680468,77.34264912041694
101541,Biryani Blues,6,3.0,3.9,Good,303.0,12.934711540744116,77.60176820341479
101542,The Belgian Waffle Co,1,1.0,3.2,Good,184.0,28.64185259630756,77.16238979968098
101543,Cafe Hub 58,5,3.0,4.3,Very Good,671.0,19.089622586493906,72.92059755945824
101544,McDonald's,1,2.0,3.4,Good,29.0,28.58680934015288,77.24075394466227
101545,Tasty Cafe 993,13,2.0,2.9,Average,48.0,25.24633969720576,55.28360738356427
101546,Spice Restaurant 746,3,1.0,3.1,Good,417.0,28.526203663663757,77.38946536559922
101547,The Food Kitchen 222,8,2.0,3.9,Good,25.0,17.366768220340695,78.50580705958428
101548,Curry Studio 175,5,4.0,2.3,Average,411.0,19.08998237086987,72.86961142016727
101549,Burger King,1,2.0,3.0,Good,305.0,28.59762245537659,77.23447809234084
101550,Cafe Hub 639,5,4.0,4.5,Excellent,612.0,19.074891216556328,72.84837345586938
101551,The Food Hub 742,12,1.0,2.7,Average,90.0,23.08361877494562,72.50454817294955
101552,Curry Cafe 605,5,2.0,4.2,Very Good,428.0,19.0544860335499,72.83565888141867
101553,Burger King,9,3.0,4.3,Very Good,53.0,13.10633933189348,80.27563577229952
101554,Urban Corner 208,10,2.0,3.2,Good,108.0,22.55217752932896,88.3533391383011
101555,Grill Bites 430,1,2.0,2.8,Average,174.0,28.57983829725623,77.20382904686461
101556,Cafe Kitchen 182,1,2.0,3.0,Good,56.0,28.611045781072246,77.16363714184737
101557,Cafe Cafe 40,5,3.0,5.0,Excellent,355.0,19.169954937387352,72.88826776055993
101558,Grill Lounge 771,2,3.0,4.6,Excellent,59.0,28.486856900451293,76.99031890194478
101559,Barbeque Nation,9,1.0,3.1,Good,249.0,13.098871842221477,80.28808016073123
101560,Cafe Lounge 848,11,3.0,3.0,Good,1536.0,26.89404067943002,75.73778336070964
101561,The Belgian Waffle Co,2,1.0,3.1,Good,37.0,28.44603959673459,76.99724424202111
101562,Grill House 380,1,1.0,3.2,Good,176.0,28.561978297072173,77.17493920128581
101563,Bistro Lounge 440,8,3.0,2.6,Average,21.0,17.447826259432535,78.50678290217377
101564,Barbeque Nation,1,1.0,0.0,Not rated,31.0,28.62331188049202,77.19283402330481
101565,Tasty Express 604,9,3.0,4.3,Very Good,557.0,13.089068221638911,80.28556428732753
101566,Bistro Cafe 101,2,1.0,0.0,Not rated,52.0,28.46663466365933,77.06651482082401
101567,The Food Studio 785,6,1.0,3.5,Good,491.0,13.044755231280707,77.65690050434904
101568,KFC,1,2.0,4.1,Very Good,346.0,28.624382517830266,77.21709056524989
101569,Grill House 264,5,1.0,2.6,Average,147.0,19.069261350528414,72.83913190629899
101570,Starbucks,3,2.0,4.3,Very Good,64.0,28.59846890388222,77.43479300251188
101571,Spice Cafe 536,5,1.0,2.6,Average,375.0,19.07146207113775,72.9305974403479
101572,Domino's Pizza,1,1.0,3.3,Good,272.0,28.55469455636919,77.20690549808812
101573,Green Restaurant 824,7,1.0,2.8,Average,24.0,18.46695477411324,73.90285231692684
101574,Kitchen Kitchen 159,10,1.0,2.8,Average,49.0,22.56589015669801,88.37556544707274
101575,Cafe Garden 268,1,3.0,3.0,Good,5.0,28.624107354781742,77.15092860179857
101576,Tasty Cafe 375,1,1.0,3.5,Good,35.0,28.642668094036935,77.18691493943463
101577,House House 774,1,2.0,3.8,Good,140.0,28.58175942191608,77.19131921254697
101578,Haldiram's,6,3.0,3.4,Good,50.0,12.963715946124625,77.58187111109764
101579,Curry Hub 380,5,2.0,2.3,Average,52.0,19.047662248243178,72.84502899192077
101580,Curry Garden 315,4,5.0,3.7,Good,1155.0,28.44787999201245,77.28403590069676
101581,Bistro House 754,1,1.0,3.3,Good,673.0,28.658784686093917,77.25610768916118
101582,The Belgian Waffle Co,2,1.0,2.9,Average,,28.528039174163197,76.96581613788953
101583,Subway,5,3.0,4.6,Excellent,,19.088303725499536,72.8523590353713
101584,Bistro Hub 103,3,2.0,2.2,Average,666.0,28.600785359742062,77.4127367158676
101585,Burger King,14,2.0,1.8,Poor,289.0,51.483148411866544,-0.14731189975948944
101586,Grill Cafe 714,1,2.0,2.7,Average,236.0,28.62145796386568,77.22301184958343
101587,Spice Hub 399,6,1.0,3.5,Good,767.0,12.934471329941244,77.58055152522002
101588,Spice Kitchen 844,2,1.0,2.3,Average,390.0,28.479566692616118,77.04191023994592
101589,Biryani Blues,3,3.0,2.8,Average,36.0,28.54546602618359,77.35467160769306
101590,Urban Garden 228,7,2.0,3.8,Good,163.0,18.434515362838912,73.7916513003229
101591, Cafe Corner 742 ,6,2.0,3.5,Good,97.0,13.010436246990968,77.58056177298245
101592,Tasty Cafe 672,14,3.0,3.6,Good,839.0,51.53733725086126,-0.19038617768986382
101593,Bistro Cafe 59,1,1.0,3.5,Good,94.0,28.594452541788527,77.20665964788098
101594,Royal Bites 507,1,1.0,2.7,Average,63.0,28.623742625023574,77.16921541554815
101595,Green Bites 954,7,3.0,3.2,Good,656.0,18.468119039062326,73.81733550524419
101596,The Food Point 35,5,3.0,3.9,Good,293.0,19.04904228230249,72.92922109395327
101597,Grill Lounge 716,1,2.0,2.3,Average,2091.0,28.672317780057863,77.21858013611443
101598,McDonald's,1,1.0,1.6,Poor,43.0,28.573497873017942,77.15523230091004
101599,Kitchen Point 671,1,1.0,2.7,Average,85.0,28.614234121114777,77.20730924378611
101600,McDonald's,11,2.0,3.8,Good,844.0,26.863527364944844,75.78229668997719
101601,Cafe Coffee Day,1,1.0,3.2,Good,36.0,28.625728082704256,77.13660362053733
101602,Kitchen Bites 405,1,3.0,4.0,Very Good,1129.0,28.63359607868572,77.22116781165941
101603,Green Lounge 16,1,4.0,2.3,Average,33.0,28.639244557576117,77.24234877413483
101604,Urban Kitchen 563,2,3.0,3.6,Good,426.0,28.475879440126793,77.01180033921547
101605,Grill Cafe 357,1,1.0,3.4,Good,18.0,28.663839243908072,77.19877779948763
101606,The Food Point 621,4,3.0,2.5,Average,165.0,28.389509010534105,77.29829793100056
101607,Curry House 589,1,1.0,3.6,Good,35.0,28.57686039257845,77.222490894275
101608,McDonald's,8,1.0,2.9,Average,1892.0,17.364448954759524,78.47796880741497
101609,Urban Lounge 75,1,1.0,5.0,Excellent,70.0,28.566781921427317,77.20166311636825
101610,Kitchen Kitchen 823,4,1.0,1.6,Poor,45.0,28.4116572892268,77.28947035083594
101611,The Food Lounge 833,10,3.0,4.3,Very Good,452.0,22.567713242346162,88.43534670363462
101612,The Food Restaurant 454,6,1.0,2.7,Average,76.0,12.98831380696988,77.58551360362483
101613,Cafe Studio 789,4,1.0,1.9,Poor,327.0,28.352331548460224,77.34232049310029
101614,Kitchen Studio 698,1,4.0,3.3,Good,76.0,28.61344456688694,77.21829128462338
101615,Cafe Corner 494,2,1.0,3.2,Good,67.0,28.502006830286053,76.93701274524707
101616,KFC,6,3.0,0.0,Not rated,86.0,12.991628030590563,77.58162550688266
101617,Green Bites 719,14,1.0,4.1,Very Good,48.0,51.44105624434921,-0.16815413070140595
101618,Pizza Hut,6,1.0,3.9,Good,348.0,12.97119018652316,77.62878572744592
101619,Kitchen Lounge 549,5,3.0,2.8,Average,499.0,19.050352876384167,72.83337668580059
101620,Cafe Coffee Day,7,1.0,3.7,Good,405.0,18.520850165989266,73.87401870579934
101621,Urban House 690,3,2.0,3.5,Good,434.0,28.522177138971756,77.42587723136997
101622,Kitchen Kitchen 568,1,1.0,2.6,Average,14.0,28.67477537431813,77.21881425611504
101623,Curry Express 363,5,1.0,2.9,Average,95.0,19.078999961395272,72.87783219267978
101624,Biryani Blues,13,1.0,2.5,Average,117.0,25.21588655500728,55.25694313786484
101625,Bistro Bites 953,1,1.0,0.0,Not rated,554.0,28.612357773686075,77.20467744332497
101626,Curry Restaurant 205,6,1.0,2.5,Average,75.0,12.988205771558281,77.5476965494473
101627,Subway,1,2.0,2.5,Average,8.0,28.60630901324543,77.21522567730187
101628, Green Point 208 ,4,2.0,3.5,Good,55.0,28.435973123443425,77.35460207449704
101629,Cafe Express 160,1,1.0,3.4,Good,83.0,28.60018260810141,77.17846636113165
101630,Urban Kitchen 693,3,1.0,0.0,Not rated,6.0,28.58367586806646,77.39164346315941
101631,Curry Cafe 7,7,3.0,4.3,Very Good,778.0,18.537775648382652,73.85307880376202
101632,Grill Corner 869,2,3.0,3.2,Good,25.0,28.454160495095813,77.03754255296951
101633,Cafe Express 505,6,2.0,3.0,Good,304.0,13.001073214088102,77.57582491351468
101634,Cafe Garden 503,8,3.0,3.8,Good,53.0,17.402256051664217,78.43390087851307
101635,Haldiram's,11,1.0,2.9,Average,1120.0,26.94135603029182,75.7480917151645
101636,Green Cafe 132,1,1.0,3.1,Good,126.0,28.616901035756133,77.12785646247899
101637,Burger King,2,2.0,1.6,Poor,70.0,28.451058428128913,77.05376204449121
101638,Grill Corner 515,1,2.0,3.2,Good,352.0,28.618634666386562,77.22291800729931
101639,House Hub 469,14,2.0,2.0,Average,39.0,51.48988681870068,-0.1283087602975226
101640,Bistro Lounge 472,11,1.0,2.2,Average,299.0,26.946676502558514,75.76290275052746
101641,Spice Corner 691,4,,2.7,Average,89.0,28.46032153850519,77.312127640047
101642,Biryani Blues,9,3.0,2.7,Average,77.0,13.102966313138843,80.26970239787299
101643,Pizza Hut,4,1.0,2.6,Average,142.0,28.458535516355827,77.29955562367901
101644,The Food Hub 562,5,2.0,2.9,Average,43.0,19.115440259113825,72.86078819368561
101645,The Food Studio 982,1,1.0,3.4,Good,149.0,28.604511188876987,77.25483212991496
101646,Kitchen Hub 511,7,1.0,3.1,Good,272.0,18.549652737512975,73.81292141329101
101647,Tasty Restaurant 771,1,1.0,1.8,Poor,7.0,28.56899619369414,77.24375036429974
101648,Tasty Garden 462,9,1.0,3.1,Good,696.0,13.089212407288386,80.21417052652825
101649,,8,1.0,3.2,Good,504.0,17.34361759750574,78.54297220255668
101650,House Point 834,6,3.0,3.2,Good,17.0,12.967762043351566,77.5109640137493
101651,Cafe Coffee Day,1,1.0,3.0,Good,14.0,28.563510682134677,77.2252886071419
101652,Grill House 877,1,2.0,3.3,Good,532.0,28.65220064184471,77.18594561819347
101653,Royal Restaurant 154,1,1.0,3.5,Good,505.0,28.60007905535677,77.20315422387812
101654,Spice Hub 432,2,1.0,2.0,Average,304.0,28.491221289367807,77.02186749519797
101655,House Lounge 547,1,3.0,3.2,Good,30.0,28.611256777972223,77.23019662683615
101656,Curry Garden 257,12,2.0,4.2,Very Good,2230.0,22.957952833840178,72.50274493117831
101657,Cafe Corner 408,5,4.0,0.0,Not rated,35.0,19.059054325885754,72.876622236954
101658,McDonald's,1,4.0,4.2,Very Good,305.0,28.595325091983696,77.21548243883468
101659,Cafe Coffee Day,2,1.0,3.3,Good,254.0,28.45898278758024,77.00345440606647
101660,House Kitchen 461,3,1.0,4.1,Very Good,1624.0,28.588281233026105,77.38711303160103
101661,The Food Express 369,5,3.0,4.6,Excellent,289.0,19.134576586460053,72.85445553783948
101662,The Food Express 21,4,4.0,3.5,Good,326.0,28.40080687447486,77.33721704990748
101663,Kitchen Bites 987,11,2.0,2.6,Average,144.0,26.86829024461621,75.80003833798104
101664,Cafe Cafe 666,3,3.0,3.2,Good,40.0,28.509456193200986,77.39859440420808
101665,Royal Garden 364,14,3.0,5.0,Excellent,14.0,51.52418632091073,-0.10461642732421189
101666,Grill Studio 794,9,1.0,2.0,Average,145.0,13.07891151378668,80.31435157054922
101667,Urban House 629,1,2.0,0.0,Not rated,15.0,28.558763714367547,77.17429721431162
101668,House Hub 890,12,3.0,2.5,Average,241.0,23.004874259349148,72.6491746363675
101669,Pizza Hut,1,2.0,3.3,Good,224.0,28.659805087278745,77.22275933361632
101670,Cafe Cafe 415,9,1.0,2.2,Average,170.0,13.092928958510221,80.2531599051772
101671,Urban Kitchen 166,2,1.0,2.9,Average,45.0,28.461155199649617,77.10708615389034
101672,Kitchen Express 669,10,1.0,1.7,Poor,478.0,22.55899221227024,88.34937310854023
101673,The Food Cafe 661,10,1.0,3.4,Good,344.0,22.556501482567338,88.32151190370733
101674,Curry Express 766,8,3.0,4.2,Very Good,51.0,17.404038619910747,78.46885616433521
101675,Curry House 172,8,1.0,2.8,Average,2212.0,17.389972124709242,78.46717518670617
101676,Domino's Pizza,1,1.0,0.0,Not rated,69.0,28.640885566681757,77.24697279914682
101677,Subway,1,1.0,2.9,Average,32.0,28.633032654759404,77.20505240296232
101678,Bistro Restaurant 768,2,2.0,3.3,Good,72.0,28.460190204255692,77.03010307880646
101679,McDonald's,1,2.0,3.2,Good,27.0,28.627347343030767,77.21122551003674
101680,Urban Kitchen 960,6,1.0,3.5,Good,1063.0,12.950861363197587,77.63541452152405
101681,Grill Corner 27,2,1.0,3.8,Good,801.0,28.457814097913644,77.01530998242539
101682,Grill Kitchen 107,13,1.0,2.5,Average,393.0,25.25173326478436,55.26362410994938
101683,Royal Kitchen 671,6,2.0,3.0,Good,346.0,12.971974850968767,77.57049620245198
101684,Tasty Garden 235,9,1.0,3.6,Good,946.0,13.075098330743037,80.25597536466724
101685,The Food Studio 642,1,4.0,2.7,Average,120.0,28.621266955028076,77.22738051245665
101686,Haldiram's,10,2.0,1.9,Poor,231.0,22.531805038265205,88.38940297225318
101687,Spice Corner 680,11,1.0,3.1,Good,64.0,26.920129689968167,75.8467940851578
101688,Kitchen Studio 479,3,2.0,3.5,Good,160.0,28.594861540564832,77.38735787440226
101689,Grill Garden 562,5,1.0,2.5,Average,273.0,19.04769849760232,72.86846811535473
101690,Bistro Lounge 182,8,2.0,2.8,Average,3.0,17.39434693025931,78.50060069087657
101691,Curry Bites 767,1,1.0,2.5,Average,71.0,28.613077701568113,77.19258993674828
101692,Cafe House 537,3,2.0,2.6,Average,196.0,28.53378194118422,77.36857449231914
101693,Grill Garden 931,2,3.0,3.9,Good,192.0,28.457150528773315,77.03792573368506
101694,Grill Point 825,1,3.0,2.6,Average,90.0,28.638900810931975,77.19528618267053
101695,Cafe Coffee Day,2,1.0,0.0,Not rated,187.0,28.421065753064276,77.0164666409927
101696,The Food Hub 311,1,1.0,2.4,Average,63.0,28.638003581480106,77.23019912274027
101697,Haldiram's,1,2.0,2.3,Average,32.0,28.616319706202088,77.2198540389362
101698,Royal Express 294,1,3.0,4.0,Very Good,953.0,28.55220470760502,77.27901855345372
101699,Spice Restaurant 945,13,3.0,3.1,Good,655.0,25.218094338655394,55.303063660575866
101700,Curry Garden 10,5,1.0,3.1,Good,84.0,19.0799871961521,72.85084299360993
101701,The Food Cafe 237,13,1.0,2.0,Average,,25.174288617078464,55.25680835774086
101702,Grill Express 194,3,2.0,2.7,Average,469.0,28.541120006306883,77.34295102209943
101703,Grill House 405,1,1.0,3.5,Good,205.0,28.56783073129645,77.17494533643423
101704,Bistro Restaurant 662,3,1.0,4.7,Excellent,491.0,28.51153536853316,77.43517780846375
101705,Tasty Point 270,3,1.0,1.7,Poor,237.0,28.536794148342047,77.38127832195225
101706,The Belgian Waffle Co,1,2.0,,Good,119.0,28.554903389693873,77.16048627850184
101707,Biryani Blues,6,4.0,3.9,Good,404.0,12.931301522265493,77.52644769778775
101708,House Garden 292,1,4.0,0.0,Not rated,26.0,28.578834145425827,77.157490891553
101709,Grill Garden 423,5,1.0,3.6,Good,325.0,19.078771036906762,72.84961134331179
101710,KFC,6,2.0,2.6,Average,145.0,12.987046867980046,77.5947301464482
101711,Cafe Coffee Day,1,3.0,3.5,Good,123.0,28.58265191404922,77.19512099353489
101712,Barbeque Nation,1,1.0,2.7,Average,34.0,28.580687415591463,77.23344687083366
101713,The Food Restaurant 638,8,2.0,4.0,Very Good,255.0,17.38983392385144,78.45394594000867
101714,Kitchen Corner 156,3,1.0,2.6,Average,167.0,28.539390246471466,77.43392587335073
101715,Haldiram's,1,1.0,2.8,Average,58.0,28.589391644173364,77.20422793716081
101716,KFC,14,1.0,3.6,Good,27.0,51.57140521129126,-0.11175950971101067
101717,Royal Restaurant 449,1,1.0,2.3,Average,19.0,28.620353691127885,77.19079326255711
101718,Green Kitchen 155,6,2.0,3.2,Good,132.0,12.96564422229261,77.63019278577872
101719,Subway,14,1.0,1.8,Poor,196.0,51.49388683379982,-0.17425305187858472
101720,The Food Studio 381,1,1.0,2.3,Average,1507.0,28.649209118390512,77.16581174334323
101721,Spice Express 83,1,1.0,3.2,Good,172.0,28.632976553847147,77.17506689878873
101722,Royal Corner 273,1,3.0,2.8,Average,21.0,28.553082443548146,77.25015771559683
101723,Urban Lounge 482,1,2.0,2.8,Average,128.0,28.589546609496576,77.20070219936153
101724,Cafe Coffee Day,1,2.0,3.5,Good,929.0,28.598262482702896,77.17580633795643
101725,Spice Kitchen 998,6,2.0,2.8,Average,70.0,12.971181709711228,77.58772581675021
101726,Green House 790,1,1.0,3.5,Good,787.0,28.635849721897443,77.21501998455906
101727,Green Restaurant 35,4,1.0,3.1,Good,221.0,28.371444680456513,77.28010324448593
101728,Starbucks,15,2.0,3.5,Good,436.0,1.349320738196208,103.82538477332089
101729,Grill Bites 214,9,1.0,0.0,Not rated,919.0,13.142174330435038,80.26593655438663
101730,House Garden 959,5,1.0,3.2,Good,18.0,19.07701711408043,72.85999500377844
101731,House Restaurant 44,1,2.0,4.2,Very Good,695.0,28.58959965994273,77.16467814591209
101732,Grill Lounge 126,5,1.0,0.0,Not rated,79.0,19.029302587160345,72.90879905503857
101733,House Garden 204,4,1.0,2.7,Average,49.0,28.39185842560965,77.30139206679885
101734,Spice Bites 224,2,2.0,4.0,Very Good,191.0,28.42174380942908,76.9238855031889
101735,Green Bites 445,1,1.0,3.2,Good,1506.0,28.600088997302613,77.22146070920164
101736,Royal Garden 599,10,2.0,2.9,Average,903.0,22.591576427339717,88.37723227632736
101737,Subway,3,2.0,3.4,Good,15.0,28.536793565827704,77.42365242649818
101738,Domino's Pizza,1,2.0,3.9,Good,81.0,28.597099466270222,77.22346312807537
101739,Bistro Studio 705,2,2.0,3.5,Good,631.0,28.39682609759625,77.03144462610048
101740,Kitchen Kitchen 255,2,1.0,4.2,Very Good,220.0,28.488619825241454,77.0095594524123
101741,KFC,9,1.0,3.7,Good,198.0,13.070363128369404,80.25376052816374
101742,Kitchen Bites 62,7,1.0,3.3,Good,26.0,18.52417953487236,73.88035480775005
101743,The Belgian Waffle Co,8,1.0,2.3,Average,58.0,17.35308925124161,78.4812127589773
101744,Haldiram's,1,4.0,3.5,Good,35.0,28.59958652749731,77.15869521793506
101745,Royal Studio 239,2,3.0,3.4,Good,24.0,28.43920296136884,77.01455322016297
101746,Grill Bites 775,3,1.0,3.5,Good,40.0,28.488812841640502,77.38910135380962
101747,Curry Restaurant 198,1,1.0,3.4,Good,59.0,28.582121241729233,77.13932723249087
101748,Burger King,1,1.0,3.1,Good,68.0,28.613385242810523,77.23513713159028
101749,Royal Garden 921,7,1.0,3.1,Good,62.0,18.53085003815388,73.85672247682339
101750,Starbucks,1,1.0,3.5,Good,696.0,28.589962322021442,77.16130213425224
101751,The Food Lounge 714,4,2.0,2.6,Average,51.0,28.36680552775519,77.30738958834664
101752,Cafe Hub 557,1,3.0,4.5,Excellent,1440.0,28.601424668359005,77.2054202028286
101753,Bistro Studio 282,1,2.0,0.0,Not rated,49.0,28.641187022757183,77.24210804996066
101754,Cafe Lounge 165,1,1.0,3.9,Good,367.0,28.58102966009892,77.24110065719987
101755,McDonald's,13,1.0,0.0,Not rated,162.0,25.20525087444013,55.30853292373381
101756,The Food Lounge 376,8,2.0,0.0,Not rated,29.0,17.36188462048305,78.49985606312272
101757,House Lounge 389,13,3.0,3.6,Good,131.0,25.244297867181324,55.247928580455124
101758,Spice Cafe 878,3,3.0,3.6,Good,105.0,28.517768797328102,77.35924738676964
101759,Cafe Point 329,1,3.0,3.8,Good,330.0,28.637070213450098,77.18447519090387
101760,House Lounge 839,4,2.0,3.7,Good,172.0,28.44442739738343,77.31549462978154
101761,Grill Bites 510,3,2.0,3.0,Good,68.0,28.58945182244923,77.39012005423606
101762,Royal Cafe 290,9,1.0,3.7,Good,235.0,13.035334075120348,80.30671380466649
101763,House Express 114,1,2.0,2.5,Average,238.0,28.564966138819614,77.20009783904828
101764,The Belgian Waffle Co,3,1.0,3.0,Good,1759.0,28.57628268120339,77.32016877409491
101765,McDonald's,1,1.0,3.5,Good,211.0,28.648951939023735,77.16725727902373
101766,Domino's Pizza,1,2.0,3.8,Good,210.0,28.592307538815316,77.1748478811951
101767,Barbeque Nation,7,1.0,3.3,Good,317.0,18.40710522074161,73.82251528019918
101768,Domino's Pizza,3,1.0,2.7,Average,49.0,28.538331049172342,77.29279923090525
101769,Tasty Bites 502,2,1.0,3.6,Good,22.0,28.406387578486434,77.0815311237921
101770,Bistro Cafe 263,2,1.0,2.6,Average,107.0,28.43053051829462,76.95021068989742
101771,Subway,3,1.0,4.1,Very Good,847.0,28.541841735669728,77.37091896475113
101772,Urban Corner 953,8,1.0,2.9,Average,796.0,17.396047515770633,78.50974386835904
101773,House Studio 951,10,1.0,2.0,Average,13.0,22.627946015058033,88.38453857722183
101774,Urban Studio 821,13,1.0,2.2,Average,335.0,25.191754220449884,55.21936107284497
101775,Kitchen Lounge 762,8,4.0,3.6,Good,12.0,17.350829409251975,78.52893589874363
101776,Tasty Express 814,1,1.0,3.1,Good,316.0,28.646005219267526,77.2461384282781
101777,Cafe Garden 542,6,1.0,4.3,Very Good,381.0,12.98479746970001,77.58825042049654
101778,KFC,3,2.0,2.5,Average,18.0,28.522790382328388,77.39195380074533
101779,Urban Point 984,1,3.0,3.4,Good,663.0,28.61501161729957,77.17701993040944
101780,Urban Restaurant 237,9,2.0,2.5,Average,1379.0,13.069468821516226,80.27953461329756
101781,Green Point 539,1,1.0,2.7,Average,150.0,28.638121266813936,77.21691580667022
101782,Cafe Bites 971,11,2.0,4.3,Very Good,276.0,26.971477882132618,75.77026486993424
101783,Starbucks,3,2.0,2.5,Average,991.0,28.510107845958846,77.41359406380904
101784,Bistro Kitchen 785,5,2.0,0.0,Not rated,22.0,19.09073119660212,72.88930291003034
101785,Kitchen Bites 470,6,2.0,3.5,Good,49.0,12.9180585215211,77.70706575891717
101786,Tasty Kitchen 171,11,3.0,3.4,Good,66.0,26.874860405898488,75.75574188509819
101787,Grill House 517,5,3.0,3.7,Good,212.0,19.095689514336435,72.9243516590055
101788,Royal Lounge 615,5,2.0,2.4,Average,159.0,19.073535970177847,72.84786894314925
101789, Kitchen Express 564 ,1,1.0,4.1,Very Good,111.0,28.575079174007982,77.22746065095012
101790,Kitchen Express 423,4,2.0,4.5,Excellent,166.0,28.409206653752097,77.22682000876713
101791,Tasty Restaurant 332,1,3.0,3.4,Good,96.0,28.644661955505377,77.19106762369566
101792,Cafe Lounge 220,7,1.0,4.6,Excellent,133.0,18.469757561385123,73.87322235029627
101793,Grill Restaurant 261,4,4.0,3.3,Good,71.0,28.4700287773849,77.3261968888591
101794,Curry Studio 983,6,1.0,3.3,Good,71.0,12.991655981789117,77.52442030558524
101795,Bistro Corner 292,1,2.0,0.0,Not rated,7.0,28.634653719627032,77.19458389029172
101796,Grill Hub 912,1,3.0,3.1,Good,134.0,28.613852916079434,77.2606851200462
101797,The Food Point 220,7,1.0,2.1,Average,12.0,18.581549488126225,73.89271305902729
101798,Spice Restaurant 843,1,2.0,2.2,Average,373.0,28.647581301808167,77.24261616521133
101799,Grill Lounge 570,1,1.0,4.3,Very Good,115.0,28.601034839932304,77.29132711983259
101800,Cafe Hub 97,1,1.0,2.7,Average,140.0,28.640408638704425,77.14792838747532
101801,Pizza Hut,13,1.0,2.9,Average,106.0,25.179140081487354,55.256995504003704
101802,Cafe Coffee Day,7,1.0,2.3,Average,110.0,18.510591308732565,73.85778755646575
101803,Cafe Point 239,2,1.0,3.6,Good,964.0,28.51083218076362,77.0010084804461
101804,The Food Kitchen 585,1,4.0,3.1,Good,32.0,28.62746541912258,77.21337035892824
101805,Green Restaurant 80,2,4.0,3.3,Good,24.0,28.482653326950093,77.07213430491325
101806,Curry Hub 500,8,1.0,3.2,Good,211.0,17.425936878076666,78.49056133474842
101807,Bistro Restaurant 591,6,2.0,2.5,Average,83.0,12.990787813311988,77.51746092119517
101808,Urban Cafe 658,1,1.0,2.9,Average,267.0,28.58550875776391,77.2326917823266
101809,Bistro Cafe 391,1,1.0,0.0,Not rated,220.0,28.672044845130102,77.20847525478158
101810,Domino's Pizza,1,1.0,3.3,Good,46.0,28.631965155836465,77.13272554745886
101811,Kitchen Express 901,6,4.0,3.7,Good,431.0,12.992137897696031,77.57305742146784
101812,Tasty Kitchen 891,8,4.0,3.7,Good,56.0,17.386955654570997,78.42595050369098
101813,Bistro Bites 870,1,1.0,2.7,Average,178.0,28.65277661677273,77.19892605175286
101814,Spice Bites 797,1,1.0,4.3,Very Good,49.0,28.680923470764476,77.19136236208386
101815,Spice Garden 537,1,1.0,2.5,Average,184.0,28.600762991771916,77.15561986959246
101816,Haldiram's,13,2.0,3.3,Good,181.0,25.24208952589161,55.27958626478865
101817,Kitchen Lounge 715,1,2.0,3.3,Good,46.0,28.615103044574283,77.17110597616842
101818,Domino's Pizza,8,1.0,3.7,Good,37.0,17.315066241884697,78.53304120894414
101819,Tasty Studio 771,5,2.0,3.9,Good,542.0,19.026858074753623,72.88358684039272
101820,Grill Kitchen 228,2,1.0,3.0,Good,98.0,28.474350199232493,77.01747141675624
101821,Tasty Hub 136,1,3.0,3.6,Good,704.0,28.649262418855685,77.25289242870106
101822,Curry Cafe 764,1,2.0,3.4,Good,96.0,28.635217640956103,77.21810847987665
101823,Burger King,5,1.0,1.5,Poor,637.0,19.102918449791492,72.88983111934793
101824,Tasty Lounge 445,8,3.0,2.4,Average,46.0,17.47563619852327,78.48442448646388
101825,Royal Hub 493,6,3.0,3.0,Good,1097.0,12.99009342211639,77.5836213062743
101826,Curry House 668,4,1.0,2.6,Average,198.0,28.39962772131086,77.33194636288688
101827,Grill Cafe 754,1,1.0,2.2,Average,240.0,28.609467440600078,77.26234073093205
101828,Green Kitchen 273,13,3.0,3.9,Good,60.0,25.262025060687012,55.15111415447883
101829,Kitchen Bites 947,8,1.0,3.0,Good,433.0,17.34057838458054,78.55208986313937
101830,Urban Bites 424,1,1.0,2.9,Average,442.0,28.657228584482457,
101831,Kitchen Point 329,14,2.0,2.4,Average,101.0,51.50796587105704,-0.12106524642642985
101832,House Corner 789,5,3.0,0.0,Not rated,6.0,19.046894720706266,72.8176039562638
101833,Kitchen Cafe 842,5,3.0,1.7,Poor,32.0,19.025244781759042,72.92990031589757
101834,Curry Cafe 150,7,3.0,3.3,Good,46.0,18.57222077868423,73.80830323909868
101835,Green Point 702,8,2.0,3.2,Good,319.0,17.354992326096305,78.52598155687512
101836,Bistro Kitchen 116,6,1.0,3.2,Good,101.0,12.973782668749449,77.58615875699005
101837,Green Cafe 949,1,2.0,2.2,Average,83.0,28.579783744055216,77.20330510017077
101838,Cafe Coffee Day,2,3.0,3.5,Good,95.0,28.528305096247255,76.98252799216735
101839,Starbucks,11,1.0,2.3,Average,936.0,26.91583605589709,75.82997086903578
101840,The Food Studio 483,1,1.0,2.5,Average,165.0,28.566776730847952,77.20383859878392
101841,Subway,2,1.0,3.5,Good,248.0,28.444491455634925,77.05171853555281
101842,Green Point 560,3,2.0,4.5,Excellent,111.0,28.58425973285667,77.31868024488514
101843,The Food Lounge 495,3,3.0,3.4,Good,183.0,28.501310896041637,77.35980655258554
101844,Royal Restaurant 716,5,2.0,2.7,Average,48.0,19.06334990556635,72.88647470071622
101845,Tasty Cafe 928,12,4.0,3.7,Good,312.0,23.064050331110103,72.51617448073686
101846,Spice Garden 175,1,1.0,3.6,Good,47.0,28.625880180554482,77.22164398938573
101847,Subway,1,3.0,3.8,Good,526.0,28.57121897359992,77.1858347395433
101848,Cafe Garden 55,1,3.0,5.0,Excellent,107.0,28.62171732784885,77.18178045468501
101849,Spice Kitchen 398,10,1.0,2.5,Average,510.0,22.567253747117586,88.38184603942604
101850,House Bites 369,6,4.0,3.8,Good,2253.0,12.97343452089873,77.60057686164001
101851,Spice Garden 889,1,1.0,4.0,Very Good,217.0,28.64702952122928,77.16965976919727
101852,Tasty Point 390,9,3.0,4.4,Very Good,1221.0,13.091120484163927,80.3100099599308
101853,Bistro Kitchen 926,10,3.0,2.1,Average,365.0,22.569352614080618,88.3815912759579
101854,Cafe Lounge 91,9,2.0,3.2,Good,30.0,13.077733155217208,80.20019281500198
101855,Haldiram's,11,2.0,4.2,Very Good,260.0,26.950088144254668,75.77668877620108
101856,Grill Restaurant 23,1,1.0,4.9,Excellent,494.0,28.58868789585537,77.22206369103938
101857,Haldiram's,7,2.0,3.7,Good,428.0,18.444523240213137,73.85280913328545
101858,Curry House 763,3,1.0,2.8,Average,208.0,28.527614675378405,77.27467919410232
101859,Pizza Hut,9,3.0,2.7,Average,200.0,13.095939237903943,80.27292290082882
101860,Kitchen Bites 310,7,2.0,4.6,Excellent,249.0,18.505827334006856,73.88321427482556
101861,Haldiram's,8,3.0,3.9,Good,250.0,17.366612847931037,78.48385016403148
101862,Spice Bites 264,6,1.0,2.4,Average,33.0,12.9588513316267,77.59654178418306
101863,Spice Lounge 972,1,3.0,3.3,Good,138.0,28.613040551517624,77.244696621245
101864,Royal Express 919,4,3.0,3.6,Good,32.0,28.363459731109316,77.26235168943326
101865,Royal Kitchen 748,14,3.0,3.8,Good,111.0,51.530548408072086,-0.10202539191345905
101866,House Cafe 894,12,1.0,2.4,Average,72.0,22.92931825271263,72.5832857831154
101867,Green House 247,1,1.0,2.6,Average,70.0,28.632800245682088,77.15217216780037
101868,Tasty Garden 932,1,1.0,1.9,Poor,36.0,28.62486549964653,77.23342052143582
101869,Curry Lounge 135,1,2.0,3.9,Good,297.0,28.631295904018568,77.2722169160676
101870,McDonald's,7,2.0,3.0,Good,117.0,18.45290506410745,73.86838382884117
101871,House Point 884,9,4.0,3.9,Good,125.0,13.092949041305468,80.29010645024204
101872,Starbucks,1,1.0,3.9,Good,36.0,28.59491246842432,77.1717115632121
101873,Grill Hub 441,3,1.0,3.1,Good,122.0,28.59157666322285,77.36934906598378
101874,Royal Bites 956,9,2.0,0.0,Not rated,376.0,13.095360227205504,80.23507336883908
101875,Royal Express 70,7,3.0,3.5,Good,829.0,18.479214496097676,73.87055391081749
101876,Bistro Kitchen 189,4,3.0,3.4,Good,303.0,28.34973226899784,77.29967098099596
101877,Royal Restaurant 31,5,3.0,4.2,Very Good,156.0,19.054483011004933,72.85741072689365
101878,Tasty House 311,4,1.0,3.2,Good,366.0,28.437304646364154,77.34243110447926
101879,House Restaurant 281,1,2.0,2.8,Average,72.0,28.65423594805467,77.26744052547122
101880,Subway,5,3.0,4.1,Very Good,152.0,19.08234892079119,72.87463204107388
101881,McDonald's,6,2.0,4.0,Very Good,85.0,12.974401088109326,77.53947760445578
101882,Biryani Blues,10,1.0,2.1,Average,444.0,22.560978402730296,88.36530586607716
101883,Cafe Cafe 628,5,1.0,4.0,Very Good,575.0,19.075252564916365,72.88440463162416
101884,Subway,7,1.0,3.2,Good,174.0,18.562950337174914,73.88579932139062
101885,Domino's Pizza,1,2.0,3.4,Good,1655.0,28.601768215242128,77.19767693032159
101886,Bistro Studio 138,3,1.0,3.7,Good,340.0,28.55855803237928,77.42183529142315
101887,Cafe Studio 730,1,1.0,2.6,Average,248.0,28.595405357433673,77.23446738799073
101888,Royal House 504,1,1.0,3.6,Good,271.0,28.64936460170847,77.19856719088656
101889,Royal Point 232,7,2.0,3.0,Good,35.0,18.540655303993532,73.88541069558651
101890,Domino's Pizza,14,1.0,2.0,Average,45.0,51.541424180946564,-0.09524367252684252
101891,Tasty Point 761,1,2.0,2.6,Average,148.0,28.67977416138533,77.17081074217327
101892,Green Point 68,2,1.0,3.4,Good,179.0,28.369130485108737,77.06021242296708
101893,Barbeque Nation,8,1.0,2.4,Average,319.0,17.411381967334094,78.48250082653121
101894,Curry Restaurant 333,1,2.0,4.2,Very Good,98.0,28.630319443365625,77.20033909259158
101895,Green House 415,5,1.0,3.8,Good,226.0,19.09166242379909,72.87392179813912
101896,Cafe Restaurant 845,7,1.0,3.9,Good,237.0,18.52882067817199,73.90014226872712
101897,Kitchen House 627,5,1.0,3.1,Good,208.0,19.084395878498132,72.92104578147149
101898,Cafe Cafe 550,1,3.0,3.6,Good,202.0,28.625672827955903,77.22567149093202
101899,Bistro Corner 534,2,2.0,2.4,Average,26.0,28.491209819502057,77.03603563334896
101900,Barbeque Nation,8,1.0,3.6,Good,11.0,17.413920356018178,78.48304955913895
101901,Spice Point 532,5,1.0,3.2,Good,56.0,19.075126449512894,72.9721462366794
101902,Bistro Corner 572,1,4.0,4.0,Very Good,111.0,28.60733832291448,77.18503246149808
101903,House Corner 195,7,2.0,0.0,Not rated,20.0,18.521105374095324,73.84104862345376
101904,Tasty Garden 793,1,1.0,0.0,Not rated,83.0,28.599449340244302,77.21958538379388
101905,Curry Hub 433,7,2.0,0.0,Not rated,351.0,18.582708212769404,73.82496605364469
101906,Spice Restaurant 530,1,2.0,3.4,Good,471.0,28.569423265838047,77.24570642588468
101907,Curry Bites 463,13,3.0,2.8,Average,298.0,25.23104264574378,55.21930284775014
101908,Haldiram's,2,2.0,3.1,Good,610.0,28.48553441361645,77.00161470177497
101909,Biryani Blues,2,1.0,,Good,58.0,28.440936294311218,77.01253900252696
101910,Bistro Lounge 139,1,1.0,2.8,Average,94.0,28.62426177503944,77.17383655616929
101911,Kitchen Studio 26,1,3.0,4.3,Very Good,499.0,28.658103581181564,77.24543415170722
101912,Biryani Blues,10,2.0,2.2,Average,80.0,22.56104909935452,88.3178753711585
101913,Green Studio 93,15,1.0,3.7,Good,120.0,1.3980177197277315,103.78608852991651
101914,BISTRO BITES 929,2,3.0,3.8,Good,2130.0,28.498638233910118,77.00290906516207
101915,Royal Restaurant 751,3,3.0,3.0,Good,196.0,28.510654896392317,77.42050483215822
101916,KFC,7,4.0,3.0,Good,1578.0,18.481617871074242,73.90753647261957
101917,House Express 88,10,3.0,2.0,Average,14.0,22.57839012762539,88.38218374903015
101918,Tasty Restaurant 811,5,4.0,3.1,Good,80.0,19.03258955927293,72.83172073340947
101919,Cafe Hub 388,2,1.0,3.7,Good,338.0,28.357835437915718,77.004893391182
101920,Spice Hub 935,2,3.0,3.4,Good,213.0,28.442370569783094,77.0816228513077
101921,House Hub 167,6,3.0,4.2,Very Good,17.0,13.047698829765757,77.59561017777308
101922,Royal Restaurant 53,1,1.0,2.6,Average,119.0,28.598249526554447,77.1583968166733
101923,The Food Restaurant 788,5,1.0,3.5,Good,4278.0,19.08928261084131,72.9544911994981
101924,The Food Bites 186,2,4.0,3.1,Good,242.0,28.48399964634671,77.00665747237056
101925,McDonald's,8,1.0,2.4,Average,324.0,17.383558844907686,78.48419638295154
101926,Spice Cafe 784,1,3.0,0.0,Not rated,40.0,28.602223190115605,77.18503397190159
101927,Curry Studio 876,5,1.0,2.6,Average,216.0,19.119005079933604,72.84425497917803
101928,Spice Cafe 904,3,1.0,2.0,Average,137.0,28.536897070892067,77.43635937618923
101929,Green Cafe 676,6,2.0,3.1,Good,720.0,12.968401493482249,77.60146796617228
101930,Tasty Studio 82,1,1.0,3.1,Good,692.0,28.641812244040924,77.22003577049976
101931,Spice Point 904,5,2.0,4.0,Very Good,361.0,19.039965312083286,72.83291677129841
101932,Cafe Bites 571,5,2.0,3.8,Good,226.0,19.031791068375153,72.86722535455463
101933,Green Corner 190,5,1.0,3.8,Good,25.0,19.01912830738891,72.85592907106401
101934,The Belgian Waffle Co,5,1.0,3.5,Good,22.0,19.095880436102522,72.84880209569677
101935,Royal Corner 684,6,1.0,3.2,Good,201.0,12.965871808549537,77.61095593694526
101936,Cafe Garden 340,8,1.0,2.2,Average,435.0,17.413922524272408,78.47487476066041
101937,Spice Kitchen 427,1,3.0,3.5,Good,1027.0,28.61568187977744,77.23324218153739
101938,Royal Bites 292,9,1.0,3.4,Good,62.0,13.034716498644968,80.2959257929444
101939,Bistro Restaurant 610,3,1.0,3.9,Good,32.0,28.523053538284927,77.37577454964759
101940,Grill Hub 990,1,2.0,3.6,Good,637.0,28.645287855812292,77.22488853640957
101941,Cafe Express 954,1,1.0,3.8,Good,75.0,28.60472404940579,77.19282309019644
101942,Cafe Coffee Day,2,1.0,2.3,Average,20.0,28.501038510795347,76.99902314635897
101943,Tasty Kitchen 777,8,1.0,,Average,89.0,17.369125065415254,78.44959073135365
101944,Grill Kitchen 300,6,3.0,3.7,Good,107.0,12.996777523827912,77.59760903459305
101945,Urban Restaurant 881,8,3.0,4.2,Very Good,1181.0,17.322609353009764,78.46073027415694
101946,Grill House 538,4,3.0,3.3,Good,548.0,28.40097437754641,77.3660350965473
101947,Subway,3,1.0,2.9,Average,67.0,28.52195259876658,77.44790946360273
101948,Urban Cafe 748,1,1.0,3.4,Good,1091.0,28.56497454945575,77.22562232940457
101949,Grill Kitchen 496,2,2.0,2.5,Average,182.0,28.498417223699423,77.03512289556662
101950,Cafe Restaurant 295,3,2.0,4.2,Very Good,854.0,28.51309769289648,77.39165016128193
101951,Kitchen Garden 539,1,4.0,3.0,Good,915.0,28.58788525816633,77.29208057201862
101952,Cafe Express 950,1,1.0,1.8,Poor,96.0,28.659445479867333,77.2776850294936
101953,Biryani Blues,5,1.0,3.0,Good,355.0,19.08165073752935,72.87053954941646
101954,Bistro Bites 510,7,2.0,4.3,Very Good,139.0,18.54769305387275,73.8497386525408
101955,Royal Cafe 239,15,3.0,3.8,Good,664.0,1.2925053023900184,103.83124261767517
101956,Green Corner 122,12,3.0,3.9,Good,237.0,22.994551036256215,72.53011411283622
101957,The Belgian Waffle Co,6,2.0,3.2,Good,604.0,13.044623613574972,77.531603619306
101958,Bistro Point 819,2,4.0,3.5,Good,1307.0,28.48939165675942,76.9797714577813
101959,Tasty House 47,5,2.0,2.2,Average,289.0,19.03843331571879,72.86714053282535
101960,Grill Bites 218,8,3.0,1.9,Poor,121.0,17.392876068924327,78.4536263057034
101961,Subway,1,4.0,3.7,Good,184.0,28.57905223643682,77.25991999070536
101962,The Food Kitchen 316,2,3.0,4.3,Very Good,5.0,28.508284240926727,76.97517603258021
101963,Grill Express 786,9,1.0,3.2,Good,74.0,13.003258830310243,80.22395873614948
101964,The Belgian Waffle Co,2,1.0,3.4,Good,610.0,28.46913540727077,76.96239516232406
101965,Tasty Restaurant 583,5,2.0,4.2,Very Good,762.0,19.08510985155816,72.85511414594552
101966,Spice Hub 199,5,2.0,3.4,Good,,19.03705796618755,72.86375870810521
101967,Kitchen Bites 491,1,3.0,,Good,228.0,28.604339684491887,77.20621539604748
101968,Spice Bites 140,2,1.0,2.5,Average,123.0,28.472644018043294,77.02538204666514
101969,House Studio 914,2,1.0,4.3,Very Good,548.0,28.39726560281691,77.00483737263275
101970,Kitchen Studio 803,1,2.0,3.5,Good,3074.0,28.569115516199606,77.17216401084188
101971,Bistro Corner 856,1,1.0,2.4,Average,370.0,28.608471259108047,77.22365998645192
101972,Cafe Restaurant 695,9,1.0,2.2,Average,63.0,13.053542887032082,80.23921044788545
101973,Grill Corner 214,1,1.0,3.8,Good,188.0,28.597690454758304,77.23634083797047
101974,Kitchen Express 68,4,2.0,2.5,Average,900.0,28.408197333052787,77.26591569526586
101975,The Food Corner 348,1,1.0,4.2,Very Good,38.0,28.582033912922522,77.18281428601128
101976,House Lounge 863,12,3.0,1.6,Poor,59.0,23.0215698176188,72.64287836153363
101977,Biryani Blues,1,1.0,3.9,Good,515.0,28.624329930463674,77.28525092733435
101978,Cafe Kitchen 886,3,3.0,3.7,Good,1024.0,28.562760386498802,77.34336281025881
101979,The Food Restaurant 879,10,2.0,3.3,Good,398.0,22.528996027531726,88.40616084218576
101980,Spice Garden 424,9,1.0,2.9,Average,79.0,13.060705864576942,80.32717399189869
101981,Subway,1,1.0,4.2,Very Good,443.0,28.63449896907913,77.24620911151374
101982,The Food Point 538,8,1.0,3.5,Good,326.0,17.333126867193023,78.48436120267174
101983,Urban Express 804,3,2.0,2.6,Average,247.0,28.539216651346283,77.32345227025922
101984,Subway,3,1.0,1.9,Poor,121.0,28.536483424411248,77.39396474325797
101985,Curry Lounge 26,1,1.0,0.0,Not rated,96.0,28.523360652699324,77.22340250541819
101986,Grill Hub 195,1,2.0,3.2,Good,58.0,28.596597899925523,77.2173445447517
101987,Curry Restaurant 895,7,1.0,2.0,Average,3103.0,18.53197736757132,73.87339346909745
101988,Kitchen Hub 788,3,1.0,3.0,Good,211.0,28.52808520771643,77.36257652029173
101989,Grill Bites 136,3,3.0,3.0,Good,345.0,28.51890010010633,77.3740663138108
101990,Domino's Pizza,7,4.0,3.6,Good,151.0,18.525866056160954,73.77290634388866
101991,Bistro Lounge 119,8,1.0,3.5,Good,559.0,17.419611336118216,78.5178577523497
101992,Domino's Pizza,1,1.0,4.0,Very Good,42.0,28.63271561585733,77.17758173803196
101993,Cafe Kitchen 342,5,4.0,4.2,Very Good,25.0,19.049545137504463,72.8689819025015
101994,Spice Kitchen 534,1,1.0,2.5,Average,150.0,28.562835354189428,77.21786080821717
101995,Bistro Garden 24,7,4.0,3.8,Good,2706.0,18.538581347046637,73.8370799091623
101996,The Food Bites 914,6,1.0,3.0,Good,788.0,12.930379151814442,77.5570619357315
101997,Subway,13,3.0,2.5,Average,56.0,25.186318801251637,55.279754760168025
101998,Cafe Coffee Day,1,1.0,3.3,Good,354.0,28.62093307072059,77.14657868879237
101999,Curry Bites 121,1,3.0,4.6,Excellent,111.0,28.65402842066736,77.23583975436854
102000,Royal Garden 118,1,1.0,3.0,Good,296.0,28.65890347544258,77.23211548604598
102001,Biryani Blues,1,2.0,2.2,Average,274.0,28.616023992698768,77.18975973950702
102002,Urban Point 556,1,1.0,3.0,Good,554.0,28.596067786552926,77.1917090314579
102003,Kitchen Garden 145,11,1.0,2.2,Average,20.0,26.87037754082729,75.7527283252053
102004,The Food Cafe 251,1,3.0,4.0,Very Good,44.0,28.682452054187436,77.1956232252999
102005,Cafe Coffee Day,1,2.0,3.5,Good,176.0,28.603753993255886,77.20197090697448
102006,Kitchen Lounge 455,7,3.0,3.3,Good,51.0,18.544124002933614,73.84555357108168
102007,Domino's Pizza,3,1.0,2.8,Average,41.0,28.54238730642057,77.44170329179363
102008,House Corner 109,8,3.0,3.3,Good,261.0,17.367653923616622,78.42548304129565
102009,Urban House 402,1,1.0,3.0,Good,55.0,28.595071539458992,77.17721921776301
102010,Biryani Blues,3,4.0,3.1,Good,2993.0,28.487090625080036,77.41659981770465
102011,HOUSE RESTAURANT 717,1,4.0,2.7,Average,83.0,28.6531848859699,77.28092164362421
102012,Kitchen Garden 341,1,1.0,3.7,Good,144.0,28.60968142744935,77.17875948049821
102013,Bistro Bites 829,11,3.0,3.1,Good,258.0,26.962435067648137,75.82272455872129
102014,Curry Cafe 135,1,3.0,3.5,Good,29.0,28.598193137499152,77.16874576003634
102015,Starbucks,4,1.0,3.2,Good,343.0,28.398469282371916,77.30417290507677
102016,Curry Garden 701,2,2.0,0.0,Not rated,137.0,28.419835758983748,77.02695567658431
102017,Curry Studio 238,2,1.0,2.2,Average,94.0,28.448599580773223,77.00243194828991
102018,Royal Cafe 265,11,3.0,2.3,Average,210.0,26.868995834391015,75.77262676656576
102019,Tasty Hub 717,1,1.0,2.6,Average,272.0,28.62799315095462,77.16127407007194
102020,Kitchen Express 465,6,1.0,3.3,Good,1118.0,12.975373322412693,77.61820029729427
102021,Urban Studio 116,13,1.0,2.5,Average,3552.0,25.256420658692104,55.23936836687095
102022,Curry Hub 290,5,2.0,3.0,Good,46.0,19.024978546472155,72.85446533722369
102023,Cafe Cafe 131,12,3.0,4.8,Excellent,51.0,23.065060066385445,72.54403196518689
102024,Tasty Restaurant 816,1,4.0,2.4,Average,173.0,28.57965446513944,77.183492970071
102025,Haldiram's,2,1.0,2.5,Average,11.0,28.471548106165805,77.03165840045496
102026,The Food Lounge 473,1,1.0,4.2,Very Good,510.0,28.573809650846957,77.21119589632028
102027,Tasty Point 636,7,2.0,3.2,Good,209.0,18.527497077643403,73.94485107196786
102028,Royal Studio 394,14,2.0,0.0,Not rated,142.0,51.419529131071535,-0.13637783916809415
102029,Subway,1,1.0,3.8,Good,142.0,28.590429645796878,77.20548510943556
102030,Cafe House 804,6,1.0,3.0,Good,239.0,12.975313468096024,77.64139481042767
102031,Cafe Express 558,1,2.0,3.0,Good,314.0,28.675340631646165,77.21687096467815
102032,Royal Bites 686,5,1.0,3.1,Good,228.0,19.001519485047492,72.87424468689946
102033,Starbucks,3,2.0,2.8,Average,31.0,28.535420275569592,77.3863254491534
102034,Curry Kitchen 607,13,2.0,2.5,Average,193.0,25.186643941560895,55.27758943586609
102035,Kitchen Lounge 100,5,3.0,0.0,Not rated,913.0,19.00893815759523,72.9118171119247
102036,Royal Garden 979,2,2.0,2.5,Average,210.0,28.420131006315845,77.07368715307514
102037,Cafe Kitchen 702,1,1.0,3.0,Good,206.0,28.597411128082864,77.24510380090452
102038,Tasty Express 507,1,3.0,3.6,Good,1396.0,28.630247687543015,77.22534079032265
102039,Spice Kitchen 223,1,2.0,3.8,Good,81.0,28.616976442659183,77.21637663792252
102040,Cafe Bites 830,1,1.0,3.7,Good,617.0,28.56796306185035,77.2803355546214
102041,McDonald's,9,2.0,2.9,Average,87.0,13.018508769911831,80.25409372804552
102042,Curry Lounge 299,5,1.0,3.3,Good,723.0,19.09061770849816,72.90213820965721
102043,Cafe Studio 201,4,3.0,3.7,Good,550.0,28.40206564273909,77.35889746249323
102044,Pizza Hut,1,2.0,0.0,Not rated,53.0,28.670299859334833,77.24555073430403
102045,House Garden 941,10,2.0,2.9,Average,122.0,22.56026053908439,88.33721623032889
102046,Tasty Restaurant 938,7,1.0,2.3,Average,506.0,18.560413081384368,73.95522934964076
102047,Urban Cafe 9,1,1.0,3.3,Good,18.0,28.63293433304226,77.26746891214688
102048,Grill House 868,6,4.0,2.5,Average,89.0,13.000356247993501,77.63169936650061
102049,Cafe Coffee Day,4,3.0,3.2,Good,395.0,28.42403443663222,77.28257494293753
102050,Haldiram's,1,1.0,1.3,Poor,81.0,28.629801617225354,77.24329198616638
102051,Spice Restaurant 574,3,1.0,2.1,Average,169.0,28.45528499291715,77.31009990568351
102052,Kitchen Kitchen 882,3,1.0,2.4,Average,11.0,28.527208058949455,77.3828725933385
102053,Spice Point 443,1,2.0,3.9,Good,72.0,28.590673360219952,77.21273340130692
102054,Tasty Bites 326,12,2.0,3.6,Good,464.0,23.066972884279,72.55567784513485
102055,Tasty House 446,9,2.0,0.0,Not rated,35.0,13.047641388223747,80.32611559919525
102056,House Hub 487,6,2.0,3.7,Good,39.0,12.961790185465304,77.59823143350577
102057,Haldiram's,3,3.0,4.0,Very Good,818.0,28.563530300292285,77.35735732875632
102058,Kitchen House 158,2,1.0,2.9,Average,324.0,28.470033788730756,77.0529595671597
102059,House Hub 138,6,1.0,2.1,Average,36.0,12.977455762123983,77.60854458449548
102060,The Belgian Waffle Co,4,2.0,3.1,Good,211.0,28.44772188524104,77.2564373821195
102061,Starbucks,1,4.0,3.5,Good,51.0,28.62300291014411,77.25582843485722
102062,House House 999,4,3.0,2.6,Average,131.0,28.389827299958355,77.32134510722946
102063,Urban Hub 658,8,2.0,3.4,Good,236.0,17.33963057252889,78.52118395687715
102064,Curry Restaurant 619,3,2.0,3.4,Good,69.0,28.552534561059005,77.40536840943592
102065,Cafe Hub 466,1,3.0,3.7,Good,513.0,28.586946350838485,77.19720989623306
102066,Grill Studio 394,8,1.0,3.2,Good,558.0,17.376560145007534,78.50154865417619
102067,Royal House 620,1,1.0,3.5,Good,270.0,28.651642501718246,77.20547351047045
102068,Barbeque Nation,1,5.0,3.5,Good,326.0,28.606155422606466,77.21917781350379
102069,Green Restaurant 514,1,3.0,0.0,Not rated,14.0,28.598351811345232,77.23004409456982
102070,Grill Cafe 376,2,1.0,2.7,Average,894.0,28.449713482580727,77.03174193256534
102071,Domino's Pizza,7,2.0,2.8,Average,148.0,18.511558108576466,73.87297885728412
102072,Bistro Express 116,4,1.0,3.9,Good,65.0,28.37420804744189,77.30477711711387
102073,Bistro Kitchen 146,1,1.0,1.7,Poor,157.0,28.672607534614517,77.18899981166246
102074,,10,4.0,4.2,Very Good,575.0,22.55337383597542,88.39101927057412
102075,Grill Cafe 91,10,1.0,2.6,Average,302.0,22.600053561078205,88.41465649947587
102076,House Restaurant 680,10,3.0,2.9,Average,43.0,22.536953929601964,88.34578751583427
102077,Urban Bites 649,1,1.0,3.2,Good,469.0,28.633133427103818,77.22003084407585
102078,Cafe Garden 628,3,2.0,2.2,Average,135.0,28.54142744964673,77.34168239586184
102079,Pizza Hut,14,1.0,2.5,Average,291.0,51.50827612254129,-0.0646349471692192
102080,Spice Studio 465,8,2.0,2.6,Average,58.0,17.391122783410616,78.52681088241859
102081,Curry Cafe 752,1,2.0,3.1,Good,658.0,28.628458578141256,77.1885668343548
102082,Kitchen Garden 297,1,2.0,2.7,Average,204.0,28.60595841819589,77.19664853717846
102083,Starbucks,3,1.0,4.0,Very Good,959.0,28.52930409971481,77.43332420341838
102084,Bistro Garden 745,11,1.0,4.2,Very Good,33.0,26.93261027694045,75.7934573171348
102085,The Food Corner 645,4,1.0,1.7,Poor,22.0,28.368931597642696,77.33994770875952
102086,Royal Cafe 53,3,1.0,3.4,Good,140.0,28.490129536052216,77.35648281054182
102087,The Food Restaurant 640,1,2.0,3.8,Good,1300.0,28.620163111902478,77.22919192332822
102088,Barbeque Nation,6,2.0,3.6,Good,2311.0,12.901257859187174,77.58939949725851
102089,Haldiram's,9,2.0,2.8,Average,54.0,13.023800613837338,80.28115971614723
102090,Cafe Coffee Day,2,2.0,3.0,Good,186.0,28.522683633191953,77.01268709248423
102091,Cafe Garden 282,8,1.0,0.0,Not rated,109.0,17.439228856432994,78.47931590533209
102092,Spice Restaurant 115,13,1.0,2.7,Average,400.0,25.184823313913643,55.27443570617471
102093,Cafe Restaurant 155,1,1.0,2.2,Average,441.0,28.64887127087348,77.18852033000073
102094,Kitchen Hub 268,4,3.0,3.3,Good,46.0,28.44508299629146,77.39719063722592
102095,Green Studio 186,1,2.0,2.2,Average,158.0,28.630388191145812,77.17208258233599
102096,Spice Express 87,8,1.0,2.9,Average,13.0,17.382237614130425,78.50419489887935
102097,Cafe Hub 858,5,1.0,2.2,Average,402.0,19.09792568598859,72.8882956561064
102098,Tasty House 244,5,3.0,3.5,Good,127.0,19.103929592883514,72.90433216756615
102099,Bistro Bites 172,8,2.0,2.8,Average,36.0,17.40747382225437,78.39918052966651
102100,Starbucks,2,2.0,3.4,Good,288.0,28.405273296339523,76.96755710991538
102101,Spice Bites 271,11,1.0,3.7,Good,127.0,26.983557367780133,75.76810425064502
102102,Urban Corner 172,4,1.0,4.0,Very Good,1050.0,28.49301646841424,77.35000856378463
102103,Curry Garden 488,1,4.0,2.0,Average,45.0,28.54707818835957,77.19975881405301
102104,Grill Point 389,6,3.0,2.9,Average,2742.0,12.989483837181703,77.58393182439424
102105,Tasty Studio 269,8,1.0,2.8,Average,485.0,17.45660027942501,78.4872525594536
102106,Burger King,1,3.0,3.7,Good,1015.0,28.64897986308129,77.17956474426074
102107,Barbeque Nation,10,2.0,2.1,Average,39.0,22.608052647794842,88.38035207427463
102108,Kitchen Lounge 700,11,1.0,2.4,Average,1427.0,26.862051864660938,75.7940197336422
102109,Urban Lounge 653,1,1.0,3.1,Good,39.0,28.64158831631887,77.22658417443648
102110,Tasty Cafe 941,14,1.0,3.1,Good,136.0,51.515771884429995,-0.07473374647093639
102111,The Food Express 277,1,1.0,3.2,Good,929.0,28.64119481107662,77.20094376614385
102112,Urban Garden 671,1,2.0,3.5,Good,366.0,28.577656563706057,77.21285613925801
102113,Curry Bites 768,1,1.0,3.2,Good,38.0,28.5763978220545,77.1745096242897
102114,House Cafe 789,11,,3.5,Good,803.0,26.90741044593969,75.74345640783915
102115,Pizza Hut,6,4.0,3.6,Good,303.0,12.958328468827228,77.59434045307074
102116,Royal Express 561,1,1.0,3.4,Good,113.0,28.608389697686746,77.21260220699938
102117,Domino's Pizza,3,2.0,1.7,Poor,19.0,28.518716401138615,77.41512904021477
102118, Spice House 101 ,5,3.0,0.0,Not rated,155.0,19.06896440534961,72.89783733119107
102119,House Studio 360,1,3.0,2.0,Average,113.0,28.590586573011173,77.21790241101627
102120,Cafe Coffee Day,10,2.0,2.5,Average,189.0,22.570910346600016,88.42287057812592
102121,Spice Corner 635,8,1.0,0.0,Not rated,12.0,17.335175285863734,78.47577715486247
102122,Biryani Blues,3,2.0,3.6,Good,117.0,28.553493685529002,77.38436271034209
102123,Green Cafe 654,13,2.0,1.3,Poor,218.0,25.213919024826026,55.280713716208766
102124,KFC,2,4.0,3.6,Good,2074.0,28.41533600579899,76.98516334989225
102125,Biryani Blues,14,1.0,0.0,Not rated,69.0,51.55382255551791,-0.10372180727446721
102126,The Belgian Waffle Co,6,3.0,4.0,Very Good,1318.0,12.942660259420597,77.59710057845056
102127,House Cafe 823,5,1.0,2.5,Average,417.0,19.117613291127963,72.88085777444424
102128,Urban Restaurant 189,1,4.0,3.4,Good,,28.62542985378426,77.22799798244787
102129,Curry Bites 959,10,2.0,2.8,Average,47.0,22.607619700741314,88.37705675001156
102130,Barbeque Nation,3,2.0,2.9,Average,50.0,28.541666626152477,77.4053863901621
102131,The Food House 709,1,2.0,2.5,Average,337.0,28.63373932400757,77.19536116247116
102132,Kitchen Garden 166,1,1.0,2.4,Average,79.0,28.64853613956227,77.26393159873996
102133,The Food Corner 392,5,1.0,3.3,Good,86.0,19.14275164165305,72.82652457238228
102134,Spice Garden 979,4,1.0,3.1,Good,142.0,28.446511886958863,77.29380468663075
102135,Royal Studio 72,7,1.0,3.3,Good,151.0,18.53608800498921,73.83736245125078
102136,Green Cafe 403,10,1.0,3.1,Good,548.0,22.525402053058976,88.33867632949018
102137,Barbeque Nation,1,2.0,3.7,Good,107.0,28.529345799300717,77.14786901543289
102138,Haldiram's,7,2.0,0.0,Not rated,245.0,18.51583562961581,73.9142419362906
102139,Green Cafe 659,1,1.0,1.9,Poor,236.0,28.588893147327006,77.23148756765734
102140,Barbeque Nation,10,3.0,2.8,Average,20.0,22.548879664430586,88.34180279487578
102141,Urban Corner 75,9,2.0,3.0,Good,251.0,13.079814883635361,80.29510114371377
102142,Starbucks,4,4.0,3.6,Good,7.0,28.432097786931912,77.31218161938088
102143,Curry Corner 919,6,2.0,2.8,Average,54.0,12.949868647115487,77.58441505241919
102144,House Bites 1,1,1.0,0.0,Not rated,160.0,28.64523172586413,77.17539699892171
102145,House House 273,3,2.0,4.5,Excellent,239.0,28.53667226854991,77.3916034269165
102146,Pizza Hut,9,2.0,3.3,Good,20.0,13.084016432409866,80.2485692618532
102147,Cafe Corner 528,3,1.0,3.1,Good,43.0,28.60112487560775,77.35697353103126
102148,Curry Studio 447,2,1.0,0.0,Not rated,3.0,28.465733836864644,77.06004578615597
102149,Bistro Kitchen 554,3,1.0,1.8,Poor,24.0,28.53360502415055,77.36222048529969
102150,Burger King,9,1.0,0.0,Not rated,185.0,13.10103657022909,80.319858864874
102151,Curry Kitchen 581,2,1.0,3.6,Good,99.0,28.522400068064336,77.00158718039036
102152,Kitchen Express 699,1,2.0,2.8,Average,206.0,28.612263969304266,77.156396333675
102153,Spice Bites 982,7,1.0,2.2,Average,148.0,18.535791531033126,73.87507692262356
102154,Kitchen Lounge 874,9,2.0,3.1,Good,185.0,13.078909981658477,80.25506286093605
102155,Urban Studio 779,1,2.0,3.2,Good,653.0,28.61029357964083,77.15367135375647
102156,House Point 181,1,1.0,2.4,Average,118.0,28.59674676359104,77.21791489365035
102157,Tasty Bites 196,1,1.0,4.4,Very Good,739.0,28.594297063912244,77.16329317469103
102158,Tasty Kitchen 646,2,1.0,2.7,Average,7.0,28.518862021375252,76.95697851570303
102159,Curry Kitchen 907,3,1.0,2.3,Average,599.0,28.51611584418455,77.4146962757999
102160,Bistro Point 144,7,1.0,2.9,Average,33.0,18.466477566081128,73.90881482352007
102161,Domino's Pizza,6,1.0,3.6,Good,51.0,12.975989237402946,77.58078537481259
102162,Cafe Point 501,5,2.0,3.2,Good,75.0,19.111623605026605,72.92010734779451
102163,Grill Bites 316,2,2.0,3.5,Good,753.0,28.502988064333255,77.05467149352206
102164,Curry Corner 38,9,1.0,2.4,Average,50.0,13.040893716272963,80.29405329588403
102165,Kitchen Restaurant 44,3,1.0,4.0,Very Good,95.0,28.57444647053771,77.38506035889978
102166,Green Bites 684,13,2.0,3.6,Good,59.0,25.27686285958544,55.249935349745414
102167,House Lounge 153,5,3.0,4.1,Very Good,305.0,19.052054594729594,72.88974426969916
102168,Green Kitchen 38,1,2.0,3.4,Good,481.0,28.607807701877366,77.23168052551969
102169,Curry Bites 20,6,2.0,3.7,Good,1710.0,12.928495558713546,77.55047806794556
102170,Cafe Corner 249,2,1.0,2.4,Average,3064.0,28.524379484020074,77.01524980290547
102171,Royal Corner 177,6,1.0,2.7,Average,367.0,12.919366474011408,77.58797330841274
102172,The Food Kitchen 468,1,3.0,4.3,Very Good,366.0,28.599907412270223,77.19912324565537
102173,Cafe Kitchen 838,1,1.0,4.0,Very Good,47.0,28.64136410072113,77.18537126789322
102174,Urban Studio 610,10,4.0,2.9,Average,1853.0,22.548659545330363,88.31725793531108
102175,Green Kitchen 824,1,2.0,3.4,Good,248.0,28.579280936788347,77.19835083805364
102176,Pizza Hut,9,2.0,2.9,Average,118.0,13.08087156993009,80.26097972939678
102177,Bistro Bites 412,1,1.0,2.5,Average,253.0,28.697555464995602,77.19245337189673
102178,House Cafe 559,6,2.0,3.4,Good,85.0,12.962639979444587,77.61732663064257
102179,Subway,6,2.0,3.9,Good,11.0,12.964352478914336,77.5466982859886
102180,Cafe Hub 344,4,1.0,3.3,Good,380.0,28.369855421985047,77.3276137623606
102181,Cafe Coffee Day,1,1.0,2.8,Average,892.0,28.627378342403706,77.14621944035764
102182,Burger King,1,3.0,3.7,Good,407.0,28.644830319098755,77.20668138220132
102183,Pizza Hut,1,2.0,3.0,Good,172.0,28.592679356036047,77.13005395353116
102184,Curry Point 948,1,1.0,3.3,Good,,28.632650606326436,77.17785498593453
102185,Royal Kitchen 811,6,1.0,3.9,Good,263.0,12.950651518545975,77.59383181912466
102186,,12,2.0,1.8,Poor,159.0,22.95621975000837,72.52152458789419
102187,Barbeque Nation,10,2.0,3.7,Good,188.0,22.58860776212648,88.31425123809737
102188,Domino's Pizza,8,2.0,2.2,Average,150.0,17.45760340546969,78.52106630611058
102189,KFC,8,2.0,4.0,Very Good,1515.0,17.34314362750328,78.43085482485957
102190,Cafe Garden 427,6,1.0,2.6,Average,287.0,12.977878294238012,77.5904407796859
102191,Curry Restaurant 130,1,2.0,2.4,Average,174.0,28.6597414302361,77.26066143692974
102192,The Belgian Waffle Co,11,1.0,3.5,Good,443.0,26.908830496110966,75.79228476825689
102193,Curry House 245,6,4.0,3.8,Good,473.0,12.921660806692623,77.59561302024325
102194,Cafe Restaurant 39,5,2.0,2.6,Average,520.0,,72.85272587074574
102195,Bistro Studio 627,1,1.0,2.2,Average,56.0,28.666062599353516,77.18414551764955
102196,House Garden 357,3,1.0,2.9,Average,93.0,28.517771292750655,77.3851278843739
102197,Grill Point 197,3,3.0,2.6,Average,57.0,28.543628499926683,77.32112066985063
102198,Haldiram's,10,1.0,2.3,Average,389.0,22.53572653154253,88.39934527935482
102199,Cafe Express 884,4,1.0,3.1,Good,436.0,28.405418445917423,77.32506495856121
102200,Grill Lounge 225,2,2.0,2.6,Average,32.0,28.473034203880538,76.96542738781409
102201,House Bites 214,13,1.0,3.3,Good,303.0,25.209204848129048,55.306710850201405
102202,Green Kitchen 816,1,3.0,4.4,Very Good,1317.0,28.598797591691373,77.23277352281202
102203,Barbeque Nation,2,1.0,2.9,Average,126.0,28.475004744714067,77.04196811128051
102204,Royal Bites 945,1,2.0,3.3,Good,275.0,28.637332414496925,77.28726920565028
102205,The Belgian Waffle Co,7,1.0,4.3,Very Good,577.0,18.546145964836086,73.86007176789897
102206,Green House 258,11,1.0,2.2,Average,28.0,26.902147497772237,75.84085564255578
102207,Curry Corner 107,1,3.0,4.2,Very Good,274.0,28.59216468313139,77.20989289914087
102208,Grill Hub 162,10,2.0,3.9,Good,1041.0,22.641309165407698,88.37973491336263
102209,Curry Lounge 119,1,1.0,3.6,Good,94.0,28.618716845641973,77.18963300818383
102210,Subway,11,1.0,3.8,Good,587.0,26.903387944058924,75.7213137139881
102211,Cafe Cafe 334,7,2.0,3.4,Good,196.0,18.468702128752234,73.79276953628349
102212,Bistro Bites 920,8,2.0,2.8,Average,71.0,17.352363179807824,78.48374435188502
102213,Urban Express 234,1,4.0,4.3,Very Good,205.0,28.59141886265456,77.20069601808218
102214,Starbucks,13,4.0,4.3,Very Good,120.0,25.220179473099172,55.22950104326715
102215,Green House 913,7,2.0,3.9,Good,69.0,18.507932045966772,73.8469991783435
102216,Barbeque Nation,1,1.0,3.0,Good,126.0,28.614431905372204,77.22475474719585
102217,Spice House 149,9,2.0,2.7,Average,177.0,13.032536253632049,80.31588216941643
102218,BIRYANI BLUES,1,2.0,3.3,Good,151.0,28.663055009369057,77.18477502929888
102219,Tasty Express 140,10,1.0,3.6,Good,142.0,22.546787849943506,88.37765208566512
102220,Green Bites 368,1,1.0,3.7,Good,269.0,28.622129288592248,77.26987301287693
102221,Green Express 131,6,1.0,2.7,Average,316.0,12.953030398682753,77.62085009885956
102222,Biryani Blues,4,1.0,3.2,Good,43.0,28.39776537603613,77.29086872607573
102223,McDonald's,1,1.0,2.1,Average,104.0,28.586108401143647,77.21254892262421
102224,Barbeque Nation,1,2.0,3.8,Good,17.0,28.62427061366452,77.2154670669403
102225,Royal Express 226,1,3.0,2.9,Average,139.0,28.579588022434667,77.231311121753
102226,Cafe Hub 809,3,2.0,3.7,Good,245.0,28.546498914990803,77.39236718512421
102227,Cafe Hub 592,1,1.0,2.3,Average,304.0,28.609741107670136,77.22592706431452
102228,Green Kitchen 422,5,1.0,3.7,Good,246.0,19.098050693683525,72.91338901501881
102229,Curry Point 606,1,2.0,3.4,Good,377.0,28.639403851056155,77.17218627012952
102230,Curry Garden 15,1,1.0,2.5,Average,169.0,28.60278468912007,77.16277883516024
102231,Bistro Point 254,7,2.0,3.6,Good,85.0,18.53321109907847,73.87800892743728
102232,Cafe Point 914,1,4.0,3.2,Good,45.0,28.598210123401255,77.20363532578192
102233,Royal Cafe 920,11,1.0,3.5,Good,139.0,26.958462721498947,75.81750888383318
102234,Domino's Pizza,9,1.0,2.8,Average,63.0,13.070135693217123,80.30876859599053
102235,Barbeque Nation,6,2.0,2.1,Average,123.0,12.964537802463298,77.52983601129289
102236,Grill Corner 436,5,4.0,3.0,Good,94.0,19.059591671070834,72.84840376791402
102237,Curry Restaurant 842,10,3.0,3.1,Good,300.0,22.54694232986722,88.35951999210543
102238,Barbeque Nation,1,3.0,4.3,Very Good,246.0,28.685079426245455,77.17317014306967
102239,Grill Corner 710,1,1.0,3.6,Good,347.0,28.63092440607986,77.19244623482705
102240, Green Hub 368 ,1,4.0,4.7,Excellent,440.0,28.616283050880117,77.16424625018985
102241,House Kitchen 17,8,1.0,4.1,Very Good,177.0,17.36833226729223,78.47134919392151
102242,The Food Hub 721,1,1.0,2.7,Average,140.0,28.652858911609435,77.1751888920109
102243,Cafe Restaurant 598,5,3.0,3.3,Good,348.0,19.056902577599573,72.88976183837424
102244,Barbeque Nation,15,3.0,3.1,Good,3787.0,1.356327271677301,103.85138470582308
102245,Royal Restaurant 416,10,1.0,2.6,Average,46.0,22.649703304309774,88.3782060886914
102246,Pizza Hut,4,1.0,1.8,Poor,140.0,28.375396147297835,77.40872108487359
102247,Bistro Bites 2,1,1.0,3.0,Good,39.0,28.63278510590572,77.24186023302732
102248,Urban House 915,9,1.0,2.2,Average,142.0,13.092799081261674,80.30224724244947
102249,Grill Corner 304,5,1.0,3.0,Good,74.0,19.094485574173405,72.87482640934917
102250,The Food Restaurant 969,1,4.0,0.0,Not rated,77.0,28.603928374088035,77.19825998529099
102251,Cafe Point 807,1,2.0,2.9,Average,206.0,28.593171048732977,77.25355876477609
102252,Cafe Express 754,11,3.0,3.5,Good,105.0,26.920327253551964,75.77844395152749
102253,Grill Bites 373,6,3.0,4.0,Very Good,23.0,12.955638974841785,77.59582224337439
102254,Urban House 375,9,2.0,3.4,Good,1129.0,13.001092670792008,80.26467356815678
102255,Spice Express 376,10,3.0,3.6,Good,567.0,22.543743690427323,88.38279852945969
102256,Haldiram's,5,2.0,3.0,Good,147.0,19.064916655030526,72.9089034791526
102257,Grill Restaurant 793,4,1.0,2.8,Average,54.0,28.371175279616818,77.35505146430773
102258,Pizza Hut,3,2.0,2.6,Average,177.0,28.54078453857722,77.38036867050229
102259,KFC,1,2.0,3.7,Good,319.0,28.587384133809845,77.21537559500443
102260,Bistro Cafe 893,3,3.0,2.3,Average,390.0,28.533979638590374,77.40259780689898
102261,Green Restaurant 780,8,4.0,4.2,Very Good,666.0,17.460875544025523,78.53794709147817
102262,Pizza Hut,5,1.0,2.1,Average,531.0,19.118945090076984,72.81518471452068
102263,Grill Bites 434,10,2.0,3.8,Good,23.0,22.59330221791761,88.36430059085109
102264,Urban Express 354,3,1.0,2.8,Average,113.0,28.59882301154574,77.36849259693538
102265,Grill Lounge 850,5,3.0,2.6,Average,551.0,19.073459492744252,72.85906150106099
102266,Starbucks,5,1.0,3.4,Good,59.0,19.073815726365765,72.84793285935584
102267,Grill Garden 463,5,1.0,3.6,Good,912.0,19.03905413067733,72.89656924495655
102268,House Restaurant 829,6,1.0,2.7,Average,1567.0,13.016335430961751,77.50882420753379
102269,Urban Point 914,1,2.0,3.7,Good,900.0,28.68239474096747,77.20415405576728
102270,Urban Kitchen 401,4,1.0,1.5,Poor,286.0,28.440659337818186,77.25404598422618
102271,The Food Kitchen 112,1,3.0,2.5,Average,89.0,28.663718513242703,77.18476226984828
102272,KFC,2,1.0,3.8,Good,295.0,28.36369320303254,77.01911898566566
102273,Curry Hub 896,3,3.0,3.3,Good,34.0,28.617389372200332,77.37680253902474
102274,The Belgian Waffle Co,6,2.0,2.0,Average,52.0,12.967947988130339,77.61844018215827
102275,Burger King,12,1.0,2.5,Average,64.0,23.104958884932852,72.6151382786245
102276,Grill Hub 486,5,1.0,2.4,Average,164.0,19.136607765191503,72.94623558216388
102277,Curry Restaurant 661,7,2.0,3.1,Good,109.0,18.54743488938805,73.8564369814964
102278,Subway,3,2.0,3.0,Good,241.0,28.5234937643245,77.43163796255483
102279,Subway,5,2.0,3.3,Good,557.0,19.081538369440768,72.92893814085394
102280,Grill Bites 344,1,1.0,3.0,Good,71.0,28.54704914033722,77.19233073317298
102281,Kitchen Bites 662,1,2.0,4.1,Very Good,267.0,28.64647797937766,77.25215826769491
102282,Curry Cafe 682,2,4.0,3.9,Good,126.0,28.370074822714997,76.95045099154626
102283,Grill Studio 469,3,1.0,3.3,Good,235.0,28.525045889414105,77.40141969942302
102284,Royal Garden 176,1,1.0,3.8,Good,489.0,28.66791330913349,77.26519115023706
102285,Green Studio 381,1,1.0,2.7,Average,515.0,28.63912537074581,77.21247607400797
102286,Spice Hub 362,1,2.0,2.4,Average,352.0,28.56035298336005,77.20233636813313
102287,Royal Cafe 947,13,2.0,4.0,Very Good,364.0,25.15788930759362,55.26396009805253
102288,Haldiram's,2,1.0,3.1,Good,30.0,28.438589752525736,77.07799624800185
102289,Royal Restaurant 710,3,1.0,3.1,Good,46.0,28.538243152426126,77.33529122717555
102290,Royal Hub 244,1,1.0,2.6,Average,56.0,28.64457927885789,77.19531489127104
102291,Pizza Hut,5,1.0,2.6,Average,249.0,19.097144833762297,72.90718109643772
102292,Curry Garden 379,1,1.0,3.6,Good,39.0,28.57684360266038,77.22012618835099
102293,Haldiram's,1,4.0,4.2,Very Good,345.0,28.635555652810233,77.25054044781488
102294,House Express 353,4,2.0,3.7,Good,282.0,28.434286795506697,77.34167916333186
102295,Barbeque Nation,1,1.0,3.5,Good,17.0,28.63099820594914,77.1924843134272
102296,Royal Lounge 309,1,3.0,3.8,Good,53.0,28.700636462667955,77.22935126341136
102297,Domino's Pizza,1,2.0,3.3,Good,685.0,28.639321163574213,77.16281453129264
102298,Curry Hub 971,1,2.0,3.1,Good,425.0,28.647773803807944,77.13839834407779
102299,Kitchen Hub 5,1,1.0,3.8,Good,71.0,28.67955504250458,77.18759717785679
102300,Grill Lounge 340,2,1.0,2.8,Average,45.0,28.48925409860673,77.02939632661743
102301,The Food Studio 918,8,4.0,3.8,Good,9.0,17.365713051241208,78.45829299928161
102302,Cafe Bites 151,5,2.0,2.7,Average,1025.0,19.11949460049414,72.8838033139504
102303,Bistro Studio 347,4,1.0,2.6,Average,167.0,28.394851202656284,77.31984845941832
102304,Bistro Studio 922,1,2.0,3.0,Good,1834.0,28.57950870795527,77.1438961422805
102305,The Belgian Waffle Co,12,3.0,2.9,Average,134.0,22.991105784436314,72.55251122856352
102306,The Food Corner 412,2,1.0,3.5,Good,276.0,28.50259721311909,77.05953632378323
102307,Green Studio 366,1,2.0,2.3,Average,454.0,28.635608602045455,77.22602800456015
102308,Domino's Pizza,5,4.0,3.7,Good,1575.0,19.11312926204989,72.85332410490778
102309,Green Cafe 540,1,1.0,3.1,Good,333.0,28.635778179177194,77.23066158164504
102310,Cafe Coffee Day,2,2.0,2.0,Average,140.0,28.466109655249976,77.08803109803863
102311,KFC,3,2.0,2.9,Average,176.0,28.546630402243363,77.37614399960506
102312,Curry Bites 688,10,2.0,3.4,Good,51.0,22.593287746677724,88.38985024010613
102313,Grill House 200,3,1.0,3.3,Good,115.0,28.514412852171862,77.41142611627913
102314,Cafe Cafe 524,6,1.0,2.9,Average,181.0,12.92643949381269,77.57789154753057
102315,House Express 408,14,2.0,3.6,Good,1118.0,51.49042097277807,-0.1674479230440673
102316,Burger King,1,1.0,2.9,Average,,28.632944317263988,77.26677332852948
102317,Kitchen Corner 292,1,1.0,3.0,Good,657.0,28.5912256951344,77.2471018625056
102318,The Food Studio 896,2,1.0,3.2,Good,164.0,28.534036582640358,77.01686851646022
102319,Green Restaurant 910,2,1.0,3.6,Good,940.0,28.474944212584262,77.06907395810414
102320,Tasty Studio 296,2,4.0,3.2,Good,424.0,28.463682062146862,77.04602004672371
102321,Starbucks,11,1.0,,Average,349.0,26.891178193946118,75.82951744773099
102322,Tasty Restaurant 918,7,4.0,3.2,Good,618.0,18.552450795420317,73.7939622228042
102323,Cafe Cafe 89,5,1.0,2.8,Average,472.0,19.03358202208031,72.86340979599068
102324,Cafe Coffee Day,1,2.0,4.1,Very Good,838.0,28.624952000324125,77.26407035037114
102325,Grill Express 68,9,1.0,3.4,Good,2731.0,13.06745646120255,80.36351928984647
102326,Cafe House 91,13,3.0,2.7,Average,1230.0,25.20903253749624,55.25715791252791
102327,The Belgian Waffle Co,9,3.0,3.0,Good,312.0,13.099719561734318,80.25644857050165
102328,Tasty Hub 570,1,1.0,3.2,Good,104.0,28.57380181869561,77.23290716951864
102329,Cafe Hub 205,5,3.0,2.8,Average,263.0,19.017517379557148,72.88974911560312
102330,Burger King,1,1.0,,Average,14.0,28.581292152521943,77.22766485549975
102331,Curry Corner 843,1,2.0,4.1,Very Good,625.0,28.644673460972005,77.13332004404647
102332,Cafe Garden 506,1,4.0,3.2,Good,48.0,28.62695966870162,77.20064406763252
102333,Curry Point 28,5,3.0,4.0,Very Good,882.0,19.061898453570677,72.90588721899161
102334,Royal Garden 308,6,4.0,4.4,Very Good,2816.0,13.040485148511145,77.51219681051973
102335,House Studio 128,1,1.0,2.5,Average,25.0,28.658878442735258,77.15239082739252
102336,The Food House 184,2,1.0,2.4,Average,143.0,28.496021169473064,76.96451340727373
102337,Bistro Bites 251,3,1.0,2.8,Average,44.0,28.51015281132321,77.4137753558117
102338,Cafe Coffee Day,2,2.0,2.5,Average,17.0,28.495632166705853,76.99406352169204
102339,Urban Cafe 764,1,3.0,3.5,Good,170.0,28.62582478539336,77.16696638592543
102340,Curry Cafe 447,2,1.0,2.9,Average,376.0,28.434220728672724,77.02852435154868
102341,House Bites 488,7,2.0,3.4,Good,488.0,18.516756476124847,73.81327998236452
102342,Urban Express 525,1,1.0,3.9,Good,257.0,28.57755478650429,77.22480589383413
102343,Spice Garden 167,1,1.0,3.5,Good,24.0,28.588928038867934,77.29348744256968
102344,Royal Express 473,2,2.0,3.5,Good,226.0,28.41945384905761,77.01369554644421
102345,Royal Express 168,12,2.0,1.9,Poor,21.0,23.055979394544813,72.50339406133362
102346,Pizza Hut,6,3.0,3.7,Good,34.0,12.969117596268939,77.5787486523031
102347,Kitchen Corner 297,6,1.0,4.1,Very Good,63.0,12.938644040657802,77.61174865950605
102348,House Kitchen 527,2,3.0,1.4,Poor,454.0,28.477608101524932,77.0402507340642
102349,The Belgian Waffle Co,5,1.0,3.4,Good,375.0,19.07605261607416,72.90704533512564
102350,KFC,1,1.0,2.9,Average,254.0,28.650667691844337,77.18821719142831
102351,Royal Lounge 331,5,2.0,2.6,Average,54.0,19.08066678481255,72.86789880749886
102352,House Garden 278,11,3.0,3.9,Good,130.0,26.862098430808054,75.70148189978543
102353,Bistro Express 99,5,1.0,4.1,Very Good,40.0,19.05861397180669,72.89919179602735
102354,Kitchen Hub 14,10,1.0,3.5,Good,1069.0,22.53209817899159,88.3180440673539
102355,Cafe Coffee Day,7,2.0,3.0,Good,2715.0,18.540105276660885,73.86370206950076
102356,Curry House 349,1,1.0,0.0,Not rated,180.0,28.651856129288056,77.17850660948756
102357,Royal Kitchen 224,11,3.0,3.5,Good,485.0,26.858360654273245,75.78425964662821
102358,Subway,1,3.0,4.0,Very Good,177.0,28.609542638120217,77.24254495782147
102359,Grill Cafe 707,4,1.0,2.7,Average,21.0,28.44924628118809,77.30249855124549
102360,Grill Lounge 730,1,2.0,3.0,Good,60.0,28.559331402898184,77.18311196075311
102361,Urban House 472,1,3.0,5.0,Excellent,151.0,28.598674446157556,77.20909030152643
102362,Urban Hub 946,2,1.0,3.7,Good,125.0,28.45949196054517,77.00411301555833
102363,Pizza Hut,1,2.0,3.9,Good,98.0,28.651260525464913,77.17603643957546
102364,Kitchen Hub 837,3,1.0,2.1,Average,151.0,28.5545641231302,77.45633062707738
102365,Cafe Lounge 782,5,2.0,2.7,Average,56.0,19.102216217925704,72.81278042396029
102366,Royal Restaurant 312,1,1.0,3.0,Good,2616.0,28.634986099330188,77.231885034571
102367,KFC,1,3.0,2.7,Average,29.0,28.600840397721118,77.2042540045861
102368,Starbucks,5,1.0,4.0,Very Good,657.0,19.13351924982118,72.84879578729301
102369,Subway,2,1.0,3.9,Good,153.0,28.436018177708764,77.03875903101073
102370,Green Hub 81,7,3.0,3.1,Good,317.0,18.42315562564142,73.85790417111315
102371,Urban Kitchen 20,6,1.0,4.2,Very Good,428.0,12.908581063058627,77.64081855277523
102372,Tasty Corner 202,9,1.0,3.0,Good,211.0,13.078608818002248,80.23099242385787
102373,The Belgian Waffle Co,6,1.0,4.7,Excellent,61.0,12.95999593379998,77.57653512622997
102374,Spice Studio 122,3,1.0,3.1,Good,117.0,28.51672724163367,77.42640608450309
102375,Spice Kitchen 309,6,3.0,3.8,Good,256.0,12.976857153259273,77.58742633625054
102376,Urban Kitchen 943,1,2.0,4.1,Very Good,253.0,28.655914977801324,77.2281363577384
102377,Cafe Point 190,1,1.0,3.8,Good,57.0,28.629790985936747,77.25151810303672
102378,Spice Kitchen 150,8,2.0,3.5,Good,976.0,17.40769925712512,78.50637671169095
102379,The Food Cafe 357,3,2.0,3.1,Good,7.0,28.497707434796595,77.36961037796482
102380,Grill Restaurant 628,8,3.0,3.7,Good,148.0,17.366819278376212,78.4744152947606
102381,Cafe Kitchen 102,9,1.0,0.0,Not rated,28.0,13.107212450495998,80.31351495843734
102382,Spice Lounge 223,10,2.0,3.3,Good,233.0,22.576380422098293,88.36933242284792
102383,The Food Hub 924,11,2.0,2.5,Average,556.0,26.929097174604436,75.7801696469009
102384,Spice Restaurant 102,3,2.0,2.0,Average,24.0,28.556980335777133,77.40442634926157
102385,Grill Restaurant 487,1,2.0,3.2,Good,3449.0,28.619716652486094,77.16405201736451
102386,Cafe Hub 451,5,1.0,3.8,Good,267.0,19.13136671618295,72.86941365054714
102387,Urban Hub 855,2,2.0,3.8,Good,334.0,28.440896238079393,77.02385125060556
102388,Tasty House 220,5,2.0,3.1,Good,29.0,19.047331793821023,72.87437909569947
102389,Tasty Kitchen 780,6,4.0,4.7,Excellent,238.0,12.909826091878744,77.58080063681889
102390,Urban Studio 113,6,1.0,2.6,Average,537.0,12.997801115185021,77.58379198886463
102391,Curry Express 722,2,2.0,2.0,Average,181.0,28.43954810084641,77.0226111230718
102392,Bistro Corner 85,1,4.0,2.2,Average,174.0,28.65821020718237,77.26010972133102
102393,Urban House 291,3,2.0,2.4,Average,143.0,28.54417833561613,77.31389165866992
102394,Bistro Garden 704,1,3.0,3.9,Good,37.0,28.602040849761007,77.23346405001116
102395,Curry Point 568,10,3.0,3.0,Good,30.0,22.535687676442507,88.36086321558165
102396,Tasty Point 878,2,1.0,3.3,Good,802.0,28.489127905549935,77.02443694845041
102397,Barbeque Nation,1,2.0,4.3,Very Good,698.0,28.61201394003595,77.19478317300874
102398,Kitchen Hub 14,1,1.0,2.3,Average,541.0,28.623273078272533,77.2265632734868
102399,Curry Bites 108,6,2.0,3.5,Good,69.0,12.992755446826198,77.62785724607781
102400,Grill Bites 693,5,1.0,3.4,Good,156.0,19.085301353855996,72.81133310688821
102401,McDonald's,2,2.0,2.6,Average,743.0,28.429756356811943,77.09988788114632
102402,Bistro Cafe 105,1,2.0,4.1,Very Good,47.0,28.632144381213845,77.21404425947932
102403,Royal Kitchen 373,2,1.0,2.8,Average,684.0,28.488207025962147,77.03043901177105
102404,Kitchen Point 610,1,1.0,2.8,Average,80.0,28.62650801626641,77.16020244307164
102405,Tasty Kitchen 239,6,4.0,5.0,Excellent,92.0,12.993732193073125,77.57461489412965
102406,Bistro Studio 286,5,1.0,3.3,Good,178.0,19.101394050962863,72.92526734326488
102407,Cafe Cafe 280,2,1.0,3.6,Good,49.0,28.44563780012413,77.02900368071182
102408,House House 365,1,1.0,3.9,Good,19.0,28.598725494932673,77.22355152938681
102409,Cafe House 497,14,4.0,3.2,Good,200.0,51.58533754386335,-0.1439417070294245
102410,Royal Studio 111,3,4.0,4.4,Very Good,462.0,28.5819015987167,77.45997685567777
102411,Barbeque Nation,6,2.0,2.9,Average,778.0,12.969912793949312,77.58923586681045
102412,House Hub 31,1,3.0,3.0,Good,371.0,28.637799013452835,77.24856788039624
102413,Domino's Pizza,3,1.0,2.8,Average,1944.0,28.502681030920613,77.3857055262239
102414,Curry Bites 28,1,4.0,3.2,Good,997.0,28.59293915581477,77.22116377396888
102415,Tasty Cafe 696,3,1.0,3.5,Good,489.0,28.491858162193896,77.40332698660836
102416,The Food Cafe 639,13,1.0,3.2,Good,326.0,25.214798148355992,55.30315987237906
102417,KFC,2,1.0,2.7,Average,758.0,28.469907780887322,77.05245698664322
102418,Grill Studio 812,1,2.0,3.6,Good,12.0,28.65183391368673,77.19240758301291
102419,The Food Bites 510,1,3.0,3.2,Good,99.0,28.606478812298676,77.24956634943669
102420,The Food Lounge 352,2,1.0,2.8,Average,16.0,28.49683057671375,76.99194515234605
102421,Grill Lounge 19,1,4.0,3.6,Good,455.0,28.63675196649138,77.16757591620132
102422,Spice House 902,1,1.0,3.3,Good,73.0,28.699973092182617,77.19880036933394
102423,Tasty Studio 323,7,1.0,3.3,Good,8107.0,18.578749059120327,73.87046904209632
102424,Curry Studio 37,3,2.0,3.0,Good,91.0,28.587725485470905,77.35522096187971
102425,Haldiram's,1,2.0,3.8,Good,237.0,28.64314889158353,77.20627595091341
102426,The Food Restaurant 169,11,3.0,3.3,Good,112.0,26.881102111396686,75.7388332439586
102427,Royal Garden 733,1,2.0,2.8,Average,90.0,28.624147790610113,77.19956534520833
102428,Urban Cafe 692,13,2.0,2.2,Average,30.0,25.283464432831998,55.30481428776417
102429,Grill Bites 553,1,1.0,3.6,Good,40.0,28.631643415948272,77.17947420804799
102430,Curry Lounge 875,10,2.0,3.2,Good,11.0,22.543837750275323,88.32114168466481
102431,Domino's Pizza,5,4.0,3.7,Good,401.0,19.08775893137655,72.89095186942808
102432,Curry Cafe 995,9,1.0,3.7,Good,119.0,13.048063830807383,80.24313430516762
102433,House Express 785,14,3.0,3.1,Good,1996.0,51.47743320304596,-0.043000165302763155
102434,Kitchen Corner 29,1,2.0,2.3,Average,31.0,28.628351474173076,77.2157195528968
102435,Royal Express 358,13,1.0,3.0,Good,1102.0,25.230684107359156,55.30666195206642
102436,Cafe Corner 784,2,4.0,3.8,Good,1482.0,28.43157273104624,76.9805863880481
102437,Kitchen House 100,2,2.0,3.0,Good,859.0,28.43991552361222,77.04260790333859
102438,Kitchen House 360,2,1.0,4.0,Very Good,291.0,28.40957687180911,76.99138669288058
102439,Subway,4,1.0,1.4,Poor,80.0,28.404374709631238,77.31153121331229
102440,House Garden 607,1,1.0,3.7,Good,1001.0,28.54578904383987,77.18267052419512
102441,Starbucks,5,3.0,3.9,Good,78.0,19.06552992494196,72.91408967796383
102442,Cafe Coffee Day,4,2.0,3.5,Good,272.0,28.411685195722036,77.32904030647683
102443,McDonald's,8,3.0,1.2,Poor,110.0,17.32354737155979,78.4908093582933
102444,Pizza Hut,9,1.0,3.8,Good,68.0,13.04744597290365,80.31833716547443
102445,The Belgian Waffle Co,3,1.0,2.3,Average,211.0,28.53339679128191,77.39155528973563
102446,Cafe Lounge 924,1,1.0,0.0,Not rated,227.0,28.607019805453238,77.24506353825376
102447,Spice Restaurant 481,1,2.0,3.1,Good,55.0,28.608637297537204,77.27202086976008
102448,Kitchen House 585,1,4.0,3.9,Good,377.0,28.623980451365952,77.21390520726224
102449,Cafe Kitchen 828,1,,3.6,Good,12.0,28.55539109802976,77.21808372020884
102450,BISTRO BITES 211,2,1.0,3.6,Good,53.0,28.484303102354637,77.06000913138372
102451,Grill Bites 348,1,3.0,3.9,Good,119.0,28.60274454018233,77.25928644899385
102452,Cafe Coffee Day,13,3.0,3.6,Good,310.0,25.18393309442693,55.27528715836195
102453,Tasty Point 509,5,1.0,3.3,Good,551.0,19.01073005849083,72.85538980229063
102454,Urban Lounge 220,2,3.0,2.7,Average,180.0,28.45013479911413,77.05692987747972
102455,Spice Garden 588,5,1.0,2.5,Average,316.0,19.093921058980243,72.89770858852566
102456,Green Cafe 761,1,1.0,3.6,Good,162.0,28.618855024740142,77.23899339678763
102457,Bistro Cafe 98,3,1.0,3.5,Good,322.0,28.541478449899362,77.41545595274322
102458,The Food Kitchen 581,5,2.0,3.7,Good,315.0,19.06413347175719,72.88493682748755
102459,Curry House 215,3,1.0,2.7,Average,86.0,28.53338080173446,77.40026072613885
102460,Urban Bites 844,2,1.0,3.6,Good,127.0,28.42073885351592,
102461,The Food House 680,14,1.0,2.2,Average,309.0,51.50723318864574,-0.17853345873087936
102462,Green House 412,10,2.0,3.9,Good,2044.0,22.555411446846307,88.41043881557717
102463,Grill Studio 688,5,4.0,3.4,Good,859.0,19.03663202795191,72.89344925972266
102464,Royal Corner 643,5,3.0,4.5,Excellent,59.0,19.102415173374993,72.84808526157192
102465,Royal Cafe 512,5,1.0,2.0,Average,34.0,19.02087499666828,72.88417898923875
102466,Starbucks,1,1.0,,Very Good,113.0,28.632249995959604,77.2551506531919
102467,The Food Bites 546,2,1.0,2.8,Average,188.0,28.480050184988773,77.03675968805601
102468,Tasty Cafe 745,1,1.0,2.8,Average,177.0,28.595446640947067,77.1833780234779
102469,Grill Point 374,3,2.0,3.3,Good,876.0,28.571564313747157,77.34639276676712
102470,Green Hub 765,4,2.0,2.7,Average,822.0,28.389708096077023,77.40407126208216
102471,The Food House 421,1,2.0,3.2,Good,183.0,28.592509539247057,77.14813794256334
102472,Urban Bites 209,13,2.0,2.7,Average,122.0,25.162787566616608,55.28259197109301
102473,The Food Garden 662,11,1.0,2.5,Average,297.0,26.912104479301014,75.7667714870158
102474,The Belgian Waffle Co,7,1.0,0.0,Not rated,340.0,18.486846978980353,73.8931854035674
102475,Tasty Point 117,4,2.0,2.6,Average,318.0,28.381192381499133,77.27522923059215
102476,Domino's Pizza,10,1.0,2.5,Average,90.0,22.570311902716846,88.4201929708214
102477,The Food Studio 498,1,1.0,2.1,Average,66.0,28.613077241631313,77.20462283805703
102478,Tasty House 663,8,1.0,2.7,Average,40.0,17.428957677112425,78.47899497066436
102479,Green Hub 280,1,1.0,3.9,Good,270.0,28.646486149820365,77.19803573704634
102480,Cafe Coffee Day,8,1.0,2.5,Average,339.0,17.40428472844788,78.46595922356845
102481,The Food Bites 564,1,3.0,2.9,Average,426.0,28.60877076340357,77.19609546226944
102482,Domino's Pizza,10,3.0,3.5,Good,820.0,22.558459441603716,88.38904238922363
102483,Curry Corner 57,12,1.0,2.8,Average,1060.0,23.021569261683126,72.51113947256428
102484,Urban Express 617,1,1.0,4.4,Very Good,42.0,28.594430117516744,77.18278561680471
102485,Urban House 919,3,2.0,3.1,Good,295.0,28.51096744283635,77.44332987692947
102486,House Kitchen 407,14,1.0,3.2,Good,315.0,51.504642239839896,-0.13096509244762364
102487,Bistro Hub 242,3,1.0,3.6,Good,181.0,28.50475657420575,77.37096487728282
102488,Starbucks,10,1.0,3.6,Good,70.0,22.544007609864625,88.31928250624117
102489,Urban Lounge 681,5,1.0,3.2,Good,1107.0,19.109420593113764,72.83674185861216
102490,Grill Garden 509,2,3.0,3.3,Good,89.0,28.41121123178149,77.06097714529332
102491,Green Cafe 126,1,3.0,4.7,Excellent,16.0,28.577507783829503,77.18020839663153
102492,Kitchen Express 853,1,1.0,2.9,Average,174.0,28.6584645839282,77.23715868149135
102493,Tasty Restaurant 762,8,1.0,0.0,Not rated,66.0,17.371275127662717,78.4523819880249
102494,Burger King,2,1.0,2.6,Average,1626.0,28.50766091044589,77.02219888792874
102495,KFC,4,1.0,0.0,Not rated,166.0,28.368042220771123,77.31538192404436
102496,Cafe Coffee Day,3,4.0,4.1,Very Good,151.0,28.538082375976348,77.3646220497012
102497,The Food Cafe 58,5,2.0,1.7,Poor,102.0,19.103013952573956,72.88039349426616
102498,Kitchen Restaurant 972,10,2.0,3.2,Good,140.0,22.54089099628078,88.28984349192046
102499,Haldiram's,14,2.0,3.1,Good,2845.0,51.566001648549936,-0.1308979307568395
102500,House Point 987,2,3.0,4.9,Excellent,615.0,28.445837757596003,77.04218079657564
102501,Royal Express 487,9,3.0,2.2,Average,25.0,13.100518148283626,80.241477006627
102502,The Food Corner 661,8,1.0,2.4,Average,112.0,17.361268088559545,78.49415505327332
102503,Cafe Corner 862,5,1.0,2.9,Average,165.0,19.12820648474204,72.8830717116627
102504,Spice Restaurant 940,13,2.0,3.1,Good,44.0,25.215417589860007,55.277577710785195
102505,Green Garden 566,1,1.0,2.6,Average,17.0,28.687304796521957,77.1619313797694
102506,House Restaurant 372,1,4.0,3.5,Good,409.0,28.65516752039497,77.21233098485581
102507,House Kitchen 548,10,2.0,2.4,Average,55.0,22.601896151279238,88.30362023802616
102508,Curry House 9,3,4.0,3.8,Good,989.0,28.502070903504475,77.36896955253623
102509,Tasty Garden 309,9,1.0,1.5,Poor,126.0,13.085634893988264,80.27056490366552
102510,Subway,10,3.0,3.4,Good,105.0,22.56151629389637,88.3711920219369
102511,Royal Studio 647,1,1.0,2.6,Average,7.0,28.614817954045375,77.16667438002646
102512,House House 809,10,4.0,4.3,Very Good,1068.0,22.577770227230065,88.35395404213142
102513,KFC,3,1.0,4.1,Very Good,320.0,28.503975588553548,77.41880913942154
102514,Curry Studio 755,4,2.0,3.0,Good,99.0,28.403420313888095,77.28351088435517
102515,Kitchen Restaurant 433,5,3.0,4.3,Very Good,76.0,19.07262639091515,72.80232271528352
102516,Urban Hub 716,11,1.0,2.8,Average,1230.0,26.877042005688953,75.80583486674335
102517,Urban Express 431,1,2.0,2.6,Average,42.0,28.64191460141558,77.17602273169848
102518,Grill Restaurant 335,3,4.0,4.7,Excellent,159.0,28.54328698246467,77.3686316926739
102519,Spice Corner 657,6,1.0,3.3,Good,379.0,13.000063862347135,77.5991710685921
102520,House Studio 811,7,2.0,3.2,Good,1115.0,18.537452648909976,73.85940405163082
102521,Spice House 205,6,1.0,3.4,Good,145.0,12.911623107889252,77.63035389984329
102522,Kitchen Cafe 85,1,3.0,3.6,Good,79.0,28.58473431954283,77.20053548030694
102523,Subway,1,2.0,3.2,Good,159.0,28.6717623960239,77.21139068831053
102524,House Hub 868,2,1.0,2.1,Average,442.0,28.486978118526363,76.96734819637065
102525,Tasty Express 463,8,1.0,0.0,Not rated,369.0,17.328242626768652,78.50868751140712
102526,Bistro Hub 267,1,2.0,3.6,Good,35.0,28.6303503861385,77.18480156356993
102527,Biryani Blues,1,,2.9,Average,196.0,28.584782977755175,77.32208735361742
102528,The Food Point 87,13,1.0,3.6,Good,33.0,25.131422867911237,55.26332382900492
102529,Royal House 898,1,2.0,3.4,Good,574.0,28.67190231506587,77.22385382793779
102530,Cafe Point 22,15,1.0,2.4,Average,258.0,1.354736403628142,103.84211976783968
102531,Grill Bites 627,6,1.0,2.1,Average,45.0,12.979194243334314,77.59149642516482
102532,Urban Studio 204,9,2.0,3.1,Good,1211.0,13.038713010887314,80.28598660607328
102533,Royal Corner 411,1,1.0,2.7,Average,247.0,28.57354018762841,77.28794067364294
102534,Cafe Garden 153,1,1.0,3.2,Good,241.0,28.558192698161,77.18261865055221
102535,Pizza Hut,7,1.0,2.5,Average,124.0,18.569994162859274,73.77818559798811
102536,Biryani Blues,9,2.0,2.8,Average,165.0,13.025183497448197,80.22509867804054
102537,Starbucks,7,2.0,3.9,Good,131.0,18.576987473891226,73.8916041522742
102538,Curry Bites 507,1,2.0,3.3,Good,73.0,28.57936326858083,77.19223298345499
102539,Starbucks,7,1.0,2.5,Average,725.0,18.477424226129603,73.93831690900396
102540,Cafe Coffee Day,8,1.0,3.0,Good,94.0,17.383061968205944,78.51214896378677
102541,Curry House 134,6,1.0,3.9,Good,109.0,12.947652671991108,77.57174410298921
102542,Green Cafe 221,8,1.0,3.2,Good,154.0,17.388405343844216,78.45945190066213
102543,The Food Restaurant 694,9,4.0,4.0,Very Good,1287.0,13.051999521541228,80.2550806402496
102544,McDonald's,5,1.0,2.5,Average,641.0,19.065028103760067,72.80544318384581
102545,Royal Corner 298,1,1.0,3.7,Good,124.0,28.587356238917373,77.21872104985496
102546,Green Cafe 462,3,1.0,4.5,Excellent,1122.0,28.56564290032132,77.41527331081885
102547,Kitchen Cafe 701,1,2.0,2.7,Average,186.0,28.631841804698666,77.17514346988685
102548,Urban Corner 481,2,2.0,2.4,Average,53.0,28.468170172750366,76.97229479687854
102549,Pizza Hut,2,2.0,3.3,Good,102.0,28.49637415980154,76.99473055518817
102550,Tasty Bites 218,1,3.0,4.0,Very Good,1207.0,28.623111283351246,77.24390295487301
102551,Bistro House 754,2,2.0,3.1,Good,2405.0,28.46575797976753,77.05471273735475
102552,Urban Kitchen 571,1,1.0,2.3,Average,222.0,28.609701619618537,77.2165367997568
102553,Pizza Hut,8,1.0,2.9,Average,83.0,17.35993131481304,78.54416544719182
102554,Curry Express 621,12,2.0,3.6,Good,170.0,22.997508517559737,72.51228192475665
102555,Cafe Restaurant 767,1,2.0,2.9,Average,65.0,28.619049229429596,77.20170676119493
102556,Spice Garden 517,13,2.0,3.6,Good,91.0,25.240426737730537,55.29040756724488
102557,The Food House 688,4,2.0,4.0,Very Good,88.0,28.428862731038947,77.34544191802084
102558,Grill Corner 595,1,2.0,3.4,Good,172.0,28.63366163566197,77.23713142188552
102559,McDonald's,1,3.0,3.4,Good,221.0,28.575184535476723,77.23433711752878
102560,Kitchen Studio 136,3,2.0,3.7,Good,168.0,28.553799115189832,77.43718224488994
102561,Starbucks,8,3.0,2.8,Average,,17.371027738933225,78.51334089474386
102562,Royal Garden 120,6,1.0,2.4,Average,394.0,12.977750781930563,77.55419549294935
102563,Royal Studio 893,1,2.0,3.0,Good,130.0,28.633220520444006,77.19308070498506
102564,The Food Restaurant 370,1,3.0,3.1,Good,144.0,28.573432748005118,77.1496662387605
102565,The Food Garden 628,2,1.0,2.5,Average,125.0,28.46500913004214,77.06147101015075
102566,The Food Lounge 321,1,3.0,4.6,Excellent,1704.0,28.622169181678338,77.25081042768194
102567,Royal Express 755,1,2.0,4.6,Excellent,134.0,28.648852216723434,77.1662870345395
102568,Royal Lounge 874,1,1.0,2.8,Average,351.0,28.595809358901036,77.1957010514275
102569,House Studio 55,8,2.0,3.3,Good,73.0,17.382857498525713,78.42526012140637
102570,Domino's Pizza,12,1.0,2.9,Average,263.0,23.028448749871266,72.56716447391463
102571,Domino's Pizza,2,4.0,4.3,Very Good,458.0,28.441412492427737,76.99765513394641
102572,Royal Restaurant 479,11,3.0,4.2,Very Good,879.0,26.89367332859255,75.74643017266825
102573,Curry Corner 453,1,1.0,1.8,Poor,82.0,28.593822510401523,77.20813319528197
102574,Bistro Lounge 497,3,1.0,3.3,Good,46.0,28.531029693845277,77.45686469959632
102575,Urban Restaurant 888,1,2.0,2.4,Average,57.0,28.675048052650464,77.2368290564904
102576,Pizza Hut,6,1.0,,Very Good,740.0,12.968377360086063,77.58578927173915
102577,Cafe Coffee Day,13,1.0,3.3,Good,2510.0,25.221863899764127,55.269099984663214
102578,McDonald's,5,2.0,2.7,Average,462.0,19.07710575100917,72.94344134396574
102579,The Food Cafe 913,2,1.0,2.8,Average,34.0,28.448736574770216,77.0706523712018
102580,Green Cafe 995,6,1.0,2.8,Average,453.0,12.970753080428866,77.5837267835892
102581,Biryani Blues,1,3.0,3.7,Good,62.0,28.640827096360855,77.22654119521962
102582,KFC,10,3.0,4.1,Very Good,143.0,22.570728639749145,88.32894929572475
102583,Curry Bites 97,3,2.0,2.5,Average,197.0,28.529867291473494,77.39186654299992
102584,Spice Garden 698,3,3.0,4.6,Excellent,386.0,28.52728293217443,77.41774747428448
102585,Urban House 383,5,1.0,4.0,Very Good,235.0,19.041228195089456,72.91341228040002
102586,Urban Express 158,5,1.0,2.4,Average,71.0,19.112403155501617,72.85529530580003
102587,BARBEQUE NATION,1,1.0,3.0,Good,655.0,28.59825723751968,77.24406148126927
102588,House Studio 465,6,2.0,4.3,Very Good,119.0,13.023029333538915,77.59979542206341
102589,The Food Cafe 674,1,4.0,0.0,Not rated,431.0,28.622464709908634,77.19890147152111
102590,Domino's Pizza,7,2.0,3.0,Good,31.0,18.56960598862127,73.92352482392619
102591,Curry Express 971,9,3.0,3.9,Good,277.0,13.075702005842157,80.25808816718116
102592,Bistro Cafe 133,8,2.0,5.0,Excellent,58.0,17.359338784842603,78.44792123608313
102593,Domino's Pizza,5,1.0,3.1,Good,62.0,19.112512969111265,72.85416482932176
102594,The Food Express 818,4,1.0,2.6,Average,83.0,28.389264502436927,77.3431981754642
102595,KFC,1,1.0,3.1,Good,1191.0,28.658893788653813,
102596,Cafe House 95,8,1.0,3.2,Good,933.0,17.40525498124428,78.51572772779596
102597,Royal Point 989,1,2.0,2.9,Average,508.0,28.66515618792832,77.17912808150385
102598,Tasty Kitchen 22,3,1.0,3.3,Good,193.0,28.50132348705421,77.38837245012941
102599,Royal House 799,1,2.0,2.4,Average,193.0,28.647377880845053,77.28635514519377
102600,House Bites 158,1,2.0,2.8,Average,811.0,28.587903849118245,77.17811249182868
102601,Barbeque Nation,5,1.0,3.5,Good,467.0,18.992125126740287,72.80699802775781
102602,Bistro Garden 926,1,2.0,2.1,Average,146.0,28.645257084438143,77.25686211474383
102603,Royal Express 682,7,2.0,3.8,Good,1331.0,18.520175932222635,73.80768896170807
102604,Pizza Hut,1,1.0,1.7,Poor,362.0,28.64758449189596,77.18056574131697
102605,Curry Studio 907,1,3.0,2.3,Average,202.0,28.617120454697286,77.23450564726551
102606,The Food Cafe 615,4,2.0,0.0,Not rated,50.0,28.409651632551686,77.34190383504114
102607,Tasty Express 629,1,2.0,3.4,Good,95.0,28.666319621403495,77.12591109618975
102608,The Belgian Waffle Co,1,3.0,4.3,Very Good,152.0,28.618040274402897,77.19699179611555
102609,Spice Lounge 350,6,3.0,0.0,Not rated,159.0,12.954957491800279,77.62442675754505
102610,House Point 664,1,3.0,3.2,Good,517.0,28.61080687095077,77.27999803935197
102611,Royal Studio 540,9,1.0,3.4,Good,31.0,13.088217349369893,80.22734070007182
102612, Grill Kitchen 298 ,1,1.0,2.4,Average,13.0,28.514337140784864,77.24638484846406
102613,Urban Studio 308,1,1.0,3.1,Good,54.0,28.631088680709823,77.18583025407354
102614,McDonald's,7,1.0,2.2,Average,87.0,18.56796165870617,73.89315688367127
102615,The Food Point 536,1,3.0,3.5,Good,866.0,28.6121853924127,77.17258799042425
102616,Cafe Corner 565,1,2.0,3.1,Good,125.0,28.599173481943886,77.20094877042224
102617,Domino's Pizza,2,1.0,2.5,Average,214.0,28.47307186315343,77.0401592271437
102618,Grill House 423,1,1.0,3.1,Good,300.0,28.67492415868289,77.24239854604235
102619,The Belgian Waffle Co,9,1.0,3.1,Good,49.0,13.099121820174775,80.29066078944383
102620,The Food Express 261,1,2.0,4.0,Very Good,1345.0,28.621403077667747,77.19397694609242
102621,Grill Corner 117,8,2.0,2.2,Average,63.0,17.371329726296505,78.46912074164361
102622,Curry Hub 806,10,3.0,3.4,Good,1336.0,22.535167625834806,88.42616435672056
102623,Burger King,3,4.0,3.1,Good,152.0,28.536319265402923,77.40070190784505
102624,Burger King,11,1.0,3.6,Good,130.0,26.913855186621706,75.77065839528625
102625,The Food Express 602,2,1.0,3.5,Good,48.0,28.39187659567648,77.04543189119488
102626,House Studio 639,13,1.0,3.3,Good,238.0,25.179362572386236,55.29259906193418
102627,Kitchen Hub 217,1,1.0,2.5,Average,2612.0,28.65446014416163,77.16163032654646
102628,Starbucks,6,3.0,4.0,Very Good,363.0,12.962567564824369,77.61161959909535
102629,The Food Bites 109,3,2.0,2.2,Average,204.0,28.44954609938826,77.33827556141351
102630,Spice Corner 405,2,2.0,2.1,Average,62.0,28.515541137159158,77.00403014225252
102631,McDonald's,5,2.0,2.4,Average,319.0,19.044797182281762,72.84318011533175
102632,Curry Restaurant 415,6,1.0,3.0,Good,212.0,12.955140644660748,77.59007886732915
102633,Bistro Cafe 744,1,1.0,3.4,Good,175.0,28.6510788942619,77.19370150069888
102634,Cafe Cafe 370,1,2.0,0.0,Not rated,167.0,28.587927429262873,77.2019945255908
102635,Bistro Bites 405,7,2.0,4.1,Very Good,22.0,18.451451380113475,73.79038122176934
102636,Urban Hub 139,6,1.0,3.1,Good,157.0,12.979214793548755,77.59193572140263
102637,KFC,13,2.0,2.2,Average,32.0,25.232689475416134,55.23225492909727
102638,Bistro Point 880,7,3.0,3.5,Good,201.0,18.50398112906457,73.93662294697289
102639,Barbeque Nation,12,1.0,3.7,Good,82.0,23.01820046653479,72.55741260358602
102640,House Point 447,6,2.0,3.6,Good,87.0,12.930307131546051,77.58557660215355
102641,Grill Point 89,1,1.0,3.7,Good,38.0,28.579058774646597,77.23332663901715
102642,Curry Hub 486,1,2.0,2.3,Average,602.0,28.60264129450361,77.25528727870665
102643,Urban Hub 925,8,2.0,0.0,Not rated,38.0,17.40770142801721,78.44548338951527
102644,Starbucks,6,4.0,3.0,Good,79.0,12.975022116004876,77.61465662839025
102645,Curry Studio 21,1,1.0,0.0,Not rated,609.0,28.64960172546845,77.24281945108726
102646,Cafe Point 207,2,1.0,3.4,Good,386.0,28.517376384128426,77.03306312074977
102647,Tasty Corner 342,13,1.0,4.9,Excellent,20.0,25.235830025955178,55.27656188553399
102648,The Belgian Waffle Co,3,1.0,2.7,Average,921.0,28.47985127953301,77.37308202159949
102649,Tasty House 869,3,2.0,2.7,Average,1279.0,28.525567768748125,77.3797237275154
102650,Cafe Cafe 749,3,3.0,3.3,Good,1298.0,28.566194847794502,77.38722795603343
102651,The Food Corner 500,1,1.0,3.9,Good,489.0,28.60971592690083,77.19409283087073
102652,Grill Cafe 743,2,1.0,2.8,Average,42.0,28.402823069578364,77.05768263658993
102653,House Studio 238,2,1.0,3.1,Good,167.0,28.440180737760418,76.99608534067508
102654,Grill Corner 433,1,2.0,3.3,Good,30.0,28.534364189901584,77.23894165934222
102655,Grill Kitchen 275,8,1.0,3.0,Good,58.0,17.375287653146785,78.53317298958143
102656,Tasty Studio 120,2,1.0,2.6,Average,39.0,28.43552775539264,77.03954400013043
102657,House Express 460,9,2.0,3.1,Good,81.0,13.07007739276402,80.20806795656705
102658,Spice Hub 295,9,1.0,2.9,Average,209.0,13.124051630999379,80.29212689552098
102659,Curry Express 449,1,2.0,3.2,Good,104.0,28.567300952528115,77.18646993996816
102660,Subway,6,3.0,4.0,Very Good,117.0,12.946462445907361,77.57613194256147
102661,House Express 944,3,1.0,4.1,Very Good,154.0,28.495538315036942,77.40366861305897
102662,Bistro Bites 480,10,2.0,2.7,Average,1062.0,22.610096762783947,88.40258923000606
102663,Cafe Coffee Day,1,2.0,2.9,Average,2547.0,28.653493302700177,77.15085183827355
102664,Tasty House 854,6,2.0,2.7,Average,92.0,12.984202634305715,77.59661504173066
102665,House Restaurant 369,5,1.0,3.1,Good,270.0,19.086790136092336,72.94741112933512
102666,Royal Cafe 213,1,1.0,0.0,Not rated,31.0,28.571888162107722,77.17053566685388
102667,Bistro Kitchen 684,1,3.0,3.6,Good,518.0,28.62087161453841,77.20198571077898
102668,Royal Point 161,6,2.0,3.9,Good,117.0,12.932333135526852,77.5730402876421
102669,Urban House 966,7,1.0,1.4,Poor,50.0,18.521841788396518,73.88131637359922
102670,The Food Point 215,1,,3.3,Good,2271.0,28.601882802461528,77.16523328988566
102671,Spice Express 903,6,1.0,2.7,Average,29.0,12.950804159095698,77.53963310821271
102672,House Hub 179,2,1.0,0.0,Not rated,4.0,28.460490582567097,77.05572127759149
102673,Grill Corner 827,7,2.0,0.0,Not rated,225.0,18.54410416652865,73.86505304029257
102674,Burger King,1,1.0,0.0,Not rated,56.0,28.6760409921335,77.16748318166867
102675,Subway,10,1.0,3.6,Good,88.0,22.591884472817572,88.3615034663522
102676,Subway,1,2.0,3.6,Good,6042.0,28.69362964317866,77.16413585154466
102677,Kitchen Express 788,2,1.0,3.5,Good,484.0,28.466532376295824,77.05887993251591
102678,Haldiram's,1,2.0,2.7,Average,151.0,28.67633605654716,77.21874003783668
102679,Royal Restaurant 895,1,2.0,2.8,Average,68.0,28.629145443068133,77.18398685368668
102680,House Kitchen 724,4,1.0,3.5,Good,339.0,28.417292635361655,77.29749460188188
102681,Barbeque Nation,1,2.0,2.7,Average,18.0,28.608012020161873,77.19292821859106
102682,Urban Kitchen 801,9,2.0,4.1,Very Good,116.0,13.093168533519574,80.2330746722773
102683,Urban Lounge 43,1,1.0,2.8,Average,159.0,28.629005247462313,77.2558994688904
102684,Royal Bites 121,2,1.0,3.3,Good,242.0,28.409889152215158,77.0673100046954
102685,Kitchen Hub 746,2,2.0,4.6,Excellent,207.0,28.48400189188396,77.01255579487965
102686,Curry Lounge 511,1,3.0,2.9,Average,71.0,28.561960216556777,77.19799219472249
102687,Urban Hub 663,1,2.0,3.2,Good,575.0,28.638440997378563,77.16969745085125
102688,Royal Kitchen 869,2,1.0,3.7,Good,25.0,28.48046337008909,77.02097837507671
102689,Burger King,3,2.0,3.8,Good,146.0,28.585243663401535,77.40812360154257
102690,Spice Point 855,2,1.0,2.8,Average,87.0,28.42932641292277,77.06794175706146
102691,Kitchen Garden 518,4,2.0,2.9,Average,603.0,28.374351409067934,77.28643543813129
102692,Cafe Coffee Day,5,2.0,3.0,Good,98.0,19.114754049247594,72.8187340711976
102693,Tasty Express 645,1,2.0,4.1,Very Good,383.0,28.576280625994972,77.17374982261023
102694,Royal Lounge 432,3,3.0,3.2,Good,275.0,28.4944368342217,77.41046751406269
102695,Royal House 424,13,2.0,0.0,Not rated,9.0,25.21210162682909,55.26927718000576
102696,Curry Lounge 814,4,2.0,2.9,Average,156.0,28.40726579599647,77.35253340618229
102697,Spice Studio 150,6,1.0,0.0,Not rated,10.0,12.977037436743675,77.59605559724781
102698,Bistro Lounge 967,1,3.0,0.0,Not rated,139.0,28.632720434536697,77.26554971244785
102699,Pizza Hut,8,3.0,2.7,Average,65.0,17.404015860779136,78.43120194415972
102700,Royal House 63,8,1.0,2.4,Average,672.0,17.382274449889383,78.399536627929
102701,Spice Bites 945,4,2.0,1.9,Poor,109.0,28.410585365028325,77.36516278727473
102702,Cafe Corner 647,13,1.0,2.5,Average,59.0,25.202455515586415,55.24294746145337
102703,House Lounge 997,1,2.0,0.0,Not rated,403.0,28.615134602535168,77.21381567818088
102704,Tasty Bites 718,1,2.0,4.1,Very Good,74.0,28.56533928835982,77.21370365254099
102705,The Food Restaurant 761,8,1.0,3.4,Good,581.0,17.41147364860281,78.4981386108104
102706,Kitchen Corner 847,8,3.0,3.8,Good,372.0,17.421716168264602,78.47011966766597
102707,Grill Cafe 943,1,1.0,2.9,Average,107.0,28.636210022758426,77.17568467422588
102708,Burger King,1,3.0,3.9,Good,39.0,28.633517613254178,77.17288449397121
102709,Green Lounge 640,1,2.0,3.4,Good,897.0,28.579228959734273,77.2301282324165
102710,House Studio 715,1,1.0,4.2,Very Good,423.0,28.56436597262503,77.23600245310334
102711,House House 795,8,1.0,2.9,Average,64.0,17.414081247217908,78.47794685572657
102712,Cafe Coffee Day,4,1.0,3.9,Good,288.0,28.40989989538141,77.2969120248662
102713,Haldiram's,2,2.0,3.8,Good,730.0,28.46543363340948,77.04650348258524
102714,Bistro Restaurant 758,2,2.0,3.7,Good,233.0,28.46700720668416,76.97474321478637
102715,Grill Lounge 291,1,1.0,1.7,Poor,176.0,28.622896846806405,77.27723943374068
102716,Haldiram's,1,1.0,3.6,Good,721.0,28.636528925708262,77.22483315145607
102717,Grill Express 776,6,1.0,2.9,Average,1163.0,12.968260010494712,77.5890183730114
102718,Spice Corner 912,13,2.0,2.9,Average,146.0,25.13812172836897,55.29984654821705
102719,Cafe Garden 248,9,2.0,2.2,Average,27.0,13.106794192998711,80.29277322882696
102720,The Food Restaurant 433,1,1.0,,Good,34.0,28.63411413192447,77.21722690539715
102721,Urban Restaurant 62,11,2.0,3.2,Good,76.0,26.867087440325424,75.72114106109865
102722,The Food Bites 520,8,1.0,0.0,Not rated,27.0,17.344188363985015,78.50108325336441
102723,Spice Bites 964,8,3.0,2.4,Average,18.0,17.41590469456443,78.5376560029307
102724,Cafe Coffee Day,3,3.0,3.7,Good,2046.0,28.574667576767467,77.3715673423749
102725,Spice Studio 348,2,2.0,3.8,Good,401.0,28.366272577909392,77.06015271519232
102726,Bistro Cafe 580,1,3.0,3.5,Good,101.0,28.629329507095783,77.23871624012418
102727,House Bites 547,1,3.0,4.1,Very Good,213.0,28.60617737773472,77.21929259476511
102728,Green Express 307,1,3.0,3.3,Good,19.0,28.61649574812278,77.21495576953428
102729,Bistro Cafe 689,1,2.0,3.2,Good,773.0,28.6184947229565,77.22859459214202
102730,Burger King,3,1.0,2.4,Average,13.0,28.50882500455718,77.40555411761487
102731,Green Kitchen 336,7,1.0,2.0,Average,264.0,18.54324345939758,73.92288011393373
102732,Green Express 466,3,1.0,4.2,Very Good,22.0,28.511414769645278,77.4248364327781
102733,Starbucks,1,2.0,3.9,Good,126.0,28.640045448261336,77.2337489336071
102734,Tasty Kitchen 95,13,1.0,2.1,Average,675.0,25.238716020384928,55.30780177028627
102735,McDonald's,12,1.0,3.1,Good,23.0,22.99197443557005,72.5961729246515
102736,Curry Kitchen 379,8,2.0,3.1,Good,147.0,17.35532982232618,78.41387140825732
102737,Tasty Cafe 573,14,1.0,2.8,Average,365.0,51.51137794376302,-0.13188638598185162
102738,Tasty Garden 599,4,2.0,2.9,Average,304.0,28.461527981223163,77.29611507276933
102739,Tasty Studio 706,13,3.0,3.6,Good,216.0,25.18405518415469,55.28227893286658
102740,Curry Restaurant 997,1,2.0,3.7,Good,377.0,28.59978812373351,77.18951511542683
102741,Royal Hub 518,2,2.0,0.0,Not rated,41.0,28.470737524977157,77.047289136939
102742,Starbucks,1,2.0,3.1,Good,1994.0,28.6368873147897,77.19426086221635
102743,Bistro Lounge 884,1,2.0,3.1,Good,23.0,28.632343856586015,77.26841891328095
102744,Bistro Point 467,1,1.0,3.6,Good,849.0,28.61503027665373,77.26675245279485
102745,Bistro Hub 967,5,3.0,3.7,Good,257.0,19.06530683588513,72.82706420298261
102746,Urban Cafe 873,8,1.0,3.0,Good,376.0,17.396613798232842,78.49800050200176
102747,Urban Express 586,5,1.0,3.0,Good,470.0,18.963980052570264,72.86153421818258
102748,Grill Hub 121,1,2.0,0.0,Not rated,180.0,28.679323884087385,77.21782049295552
102749,KITCHEN GARDEN 302,8,1.0,2.7,Average,59.0,17.378496792891315,78.50723413075525
102750,Royal Hub 803,5,1.0,3.5,Good,135.0,19.08238042117517,72.83294368932931
102751,Spice Garden 911,2,1.0,2.3,Average,24.0,28.5329782933914,76.99252381092667
102752,Royal Restaurant 501,6,1.0,2.7,Average,112.0,12.945654118699162,77.56487919976017
102753,Haldiram's,1,1.0,3.4,Good,284.0,28.695524119556357,77.18970037082283
102754,Spice House 493,2,1.0,2.3,Average,318.0,28.48538813818339,77.0083210805113
102755,Cafe Studio 922,11,2.0,0.0,Not rated,146.0,26.92802889893189,75.81518678755477
102756,Tasty Studio 855,1,3.0,3.4,Good,21.0,28.63643645431944,77.21678719974364
102757,Cafe Hub 781,3,1.0,1.9,Poor,67.0,28.506048025267624,77.36050956507161
102758,The Belgian Waffle Co,10,3.0,2.6,Average,69.0,22.51488651600187,88.35271308763004
102759,Curry Bites 460,6,1.0,3.5,Good,37.0,12.93028377113579,77.51166149206654
102760,Starbucks,1,1.0,2.9,Average,59.0,28.65195957658856,77.27969001274411
102761,Cafe Bites 639,1,1.0,3.8,Good,208.0,28.581154996444944,77.20963241683678
102762,Green House 348,1,2.0,2.4,Average,893.0,28.55600655714603,77.2437411103721
102763,House Studio 754,5,1.0,2.9,Average,51.0,19.07322391753858,72.90546098967273
102764,Urban Hub 725,3,2.0,3.5,Good,47.0,28.555614581578716,77.38973762864896
102765,The Belgian Waffle Co,1,2.0,2.4,Average,72.0,28.61525279497043,77.12563312903602
102766,Bistro Garden 575,13,2.0,3.9,Good,323.0,25.22602354605989,55.25127245040137
102767,House Lounge 88,4,2.0,3.5,Good,897.0,28.449325468214614,77.33017651294676
102768,Biryani Blues,1,3.0,2.4,Average,136.0,28.633894750386524,77.21111782408907
102769,Spice Cafe 535,3,1.0,3.0,Good,28.0,28.53010815172813,77.4274131149129
102770,Barbeque Nation,6,1.0,3.3,Good,39.0,12.95254888149237,77.59453135312711
102771,Spice Kitchen 675,1,,2.8,Average,210.0,28.640878161534268,77.27347228668472
102772,Royal Corner 282,1,2.0,2.2,Average,506.0,28.62353600165518,77.17191243893525
102773,Green Restaurant 860,8,1.0,3.2,Good,1761.0,17.354873171905183,78.50481880125648
102774,Curry Kitchen 827,3,1.0,4.4,Very Good,54.0,28.581076377227067,77.35498731443519
102775,Kitchen House 604,4,2.0,2.9,Average,202.0,28.418075710266926,77.34979289295482
102776,Domino's Pizza,3,1.0,4.0,Very Good,59.0,28.558351971671904,77.36464143194272
102777,Royal House 25,1,1.0,2.5,Average,50.0,28.60017935128672,77.14751977469044
102778,Kitchen House 264,1,3.0,3.5,Good,56.0,28.653475029009357,77.15697894436575
102779,KFC,3,2.0,3.7,Good,133.0,28.48001246059649,77.37447766401115
102780,The Food Hub 188,1,2.0,3.2,Good,60.0,28.67254241236038,77.2635522831023
102781,Urban Hub 315,1,2.0,3.0,Good,3860.0,28.546040618893404,77.2349486899306
102782,House Hub 61,9,3.0,3.9,Good,119.0,13.034518234705311,80.28634098142679
102783,Kitchen Hub 28,14,1.0,4.2,Very Good,779.0,51.51621405832462,-0.13007729789297923
102784,The Food House 102,8,1.0,3.2,Good,79.0,17.366423535351814,78.44727895016678
102785,Tasty Express 265,10,2.0,2.9,Average,,22.5611083835956,88.33125180557144
102786,Urban Corner 208,1,3.0,3.3,Good,284.0,28.595311836670742,77.18968869974478
102787,Biryani Blues,13,1.0,4.6,Excellent,704.0,25.177392361385404,55.24831741074386
102788,Curry Lounge 771,1,4.0,3.7,Good,97.0,28.624994210903402,77.18601305971829
102789,Urban Garden 63,12,2.0,2.8,Average,564.0,23.020800338443212,72.53810052589012
102790,Grill House 68,14,1.0,2.3,Average,226.0,51.538369190205046,-0.12758715687820463
102791,Tasty Bites 240,7,1.0,1.8,Poor,83.0,18.52320601413015,73.83040603495755
102792,Spice Garden 568,14,1.0,3.2,Good,47.0,51.492811452589095,-0.08819276081385619
102793,House Kitchen 253,5,3.0,3.8,Good,154.0,19.10310638660788,72.91695507539954
102794,House Hub 312,1,4.0,3.3,Good,124.0,28.5497716850288,77.2300357069171
102795,Curry Kitchen 867,3,1.0,3.0,Good,516.0,28.445139128782795,77.40799534113378
102796,Green Hub 383,5,4.0,2.8,Average,124.0,19.020426225042144,72.82337295257679
102797,Royal Point 551,1,3.0,3.5,Good,17.0,28.601876738046325,77.28917888960437
102798,Grill Studio 43,5,2.0,3.5,Good,436.0,19.08970138413632,72.86784424289735
102799,Barbeque Nation,14,2.0,2.9,Average,857.0,51.41390874609706,-0.1000200238518783
102800,Cafe Garden 669,1,1.0,4.1,Very Good,27.0,28.61349364258556,77.23815394895378
102801, Spice Corner 956 ,8,2.0,2.7,Average,1556.0,17.372589776927363,78.4502577536685
102802,The Food Cafe 257,11,1.0,3.2,Good,1042.0,26.91719367386888,75.76532532695614
102803,Tasty Express 863,12,2.0,3.8,Good,94.0,22.955734630078613,72.58532685325599
102804,Cafe Lounge 289,13,1.0,2.9,Average,42.0,25.296334333005223,55.21668742086106
102805,Starbucks,4,3.0,3.3,Good,693.0,28.41003774593717,77.31467187225014
102806,Urban Garden 92,13,3.0,2.5,Average,28.0,25.162198743557585,55.18697141005385
102807,Urban Hub 743,7,1.0,3.9,Good,92.0,18.524930445176714,73.85705470249619
102808,The Food House 216,1,1.0,2.9,Average,32.0,28.666219404423796,77.25713205774424
102809,Kitchen Bites 969,3,2.0,3.5,Good,195.0,28.490467271216232,77.39091581606287
102810,The Food Restaurant 464,7,2.0,3.6,Good,1240.0,18.468081908070396,73.8054860989028
102811,House Express 350,1,1.0,2.6,Average,254.0,28.609768604444035,77.18964976519497
102812,Biryani Blues,6,2.0,3.1,Good,635.0,12.970455401666563,77.61612907190914
102813,Bistro Hub 662,6,1.0,3.9,Good,136.0,12.996429168599956,77.6004377770915
102814,Cafe Studio 5,1,1.0,2.3,Average,168.0,28.665535249726144,77.22481764182943
102815,House Hub 424,5,1.0,4.4,Very Good,51.0,19.10330002912224,72.87167088713728
102816,Bistro Restaurant 501,8,1.0,2.5,Average,138.0,17.336430960264764,78.45989844226764
102817,Grill Kitchen 807,3,3.0,2.6,Average,62.0,28.498013535761505,77.39538975478015
102818,House Kitchen 552,1,4.0,3.7,Good,166.0,28.585959477262925,77.21137799208127
102819,The Belgian Waffle Co,1,1.0,4.4,Very Good,177.0,28.641118641501006,77.24495105015528
102820,Urban Express 996,2,2.0,2.0,Average,94.0,28.480734713501935,77.01015447812172
102821,Cafe Express 397,11,1.0,2.9,Average,2374.0,26.956553794447604,75.78900597955733
102822,Starbucks,1,2.0,3.5,Good,1771.0,28.633433973904168,77.20391735706863
102823,Urban Studio 380,5,1.0,3.0,Good,1022.0,19.054038509734294,72.95728873351415
102824,Curry Corner 227,1,2.0,3.4,Good,1793.0,28.607011976293265,77.18264510741018
102825,The Food Bites 944,1,3.0,2.9,Average,1004.0,28.56275023886919,77.1955381221152
102826,Green Kitchen 836,9,1.0,2.6,Average,155.0,13.10468504771338,80.2371898744019
102827,The Food Restaurant 227,7,2.0,3.1,Good,152.0,18.498487905392782,73.9023342246783
102828,Barbeque Nation,1,1.0,2.3,Average,200.0,28.65675043996997,77.25722842379501
102829,Spice Garden 505,3,1.0,3.0,Good,133.0,28.55651039430539,77.38340856685734
102830,Bistro Cafe 215,1,1.0,2.7,Average,44.0,28.68172998341872,77.25049578362575
102831,The Belgian Waffle Co,3,1.0,2.7,Average,236.0,28.55019285685286,77.40248355590661
102832,The Food Cafe 513,6,1.0,3.2,Good,25.0,12.985637563758866,77.6191707235202
102833,Grill Point 676,1,1.0,1.8,Poor,158.0,28.60751185972908,77.17418012566883
102834,House Bites 618,1,1.0,2.9,Average,49.0,28.60043984691524,77.21464821907401
102835,Urban Cafe 132,2,1.0,4.5,Excellent,218.0,28.450447185558478,77.0921329752375
102836,Royal Garden 956,11,2.0,2.5,Average,198.0,26.94737018086598,75.8390108406269
102837,Green Lounge 747,14,3.0,4.2,Very Good,145.0,51.460198633683625,-0.09961450738097759
102838,Green Bites 24,1,1.0,3.0,Good,22.0,28.616116452093447,77.24228721394435
102839,Bistro Bites 546,7,1.0,2.6,Average,36.0,18.4620784019481,73.94185529588428
102840,House Lounge 905,2,1.0,2.1,Average,253.0,28.4725541302113,77.05410181871335
102841,Tasty Bites 690,2,3.0,3.5,Good,96.0,28.44345146344971,77.00344108840156
102842,Spice Express 443,7,2.0,4.1,Very Good,447.0,18.538026768792534,73.89915538450197
102843,Tasty Garden 125,11,2.0,2.9,Average,172.0,26.88641256476173,75.7846992601962
102844,Curry Studio 371,12,1.0,2.9,Average,133.0,23.01350575518331,72.5885071515585
102845,Spice Restaurant 230,5,1.0,3.7,Good,313.0,19.098132464020907,72.88184728729885
102846,Burger King,2,1.0,3.2,Good,78.0,28.463905844731947,77.00179249041912
102847,Kitchen Corner 402,8,4.0,2.6,Average,263.0,17.438997766758295,78.49749752561543
102848,KFC,1,3.0,3.5,Good,115.0,28.59704588541323,77.24284060940406
102849,Spice Restaurant 232,5,1.0,4.0,Very Good,5168.0,19.056120430882544,72.90355644727896
102850,Tasty Kitchen 940,2,2.0,3.2,Good,44.0,28.502787713353626,77.04339756578094
102851,Royal Express 319,6,1.0,1.2,Poor,74.0,12.9587484713465,77.58757747476457
102852,The Belgian Waffle Co,1,1.0,3.3,Good,125.0,28.599437360540037,77.15093614656452
102853,Barbeque Nation,1,3.0,3.3,Good,34.0,28.627308552721882,77.20734117960934
102854,Spice Cafe 817,11,2.0,2.0,Average,346.0,26.906665114894288,75.80670010677524
102855,Kitchen Garden 254,1,1.0,1.9,Poor,80.0,28.602995913585833,77.1334415648014
102856,Subway,3,1.0,3.6,Good,10.0,28.51124514935558,77.38865485141834
102857,Spice Express 533,1,3.0,2.9,Average,406.0,28.661581373215515,77.20568137199957
102858,Urban Cafe 635,1,2.0,2.6,Average,72.0,28.608627481136207,77.17698666371453
102859,Urban Bites 458,1,2.0,3.2,Good,159.0,28.59422480637166,77.23561458518826
102860,Urban Corner 939,1,1.0,2.6,Average,371.0,28.603509074499243,77.24204671401031
102861,Pizza Hut,10,1.0,3.1,Good,112.0,22.585022252456362,88.42739487281325
102862,Bistro Kitchen 802,1,4.0,3.5,Good,121.0,28.665044940690812,77.20801306685458
102863,Barbeque Nation,12,2.0,2.4,Average,3323.0,23.016580829904477,72.61660291453637
102864,Biryani Blues,5,1.0,2.7,Average,11.0,19.045802199732186,72.84902609846817
102865,Urban Kitchen 694,3,2.0,0.0,Not rated,18.0,28.60266042389935,77.37800833688655
102866,Domino's Pizza,5,3.0,3.4,Good,48.0,19.080744283754324,72.90148184026559
102867,Tasty House 99,4,1.0,2.9,Average,1594.0,28.405192541471763,77.29483878974118
102868,Tasty Point 886,7,1.0,4.3,Very Good,103.0,18.52291421092678,73.85102383109574
102869,House Cafe 11,1,2.0,3.7,Good,274.0,28.570308900547722,77.23838446104457
102870,Curry House 902,2,2.0,3.8,Good,114.0,28.45791080168408,77.02638834314358
102871,Urban Express 667,11,2.0,3.1,Good,378.0,,75.755112666108
102872,Spice Studio 530,12,3.0,3.5,Good,191.0,23.065204208844698,72.55076567035704
102873,Green Kitchen 106,10,1.0,2.7,Average,223.0,22.560062632598083,88.35433111542798
102874,Starbucks,2,1.0,3.5,Good,971.0,28.466078369683068,77.04716419810963
102875,Subway,8,4.0,3.5,Good,337.0,17.42832908109059,78.47532768841445
102876,Royal Bites 522,3,1.0,3.1,Good,71.0,28.536813509699172,77.30528404964821
102877,Tasty Studio 743,3,2.0,3.3,Good,274.0,28.560681615589186,77.41851959833251
102878,Royal Point 141,1,2.0,3.2,Good,3741.0,28.628750894542325,77.23159054090934
102879,Spice Hub 320,5,2.0,5.0,Excellent,547.0,19.052750344242433,72.84040602902398
102880,Grill Bites 773,1,1.0,2.6,Average,192.0,28.581835289563795,77.1693343641171
102881,Cafe Lounge 795,2,2.0,2.8,Average,30.0,28.496576243234927,77.07388825994418
102882,Barbeque Nation,10,3.0,3.9,Good,525.0,22.478987860884455,88.35547911591154
102883,Kitchen Garden 378,1,2.0,2.8,Average,495.0,28.590498199810263,77.23537515000768
102884,Grill Cafe 674,1,2.0,3.0,Good,257.0,28.565064483581924,77.18471100692892
102885,Spice Point 520,1,1.0,2.3,Average,172.0,28.651027786044818,77.23193464575391
102886,Grill Corner 433,12,1.0,3.3,Good,6416.0,23.070267351538412,72.53910014608613
102887,Green Bites 931,3,1.0,3.3,Good,542.0,28.51014835855976,77.40577997608916
102888,KFC,2,1.0,0.0,Not rated,424.0,28.556271610010405,77.03909133820518
102889,House Studio 712,8,4.0,4.1,Very Good,241.0,17.433202578982936,78.41443921757876
102890,Curry Cafe 710,9,3.0,2.2,Average,123.0,13.08960043571128,80.27503920783576
102891,Cafe Cafe 987,2,2.0,2.7,Average,359.0,28.51199963299844,77.00144849449617
102892,The Food House 337,6,2.0,3.1,Good,150.0,12.949139509739485,77.63285518210799
102893,Barbeque Nation,8,1.0,0.0,Not rated,84.0,17.375319324321453,78.49493185227315
102894,Spice Studio 225,6,4.0,2.5,Average,278.0,12.98781236433002,77.58594449207898
102895,House Point 710,1,1.0,2.8,Average,87.0,28.589678191409437,77.26215987059133
102896,Biryani Blues,10,1.0,3.5,Good,256.0,22.527649137711563,88.2972874092595
102897,Barbeque Nation,4,2.0,4.0,Very Good,239.0,28.376070282000963,77.38525523408458
102898,Kitchen Restaurant 385,1,3.0,3.0,Good,583.0,28.60701607291561,77.2746407712948
102899,McDonald's,2,3.0,3.9,Good,98.0,28.475926037066415,77.01296087685327
102900,Spice Express 11,1,1.0,3.4,Good,15.0,28.602073833691886,77.24009391540275
102901,Domino's Pizza,1,3.0,4.2,Very Good,153.0,28.556505515157305,77.22598775315356
102902, Royal Garden 451 ,8,1.0,2.8,Average,273.0,17.401461217870448,78.39971837026447
102903,Biryani Blues,1,1.0,1.8,Poor,446.0,28.658468094909768,77.20509670869976
102904,Kitchen Corner 999,2,3.0,3.4,Good,79.0,28.436401932344715,76.98232334168894
102905,Subway,4,3.0,2.7,Average,321.0,28.467097670796182,77.2703321117989
102906,Green Garden 737,1,2.0,2.7,Average,673.0,28.644310559975942,77.19897353982331
102907,Haldiram's,13,2.0,3.0,Good,445.0,25.167904467918707,55.26198750098505
102908,Green Corner 181,1,3.0,3.2,Good,67.0,28.591223169730927,77.25155358407372
102909,Urban Corner 852,1,3.0,3.5,Good,82.0,28.602945701630205,77.18266270058182
102910,Tasty Bites 807,1,3.0,3.9,Good,365.0,28.60741531459453,77.19518142811498
102911,,1,2.0,3.0,Good,1328.0,28.528556713378713,77.25685670001553
102912,Kitchen Express 677,1,4.0,0.0,Not rated,91.0,28.587539421995597,77.20257043905991
102913,Haldiram's,7,4.0,3.6,Good,161.0,18.501022798497402,73.83873998403793
102914,Cafe House 900,13,1.0,3.6,Good,35.0,25.270969596687635,55.30078995928707
102915,Urban Hub 904,1,3.0,3.3,Good,117.0,28.621842396923128,77.22757212765674
102916,Green Point 546,6,2.0,0.0,Not rated,36.0,12.943669461690876,77.59809751641407
102917,Kitchen Express 614,7,1.0,2.8,Average,172.0,18.505051424869905,73.88904181318672
102918,House Point 944,9,2.0,3.1,Good,26.0,13.097578064324034,80.22703148472552
102919,Biryani Blues,2,1.0,2.5,Average,103.0,28.44627161576698,77.00623408011758
102920,Grill Garden 809,1,2.0,2.6,Average,45.0,28.593412883381315,77.27894179427656
102921,Subway,2,3.0,3.9,Good,687.0,28.440137702323774,76.92039400208719
102922,Cafe Coffee Day,7,1.0,2.3,Average,51.0,18.537190563103124,73.83315133562776
102923,Grill Cafe 908,9,1.0,2.8,Average,81.0,13.034339974369411,80.22927970778579
102924,Bistro Kitchen 804,1,3.0,4.1,Very Good,315.0,28.57585852067524,77.21148564099964
102925,House Cafe 67,2,1.0,2.8,Average,94.0,28.427032429533288,77.0477728646471
102926,Burger King,11,1.0,0.0,Not rated,1718.0,26.873756717553107,75.82604366809154
102927,House Lounge 384,8,1.0,2.6,Average,510.0,17.356172814275087,78.47233656406644
102928,Curry Hub 330,14,2.0,2.5,Average,159.0,51.5387901776367,-0.16009751525121535
102929,Grill Restaurant 495,7,2.0,2.2,Average,231.0,18.556672455825908,73.8059055585751
102930,Curry Studio 275,2,3.0,4.3,Very Good,12.0,28.469009746845305,77.02827737341687
102931,House Cafe 666,5,2.0,2.5,Average,727.0,19.08351844716851,
102932,Subway,6,3.0,3.9,Good,402.0,12.948150632142,77.57403060592164
102933,Curry Point 406,1,2.0,2.6,Average,145.0,28.54106174041056,77.20648768113682
102934,Burger King,4,1.0,3.9,Good,430.0,28.41393480716362,77.32256671601212
102935,Cafe Hub 958,6,2.0,4.6,Excellent,585.0,12.982020775916814,77.57980035348375
102936,The Food Lounge 87,1,2.0,2.1,Average,84.0,28.590321371933417,77.25881364357133
102937,KFC,8,2.0,2.5,Average,250.0,17.347337484621928,78.5290262761587
102938,Grill Express 236,5,1.0,3.5,Good,721.0,19.03143045463524,72.90633934987802
102939,Curry Lounge 637,12,1.0,3.3,Good,328.0,23.028367249708797,72.60501869035046
102940,Curry Studio 443,1,1.0,3.5,Good,141.0,28.616766645775023,77.18501678821056
102941,Curry Express 280,1,1.0,2.6,Average,231.0,28.655709471182682,77.16882351073369
102942,Royal Studio 240,5,2.0,4.5,Excellent,1363.0,19.04780949289683,72.8539931589487
102943, Urban Express 924 ,1,1.0,3.1,Good,474.0,28.60382227530688,77.21881446515039
102944,Haldiram's,7,2.0,2.4,Average,35.0,18.521002020732286,73.84533990924527
102945,House Kitchen 805,7,1.0,2.8,Average,347.0,18.501154932256718,73.8766182006498
102946,Green Kitchen 122,1,1.0,2.2,Average,257.0,28.64326555688352,77.21278767809498
102947,Domino's Pizza,4,2.0,4.2,Very Good,971.0,28.452235113291,77.27092379168631
102948,Kitchen Point 692,4,1.0,2.6,Average,166.0,28.3702051520117,77.36122721669226
102949,The Food Restaurant 836,2,3.0,3.7,Good,128.0,28.44346708868563,77.00870370746959
102950,The Food Point 723,12,1.0,2.7,Average,29.0,23.068859423674397,72.59892057346639
102951,Royal Restaurant 758,9,1.0,2.6,Average,66.0,13.094010738906588,80.241033776127
102952,The Food Corner 789,6,3.0,2.2,Average,661.0,12.975702412993568,77.56376343002968
102953,Kitchen House 969,7,2.0,3.6,Good,254.0,18.532343412811212,73.82418484330502
102954,Cafe Bites 13,3,1.0,3.8,Good,,28.558456130503444,77.34088544024547
102955,Grill Hub 887,11,1.0,2.4,Average,770.0,26.92602073288668,75.73802462386494
102956,Green Restaurant 768,6,2.0,2.2,Average,570.0,12.979075825439967,77.60792164921219
102957,Subway,7,4.0,4.1,Very Good,88.0,18.520735126827564,73.82423723507188
102958,Grill Studio 740,10,3.0,2.3,Average,669.0,22.619787850742227,88.37600750771374
102959,Kitchen Kitchen 321,1,1.0,3.8,Good,26.0,28.604580057962558,77.21256167042948
102960,Tasty Restaurant 428,8,4.0,3.0,Good,309.0,17.38504329561607,78.5175020837516
102961,Barbeque Nation,1,1.0,2.3,Average,228.0,28.668219773626106,77.17335320604909
102962,Spice Express 143,2,1.0,3.2,Good,766.0,28.47090042801092,77.06372954745112
102963,Royal Garden 966,2,3.0,2.7,Average,262.0,28.457169499088142,76.99489518313159
102964,Curry Bites 855,13,1.0,2.5,Average,114.0,25.226876134032942,55.17481530836003
102965,Green House 436,10,1.0,3.2,Good,147.0,22.580555133931732,88.37055893903485
102966,Tasty Restaurant 551,6,1.0,1.4,Poor,3549.0,12.945730967197457,77.56396865267614
102967,Cafe Corner 582,7,1.0,4.1,Very Good,245.0,18.528978556865017,73.90919362759273
102968,Royal Hub 976,5,2.0,3.2,Good,383.0,19.0476931444186,72.8882346127171
102969,Cafe Bites 819,12,2.0,2.4,Average,12.0,23.086437031991046,72.56841844208785
102970,Cafe Cafe 888,3,1.0,2.3,Average,53.0,28.543857193248318,77.39805491901275
102971,Tasty Point 972,2,2.0,3.8,Good,397.0,28.42666274063585,77.00919201437861
102972,Grill House 193,1,3.0,3.8,Good,27.0,28.6001579198406,77.26794977884727
102973,Kitchen Cafe 986,8,3.0,4.3,Very Good,460.0,17.411585238772812,78.46751576019359
102974,The Food Kitchen 176,7,1.0,0.0,Not rated,36.0,18.482210483801005,73.87291564396926
102975,Haldiram's,2,4.0,3.8,Good,57.0,28.554716252115334,76.99793628741266
102976,Starbucks,1,2.0,3.5,Good,78.0,28.562966150471468,77.20905805897941
102977,Spice Hub 204,9,1.0,3.5,Good,1312.0,13.115097920829799,80.22740432768475
102978,Burger King,1,1.0,0.0,Not rated,136.0,28.59686867784245,77.21700115170329
102979,Green Garden 676,6,1.0,2.5,Average,49.0,12.943289679446744,77.59686861292347
102980,Curry Corner 378,13,2.0,3.1,Good,469.0,25.223620619682137,55.290009604649406
102981,Royal Express 881,3,1.0,0.0,Not rated,253.0,28.51961150166466,77.4073845855658
102982,Tasty Hub 114,1,2.0,3.2,Good,112.0,28.66960434977782,77.21001896919073
102983,Burger King,6,1.0,3.5,Good,644.0,12.922554784375166,77.66598219394022
102984,Urban House 979,9,3.0,2.3,Average,525.0,13.102379746626474,80.2700599130314
102985,Green Hub 892,4,1.0,3.7,Good,588.0,28.399267211907965,77.31917090982245
102986,Burger King,13,3.0,2.7,Average,70.0,25.21516976108489,55.26781707652102
102987,House Studio 163,1,4.0,3.4,Good,43.0,28.63189331910129,77.21609106997788
102988,The Food Cafe 208,3,1.0,3.8,Good,25.0,28.474893351735286,77.38098745146448
102989,House Studio 283,7,2.0,3.4,Good,83.0,18.52859024732464,73.84381068729998
102990,McDonald's,10,1.0,3.2,Good,114.0,22.610716868803372,88.39022215721778
102991,Tasty Cafe 827,1,3.0,2.6,Average,111.0,28.630223549536705,77.20730605037213
102992,Kitchen Cafe 901,8,2.0,0.0,Not rated,84.0,17.37209303253904,78.52359014931524
102993,Curry Cafe 41,5,1.0,3.6,Good,1734.0,19.026516830417524,72.8114140098054
102994,The Food Bites 903,2,1.0,2.6,Average,104.0,28.47727826326441,77.07989863447148
102995,Kitchen Restaurant 863,1,1.0,2.7,Average,153.0,28.679563751138836,77.2403337233594
102996,The Food House 628,10,4.0,4.2,Very Good,23.0,22.595765415661592,88.36209966964564
102997,Royal House 256,1,2.0,2.5,Average,2527.0,28.65442016209953,77.20628628672385
102998,BIRYANI BLUES,1,3.0,3.6,Good,38.0,28.646555585880385,77.23142388763749
102999,Curry House 933,1,1.0,3.0,Good,71.0,28.60014223973874,77.1730774402051
103000,Bistro Cafe 98,10,1.0,3.0,Good,415.0,22.57576707987858,88.36524410432378
103001,Spice Point 907,6,4.0,3.3,Good,253.0,13.001998311772397,77.60003063981154
103002,The Food Bites 551,8,1.0,2.6,Average,1243.0,17.329709794736033,78.41515992608484
103003,Urban Restaurant 744,1,4.0,2.9,Average,419.0,28.63671100672114,77.22117890489868
103004,Green Studio 422,5,1.0,3.3,Good,168.0,19.120062123758647,72.83037134562423
103005,Grill Kitchen 378,5,1.0,2.6,Average,588.0,19.074202425750663,72.91560381686585
103006,KFC,9,2.0,3.8,Good,886.0,13.1111906924949,80.31753208611559
103007,Kitchen House 462,11,4.0,3.5,Good,85.0,26.89299699072353,75.84016933973926
103008,Subway,1,4.0,2.9,Average,567.0,28.61523820129963,77.19771477623779
103009,Curry Corner 75,6,1.0,2.8,Average,126.0,12.962041068019925,77.58282507491147
103010,House Restaurant 473,1,1.0,2.7,Average,143.0,28.629993444190838,77.13983014169631
103011,Bistro House 877,5,2.0,3.9,Good,253.0,19.072341603694273,72.90150689266544
103012,Domino's Pizza,1,2.0,3.0,Good,108.0,28.555233721316842,77.15619702447643
103013,KFC,1,2.0,0.0,Not rated,52.0,28.58876553959794,77.15828025817677
103014,Royal Express 687,2,1.0,3.9,Good,726.0,28.527487800732512,77.0159691782543
103015,Curry Studio 70,5,4.0,3.9,Good,31.0,19.09586373139655,72.83899948935813
103016,The Belgian Waffle Co,2,2.0,4.3,Very Good,61.0,28.38607274806494,76.9929389313912
103017,Curry Hub 483,7,3.0,4.2,Very Good,527.0,18.562673656315948,73.8583483343779
103018,Royal Hub 859,2,2.0,2.6,Average,145.0,28.41915125254391,77.05745146507299
103019,KFC,1,1.0,3.6,Good,686.0,28.645168118340465,77.22788242886841
103020,KFC,8,4.0,4.6,Excellent,387.0,17.43022819610933,78.4933305246693
103021,Tasty Hub 80,1,2.0,4.2,Very Good,42.0,28.617459150831408,77.24914188337821
103022,Spice Bites 280,3,3.0,4.0,Very Good,234.0,28.500608748882957,77.39546672877348
103023,,6,4.0,4.2,Very Good,442.0,12.946569266770666,77.57616670813258
103024,Starbucks,2,2.0,3.0,Good,233.0,28.48152403487537,76.999647547906
103025,The Belgian Waffle Co,1,2.0,2.7,Average,90.0,28.574158048276434,77.22833217977491
103026,Curry Restaurant 49,2,1.0,2.8,Average,118.0,28.43913373978585,76.98806348652363
103027,Grill Bites 679,12,1.0,1.9,Poor,67.0,23.040451289366125,72.58360841201596
103028,Urban House 707,6,1.0,3.9,Good,40.0,12.948808884446589,77.57960719760283
103029,Spice Cafe 5,6,1.0,2.8,Average,26.0,13.021327348385306,77.56527069353635
103030,Burger King,5,1.0,3.8,Good,338.0,19.039667219642066,72.84776627409296
103031,Green Express 931,1,1.0,2.2,Average,49.0,28.498814514405986,77.24278704317636
103032,KFC,2,1.0,3.7,Good,417.0,28.432262273126508,76.9965853022699
103033,Domino's Pizza,7,1.0,0.0,Not rated,42.0,18.53125431945813,73.8469273508367
103034,Kitchen Point 697,1,1.0,2.2,Average,28.0,28.644116546927055,77.19259676794215
103035,Green Kitchen 817,1,1.0,4.1,Very Good,133.0,28.599606398981265,77.2460703431616
103036,House Hub 742,1,2.0,3.9,Good,2910.0,28.60419694407356,77.26284065849173
103037,Burger King,3,2.0,3.3,Good,165.0,28.53441897639165,77.42280966814144
103038,Kitchen Express 576,14,1.0,3.0,Good,390.0,51.56836692852589,-0.14094761873339626
103039,Cafe Point 957,1,2.0,3.5,Good,240.0,28.627156563346063,77.22097908250119
103040,Tasty Kitchen 238,4,3.0,3.5,Good,33.0,28.3916529393108,77.28596071940989
103041,Pizza Hut,1,1.0,2.5,Average,954.0,28.685711778437078,77.21636480497975
103042,Spice House 670,13,2.0,2.9,Average,124.0,25.20519228834345,55.20930186470941
103043,Tasty Point 470,1,4.0,4.9,Excellent,51.0,28.541263913074275,77.21723498510755
103044,The Belgian Waffle Co,2,3.0,5.0,Excellent,142.0,28.410961063376718,77.02466862908749
103045,House Cafe 378,7,1.0,4.0,Very Good,167.0,18.539938285957355,73.87212632499178
103046,Subway,6,2.0,3.5,Good,496.0,12.909397047137688,77.59416880453969
103047,Cafe Studio 105,2,1.0,2.8,Average,71.0,28.47693178796144,77.05582697781874
103048,Cafe Hub 258,2,2.0,2.7,Average,4313.0,28.432201121363033,76.99987769903466
103049,Cafe Express 647,2,,3.1,Good,55.0,28.5007200646202,77.05307654152442
103050,House Restaurant 137,1,2.0,0.0,Not rated,193.0,28.619762950329058,77.22553106966248
103051,House Restaurant 326,1,3.0,4.8,Excellent,21.0,28.55660421567816,77.24713222970242
103052,House Studio 70,3,1.0,4.2,Very Good,194.0,28.567497806609808,77.43148432107995
103053,Cafe Cafe 460,1,4.0,4.1,Very Good,351.0,28.6616259143142,77.17568318251728
103054,House Restaurant 239,1,2.0,2.6,Average,39.0,28.56921083416134,77.22709614372498
103055,Bistro Corner 239,6,1.0,3.6,Good,1294.0,12.943502396160866,77.55380105681186
103056,KFC,13,2.0,3.0,Good,299.0,25.22238344639192,55.31138836730394
103057,Bistro House 776,5,1.0,1.6,Poor,86.0,19.09986002132039,72.84784064295452
103058,Urban Corner 141,1,1.0,3.2,Good,309.0,28.696263597353294,77.19569918119716
103059,The Food Point 156,1,3.0,0.0,Not rated,42.0,28.645081799362405,77.2166143932252
103060,House Corner 244,12,1.0,2.5,Average,745.0,23.10652744197054,72.59724675734799
103061,Cafe Studio 757,1,3.0,3.2,Good,647.0,28.614579384087634,77.22199559425592
103062,Royal Garden 326,1,1.0,2.7,Average,260.0,28.627326933368103,
103063,Spice Lounge 811,5,1.0,3.0,Good,374.0,19.05611549195875,72.87813681999691
103064,House Garden 769,5,4.0,3.5,Good,30.0,19.057708897639873,72.88624344647369
103065,Starbucks,6,1.0,1.8,Poor,836.0,12.976748511570385,77.5327614367819
103066,Green Point 553,1,2.0,4.2,Very Good,200.0,28.59351235417563,77.2449131561742
103067,The Belgian Waffle Co,1,2.0,2.6,Average,574.0,28.524156985388508,77.1988090140237
103068,House Restaurant 737,13,,2.6,Average,407.0,25.181461976151624,55.25573469736265
103069,Burger King,1,3.0,3.2,Good,642.0,28.651584294389007,77.2767882852388
103070,Royal Studio 645,6,2.0,3.1,Good,48.0,12.974148315707815,77.49979090925467
103071,Barbeque Nation,6,1.0,3.9,Good,67.0,12.974344331831038,77.59793512667825
103072,Subway,5,3.0,3.6,Good,3302.0,19.0492794274883,72.79930462980502
103073,McDonald's,1,1.0,3.4,Good,28.0,28.625553262065402,77.2208825649334
103074,Royal Kitchen 178,1,2.0,3.4,Good,48.0,28.671953039535442,77.18453075839774
103075,Green Point 520,5,4.0,3.8,Good,219.0,19.125024723126312,72.77499984725716
103076,Starbucks,10,2.0,3.4,Good,,22.58540541185362,88.40201954496192
103077,Royal Restaurant 203,12,3.0,2.1,Average,72.0,22.992619658461436,72.52625797967644
103078,Royal Cafe 255,1,2.0,3.0,Good,376.0,28.675751932206335,77.2422058447906
103079,Cafe Studio 991,1,3.0,4.2,Very Good,700.0,28.650973494194158,77.17488668610055
103080,The Food Studio 82,12,4.0,5.0,Excellent,264.0,22.970670459055555,72.55515019088811
103081,,7,1.0,2.2,Average,104.0,18.458912202915645,73.77677424279436
103082,Barbeque Nation,10,1.0,3.3,Good,180.0,22.52270989925911,88.37876243016828
103083,Cafe Restaurant 444,1,2.0,0.0,Not rated,48.0,28.596621608745664,77.188912305967
103084,Curry Corner 781,5,2.0,4.5,Excellent,28.0,19.10756239870427,72.86487041891175
103085,Urban Garden 610,6,1.0,2.1,Average,208.0,13.002328301358252,77.59127407743057
103086,Grill Restaurant 180,6,1.0,3.4,Good,495.0,12.983525194581345,77.53691951346943
103087,Curry Garden 465,2,1.0,2.1,Average,117.0,28.454584107228378,77.0507885768652
103088,Grill Cafe 493,1,4.0,3.4,Good,11.0,28.696895781540512,77.18927749353705
103089,McDonald's,5,2.0,3.2,Good,89.0,19.077189581323253,
103090,Green Hub 939,1,5.0,3.7,Good,630.0,28.610855513315325,77.19221409980327
103091,Domino's Pizza,3,1.0,2.3,Average,24.0,28.5177347499489,77.3773649597512
103092,Bistro Restaurant 384,13,1.0,3.4,Good,453.0,25.2822197657711,55.22331957087087
103093,Tasty House 994,2,1.0,3.0,Good,99.0,28.4847314968574,76.97012365816609
103094,Tasty Studio 316,9,1.0,3.2,Good,177.0,13.046492919876876,80.30141904115344
103095,Cafe Kitchen 419,1,3.0,4.0,Very Good,92.0,28.573546290145448,77.24614004017528
103096,Urban House 955,6,4.0,2.8,Average,40.0,12.9127986920489,77.57481100697102
103097,Green House 981,13,1.0,3.5,Good,1167.0,25.201413063104006,55.275046342830144
103098,Bistro Express 522,1,1.0,2.6,Average,442.0,28.5614533003351,77.252465305596
103099,House Restaurant 378,1,1.0,0.0,Not rated,201.0,28.573033902150417,77.21913129512224
103100,House House 949,3,2.0,3.4,Good,592.0,28.57289194719379,77.4079685666879
103101,Green Point 490,1,1.0,2.9,Average,319.0,28.645084870956097,77.21205433004445
103102,Pizza Hut,7,1.0,2.6,Average,519.0,18.57259906925864,73.83386198076565
103103,House Corner 715,11,1.0,3.5,Good,84.0,26.86093879046417,75.80079084447051
103104,Royal Garden 620,3,3.0,4.2,Very Good,1269.0,28.500418795327622,77.45626622497547
103105,House Hub 261,1,2.0,,Average,852.0,28.591900238545076,77.19078528690082
103106,Cafe Bites 862,3,2.0,2.5,Average,251.0,28.592902973519266,77.42136130612796
103107,KFC,7,1.0,3.5,Good,135.0,18.52260087414568,73.86304785381012
103108,House Restaurant 939,1,3.0,2.5,Average,33.0,28.67767089104622,77.18835740140155
103109,Bistro Cafe 998,5,4.0,2.8,Average,221.0,19.097960547439516,72.90903481211416
103110,Grill Point 898,5,1.0,2.3,Average,1226.0,19.072065252275742,72.90496480066894
103111,Tasty Garden 709,5,1.0,2.7,Average,38.0,19.096084327947498,72.89801379007336
103112,Grill Bites 908,1,2.0,2.3,Average,533.0,28.55337166478795,77.27020154696167
103113,The Food Restaurant 422,7,1.0,1.7,Poor,72.0,18.44850168788821,73.92094415160021
103114,Bistro Kitchen 112,1,1.0,2.3,Average,92.0,28.62297401987295,77.21088884818299
103115,Kitchen Hub 276,1,2.0,3.6,Good,45.0,28.614404071529798,77.20528606131715
103116,Bistro House 716,10,2.0,2.4,Average,59.0,22.64027661371144,88.31394183601908
103117,Royal Studio 2,7,1.0,2.8,Average,374.0,18.472136759535918,73.91036211334834
103118,Starbucks,1,2.0,4.5,Excellent,635.0,28.626935835821666,77.20644384477909
103119,Tasty Bites 296,1,4.0,3.6,Good,266.0,28.63823474982465,77.18769076396262
103120, Royal Hub 384 ,1,1.0,3.2,Good,97.0,28.62589844720527,77.17633025109798
103121,McDonald's,1,2.0,2.6,Average,40.0,28.65236311017189,77.17608101154238
103122,McDonald's,1,1.0,4.4,Very Good,256.0,28.59176697146119,77.27055515602603
103123,Urban Studio 581,1,1.0,0.0,Not rated,,28.643028107362145,77.24043974278308
103124,Royal Point 61,3,2.0,3.1,Good,231.0,28.555153378878718,77.33892037448334
103125,Green Garden 924,7,1.0,3.9,Good,142.0,18.561204899022446,73.80603556403346
103126,Curry Bites 935,5,1.0,2.9,Average,117.0,19.058109275035427,72.88196528098555
103127,House Hub 82,6,1.0,3.0,Good,212.0,12.930082882835688,77.55902384515598
103128,Tasty Kitchen 284,1,2.0,3.0,Good,270.0,28.591900531947893,77.20017796901048
103129,Domino's Pizza,12,2.0,3.0,Good,804.0,22.98529295962495,72.62575576710638
103130,Curry Studio 689,9,1.0,3.2,Good,119.0,13.062925770573163,80.30812960539512
103131,Spice Corner 273,8,2.0,3.6,Good,393.0,17.373300084209028,78.42680171459317
103132,Spice Bites 597,9,1.0,2.6,Average,1520.0,13.0508012987998,80.23531089271214
103133,Spice Kitchen 217,12,2.0,,Average,333.0,23.02277207525795,72.57999933836014
103134,Spice House 618,4,1.0,2.6,Average,683.0,28.36763440181791,77.3573418340493
103135,The Food Studio 485,1,2.0,2.3,Average,68.0,28.61133798518509,77.18023473797327
103136,Cafe House 345,5,4.0,2.6,Average,64.0,19.058667221470156,72.8905984085554
103137,Kitchen Express 837,7,3.0,3.6,Good,162.0,18.516156914085546,73.84077788096658
103138,Pizza Hut,7,1.0,0.0,Not rated,84.0,18.53416752907016,73.9180222282642
103139,Tasty Cafe 59,4,3.0,4.0,Very Good,827.0,28.394261912616365,77.33958452567303
103140,Kitchen Kitchen 4,1,1.0,1.5,Poor,50.0,28.58667131001541,77.20223582496585
103141,Bistro House 743,2,4.0,3.4,Good,170.0,28.436591500026715,76.9742866677214
103142,Royal Corner 617,11,1.0,2.3,Average,572.0,26.948209314662453,75.7501490957819
103143,Haldiram's,5,1.0,3.1,Good,233.0,19.120671025986162,72.78931708838195
103144,Bistro Point 378,4,1.0,2.7,Average,160.0,28.3908785352492,77.32732865118368
103145,House Bites 891,1,1.0,3.4,Good,256.0,28.608491340577242,77.2323112280123
103146,Tasty Bites 193,2,2.0,3.2,Good,44.0,28.399846046620535,77.05167596310781
103147,The Belgian Waffle Co,11,4.0,2.4,Average,36.0,26.906032078623124,75.76581027258646
103148,Kitchen Corner 649,6,2.0,2.6,Average,21.0,12.92079555752516,77.63940263037755
103149,Spice Restaurant 334,8,2.0,3.2,Good,235.0,17.3679081893662,78.54212459100384
103150,Green Cafe 497,3,2.0,3.3,Good,586.0,28.57320803448752,77.36771224111729
103151,Cafe Kitchen 357,5,1.0,2.1,Average,372.0,19.02343351298987,72.91905291606385
103152,Curry Bites 878,1,1.0,2.0,Average,583.0,28.582329623381735,77.21389505620836
103153,Urban Restaurant 395,6,1.0,3.0,Good,1072.0,12.940201590056983,77.57616330920365
103154,Green Restaurant 147,3,1.0,2.1,Average,171.0,28.47709012976831,77.43409186698764
103155,Cafe Restaurant 517,3,1.0,1.9,Poor,126.0,28.56569469170392,77.3487719140639
103156,Barbeque Nation,6,1.0,2.7,Average,1031.0,12.981303331183039,77.54262703540759
103157,The Food Bites 562,12,1.0,2.7,Average,67.0,23.085809897526453,72.5575328154403
103158,Curry Hub 918,1,1.0,2.4,Average,34.0,28.579063856023183,77.20100127988948
103159,Urban Studio 679,9,3.0,2.9,Average,111.0,13.020674701973482,80.21318437262046
103160,Green Point 175,1,1.0,3.0,Good,98.0,28.64684615865807,77.22617324707588
103161,House Restaurant 92,3,2.0,2.7,Average,173.0,28.522870676137888,77.36368205771483
103162,Starbucks,1,2.0,3.2,Good,62.0,28.597568157285767,77.16317276649974
103163,Pizza Hut,1,2.0,3.0,Good,276.0,28.665630924334213,77.23173850989006
103164,The Food Point 737,3,1.0,3.1,Good,87.0,28.541441682685644,77.37597066257081
103165,Curry Bites 127,1,1.0,3.6,Good,922.0,28.645546853492668,77.24601490441927
103166,Grill Bites 743,3,1.0,3.5,Good,43.0,28.513707342691276,77.40707341042847
103167,Bistro Express 893,11,1.0,3.8,Good,174.0,26.887019937275536,75.78037167914867
103168,Biryani Blues,1,1.0,3.5,Good,127.0,28.601111938567456,77.2474290952186
103169,Cafe Kitchen 660,8,2.0,3.4,Good,253.0,17.408462831281152,78.50141294571937
103170,Bistro Restaurant 754,2,2.0,2.9,Average,542.0,28.461281503107646,77.02590956833478
103171,House Bites 804,6,2.0,2.9,Average,237.0,12.987978634121497,77.61250998527078
103172,Tasty Point 229,1,1.0,2.4,Average,129.0,28.522786861712653,77.22804903103857
103173,The Food Kitchen 115,1,1.0,3.0,Good,413.0,28.548031108569262,77.17069630144043
103174,Starbucks,1,3.0,3.9,Good,608.0,28.5385212268671,77.29153659920001
103175,Green Restaurant 965,1,1.0,2.5,Average,218.0,28.60062471509999,77.21136750917995
103176,Pizza Hut,1,2.0,3.2,Good,295.0,28.564981904391583,77.21206755242748
103177,Pizza Hut,6,2.0,2.8,Average,374.0,13.030737916723094,77.53310085807232
103178,Cafe Restaurant 2,10,1.0,3.1,Good,22.0,22.571851526178772,88.36839874516514
103179,Cafe Lounge 195,9,1.0,2.6,Average,102.0,13.090284095851583,80.27671336754615
103180,Tasty Express 790,6,2.0,2.7,Average,260.0,12.933457275926214,77.55435694771452
103181,House Hub 533,1,1.0,2.6,Average,110.0,28.574665416823397,77.17261530182303
103182,Cafe Point 110,1,1.0,3.3,Good,129.0,28.66819335229067,77.17752466903953
103183,Grill Studio 324,1,1.0,2.9,Average,272.0,28.676284431360816,77.19867165438053
103184,Cafe Coffee Day,1,1.0,0.0,Not rated,147.0,28.628453770437204,77.21646547124521
103185,Curry Bites 467,4,2.0,3.4,Good,340.0,28.337788825707417,77.3099956106939
103186,Cafe Coffee Day,4,3.0,3.1,Good,66.0,28.394008265428166,77.32839635705454
103187,The Belgian Waffle Co,2,1.0,3.7,Good,34.0,28.47046436202723,77.05023463200583
103188,Bistro Corner 614,2,3.0,0.0,Not rated,246.0,28.451521180548117,77.04560108144662
103189,Grill Restaurant 127,9,4.0,3.5,Good,76.0,13.008494186829322,80.28344355035841
103190,Bistro Cafe 490,8,4.0,2.7,Average,59.0,17.449733045161476,78.49669904232486
103191,Green Studio 299,1,3.0,,Good,58.0,28.58465771164343,77.21912167184523
103192,Tasty Corner 830,11,1.0,1.9,Poor,576.0,26.865459780542782,75.782163274407
103193,Bistro Point 869,12,1.0,3.5,Good,253.0,23.021419333140635,72.54830587727257
103194,Green Restaurant 754,2,2.0,3.7,Good,311.0,28.500948871259617,77.02333917749633
103195,McDonald's,2,2.0,3.7,Good,481.0,28.477455576025754,77.04946035049349
103196,Bistro House 307,3,3.0,3.4,Good,180.0,28.489452577138753,77.41366195147468
103197,House Hub 23,12,4.0,3.0,Good,617.0,22.97067922368902,72.58917544032458
103198,Kitchen House 695,10,2.0,0.0,Not rated,20.0,22.495894744434167,88.34726798709296
103199,Kitchen House 401,1,1.0,,Very Good,55.0,28.60369383860378,77.20142383741363
103200,Starbucks,2,1.0,3.9,Good,51.0,28.442941817296237,77.01915745915285
103201,Bistro Point 718,5,1.0,3.1,Good,301.0,19.09398547116263,72.85645284525927
103202,Tasty Kitchen 135,3,2.0,2.9,Average,320.0,28.511507141502722,77.42228815194171
103203,Cafe Corner 871,1,2.0,4.1,Very Good,122.0,28.647979762302466,77.1445792399107
103204,The Food Studio 671,10,3.0,2.9,Average,127.0,22.595513946601905,88.43467027209196
103205,McDonald's,6,2.0,3.3,Good,907.0,12.946089142407365,77.66718593830629
103206,Curry Garden 919,9,3.0,4.3,Very Good,97.0,13.096391110810048,80.2724502546494
103207,Subway,10,2.0,2.7,Average,235.0,22.619114023193628,88.3780820494297
103208,Green Restaurant 667,7,3.0,3.9,Good,90.0,18.486775291753084,73.88642069718395
103209,Starbucks,3,1.0,3.3,Good,732.0,28.528033524490986,77.36447219886374
103210,Urban Bites 805,5,3.0,3.4,Good,417.0,19.067852413270305,72.89756609256938
103211,Royal House 974,1,2.0,2.6,Average,27.0,28.60137997370016,77.25516707615606
103212,House Hub 949,6,1.0,2.5,Average,112.0,12.999666370841304,77.53150487991824
103213,Pizza Hut,1,1.0,3.2,Good,13.0,28.644737890251964,77.15857649337786
103214,Royal Corner 121,6,3.0,2.5,Average,480.0,12.985833561690216,77.62085692655776
103215,House Express 608,1,1.0,3.1,Good,2301.0,28.626462728761428,77.1995471545447
103216,ROYAL BITES 740,1,2.0,0.0,Not rated,5.0,28.594222705228308,77.19546824609515
103217,Spice Kitchen 247,1,1.0,3.6,Good,33.0,28.62546847856543,77.19754905130029
103218,The Food Restaurant 611,1,2.0,2.3,Average,184.0,28.568919062453997,77.1695559923403
103219,House Restaurant 385,7,3.0,4.3,Very Good,226.0,18.607148970421186,73.84234306560725
103220,House Bites 92,7,1.0,4.1,Very Good,132.0,18.567659323848265,73.81048758334988
103221,House House 282,4,1.0,3.3,Good,21.0,28.44237878483185,77.3636052823266
103222,Curry Express 12,1,4.0,2.9,Average,255.0,28.628191808261732,77.21366421276
103223,KFC,1,3.0,3.2,Good,551.0,28.62822137058901,77.21272934650536
103224,The Belgian Waffle Co,1,3.0,3.4,Good,6679.0,28.55474575773349,77.23233250436346
103225,Grill Point 24,1,1.0,3.2,Good,932.0,28.569848596341597,77.30665745330707
103226,Cafe Studio 281,10,1.0,3.0,Good,34.0,22.532911059038373,88.32706279838564
103227,Urban Cafe 186,1,1.0,3.2,Good,179.0,28.615942274944477,77.14452226669044
103228,House Restaurant 445,2,2.0,3.1,Good,373.0,28.449646769965184,77.02552596950119
103229,Royal Kitchen 334,1,1.0,3.2,Good,76.0,28.642296492338453,77.14506451160352
103230,Haldiram's,1,1.0,2.7,Average,432.0,28.580105830973206,77.1971468191782
103231,Starbucks,4,1.0,2.8,Average,401.0,28.44483146863881,77.34840709055923
103232,Haldiram's,5,1.0,2.6,Average,748.0,19.04728669005662,72.93117973944234
103233,Grill Studio 66,1,3.0,4.6,Excellent,675.0,28.59927127270589,77.15419827470973
103234,Cafe Lounge 731,1,1.0,4.0,Very Good,309.0,28.645240566476055,77.1759854502768
103235,House Kitchen 772,2,2.0,3.6,Good,89.0,28.477162910541672,77.03932107658967
103236,House Kitchen 186,1,3.0,4.3,Very Good,46.0,28.57009904039337,77.23538865726022
103237,Bistro Hub 6,1,1.0,3.5,Good,255.0,28.651142121809446,77.23737818181797
103238,Kitchen Kitchen 41,13,2.0,3.3,Good,112.0,25.2079145204762,55.32242906352951
103239,Subway,5,4.0,2.6,Average,108.0,19.001022769903138,72.9032009511552
103240,Urban Lounge 263,5,4.0,3.4,Good,772.0,19.046506133213697,72.87350442780563
103241,Spice Kitchen 128,2,1.0,2.8,Average,922.0,28.44516307170363,77.06376941371349
103242,Kitchen Lounge 176,3,1.0,2.3,Average,31.0,28.49457315504422,77.39344326322224
103243,House Corner 255,4,1.0,2.0,Average,107.0,28.455894942518484,77.32741513273922
103244,Grill Garden 675,6,2.0,0.0,Not rated,52.0,12.958483440287129,77.57730218394518
103245,Royal Cafe 503,6,2.0,3.4,Good,281.0,12.987706404340079,77.60008643527118
103246,Grill Express 621,1,2.0,2.4,Average,8.0,28.621130568211736,77.15196300375051
103247,Green Restaurant 102,3,1.0,2.5,Average,25.0,28.56020108830594,77.4272155231461
103248,Spice Point 38,2,1.0,0.0,Not rated,77.0,28.518056772454774,76.99128067114094
103249,Cafe Coffee Day,10,2.0,2.6,Average,426.0,22.596249519264187,88.33281788627437
103250,Green Hub 617,5,2.0,3.3,Good,204.0,19.136991496166495,72.79627110813762
103251,Cafe Express 285,4,2.0,3.1,Good,412.0,28.433478817173075,77.28901243697257
103252,Biryani Blues,1,1.0,3.3,Good,238.0,28.618503618037824,77.17545547934398
103253,Grill Garden 267,5,1.0,2.4,Average,752.0,19.087250963646085,72.88530486898988
103254,Royal House 468,1,1.0,3.1,Good,1140.0,28.5220121011814,77.16369124168833
103255,Cafe Coffee Day,2,1.0,3.1,Good,68.0,28.443569558884313,77.01105791537587
103256,Bistro Hub 549,1,1.0,3.1,Good,537.0,28.60887461056344,77.18519693909845
103257,The Belgian Waffle Co,6,1.0,3.1,Good,336.0,12.986931900577783,77.53299540221053
103258,House Restaurant 662,1,1.0,0.0,Not rated,2060.0,28.613007163322585,77.21733401575588
103259,Pizza Hut,2,1.0,4.4,Very Good,87.0,28.47118565933598,77.01892660506188
103260,House Lounge 620,11,1.0,0.0,Not rated,77.0,26.86608835192901,75.78869778206486
103261,McDonald's,1,2.0,0.0,Not rated,24.0,28.558552999471488,77.23805674284519
103262,Tasty House 27,4,1.0,1.5,Poor,37.0,28.36749037382942,77.3180636916277
103263,Green Kitchen 277,2,2.0,3.6,Good,321.0,28.51449180542974,77.01494623789165
103264,KFC,1,2.0,3.3,Good,240.0,28.569523539968984,77.24129153571256
103265,Tasty Kitchen 338,8,2.0,3.9,Good,417.0,17.357398824846054,78.47530090041786
103266,Kitchen Express 797,1,4.0,3.8,Good,397.0,28.61758037174004,77.19133916951718
103267,Green Garden 11,3,1.0,3.0,Good,129.0,28.479793196977756,77.41443466050241
103268,Subway,5,2.0,3.9,Good,156.0,19.04546793104194,72.85039919986178
103269,Urban Kitchen 180,5,4.0,4.4,Very Good,70.0,19.09968736287286,72.91855317961833
103270,The Food Cafe 842,6,3.0,2.5,Average,64.0,12.956268515994505,77.60021397395016
103271,Urban Lounge 358,1,1.0,2.5,Average,145.0,28.672822018145713,77.26391460327876
103272,The Food Lounge 278,1,1.0,2.9,Average,217.0,28.55445053759934,77.20690343785442
103273,Spice Hub 326,7,1.0,3.1,Good,432.0,18.508303888352994,73.88988913219293
103274,Tasty Hub 354,4,2.0,3.1,Good,381.0,28.393577766343032,77.26042949862124
103275,House Lounge 565,9,2.0,3.5,Good,1361.0,13.082387304597503,80.31557328587381
103276,Tasty Studio 607,9,1.0,3.6,Good,58.0,13.03976327408941,80.29482516656786
103277,Domino's Pizza,9,2.0,4.3,Very Good,173.0,13.062383274263812,80.24810875389629
103278,Bistro Hub 674,3,2.0,0.0,Not rated,29.0,28.563119320072893,77.42127252016695
103279,Burger King,2,1.0,2.4,Average,753.0,28.450070954119212,76.98224908891503
103280,The Food Corner 941,8,3.0,3.3,Good,99.0,17.347559523317763,78.46929339990717
103281,Kitchen Restaurant 797,3,3.0,0.0,Not rated,,28.608301759096477,77.36121187938588
103282,Cafe House 724,1,1.0,3.3,Good,1143.0,28.615618493373347,77.24119987007069
103283,Curry Express 818,10,2.0,3.5,Good,325.0,22.59406703848165,88.40759151368256
103284,The Food Garden 976,10,1.0,4.3,Very Good,334.0,22.59934505093873,88.34818673261118
103285,Bistro Point 313,3,2.0,2.9,Average,178.0,28.533023476202544,77.34650032606295
103286,Urban Garden 417,1,4.0,0.0,Not rated,60.0,28.586258972674177,77.17480939645924
103287,Urban Bites 82,2,3.0,4.9,Excellent,153.0,28.466471918656758,77.02982254182288
103288,Subway,8,1.0,2.6,Average,132.0,17.360496092944693,78.48772485393677
103289,Royal Cafe 59,11,1.0,3.1,Good,1741.0,26.925404907881514,75.77539684485858
103290,Cafe Coffee Day,1,1.0,2.4,Average,41.0,28.608151588100256,77.17996040175046
103291,Curry Corner 986,1,2.0,3.3,Good,240.0,28.649929525338578,77.26599487316709
103292,House Lounge 955,10,1.0,2.5,Average,379.0,22.532647483934653,88.34219996913048
103293,Curry Studio 528,2,2.0,3.9,Good,148.0,28.484648092308845,76.99745023884145
103294,House Lounge 715,4,1.0,3.1,Good,299.0,28.43038230939507,77.3579564577192
103295,Domino's Pizza,13,1.0,2.4,Average,23.0,25.19643418485706,55.2609129398847
103296,Bistro Corner 732,1,1.0,3.5,Good,1018.0,28.63945684404245,77.22691713050862
103297,Grill Restaurant 354,6,4.0,3.7,Good,835.0,12.986261250394797,77.56396917933301
103298,Bistro Bites 974,1,2.0,3.8,Good,183.0,28.637250312277917,77.22671291082791
103299,Grill Bites 624,2,,2.3,Average,49.0,28.480623063854573,77.05233178796033
103300,Barbeque Nation,8,1.0,3.2,Good,490.0,17.386754213032013,78.44762966091251
103301,House Lounge 926,3,2.0,3.7,Good,48.0,28.514632849590868,77.37230741743979
103302,KFC,15,1.0,2.7,Average,46.0,1.3308285676535108,103.78813078855319
103303,Royal Lounge 362,5,2.0,2.4,Average,142.0,19.068487375284334,72.85921909350873
103304,Tasty Studio 389,1,,3.4,Good,1268.0,28.64341001733094,77.26503777182943
103305,KFC,1,2.0,0.0,Not rated,200.0,28.63602871086745,77.21799128400386
103306,House Point 852,2,2.0,3.9,Good,94.0,28.49470935170456,77.09478104958218
103307,Urban Garden 307,2,2.0,2.9,Average,20.0,28.49821973771519,77.07849712994033
103308,The Food Point 3,1,3.0,2.6,Average,167.0,28.606305232811295,77.2485811547627
103309,Cafe House 223,2,3.0,3.1,Good,243.0,28.528184758687008,77.07750331729054
103310,House Lounge 846,3,2.0,0.0,Not rated,82.0,28.531860698292814,77.43159755149324
103311,Curry Cafe 869,7,1.0,3.3,Good,1779.0,18.503113623838928,73.91635816730692
103312,Kitchen Corner 631,6,2.0,3.1,Good,150.0,12.98326665430679,77.61366311773897
103313,The Food Express 110,6,1.0,2.5,Average,9.0,12.98852991898363,77.61862128507492
103314,Starbucks,1,2.0,3.9,Good,127.0,28.587945398620825,77.23202751973085
103315,Pizza Hut,1,2.0,3.3,Good,328.0,28.608347179917118,77.19361874600534
103316,Burger King,6,1.0,3.3,Good,301.0,12.955956000250294,77.62421626606333
103317,Urban Lounge 527,3,1.0,1.9,Poor,109.0,28.540454001769294,77.43502312735644
103318,Tasty Kitchen 936,1,2.0,1.6,Poor,83.0,28.641755065478556,77.18798557054687
103319,Royal Bites 257,8,3.0,2.5,Average,12.0,17.375693175318407,78.45669656998886
103320,Burger King,8,2.0,0.0,Not rated,100.0,17.405045024598632,78.4674144290545
103321,Kitchen House 914,5,2.0,3.6,Good,130.0,19.027390334579934,72.9251858599138
103322,Cafe Coffee Day,1,1.0,1.5,Poor,170.0,28.64504250386712,77.2007008215301
103323,Barbeque Nation,8,2.0,,Very Good,419.0,17.36912993750763,78.44805530350577
103324,Curry Hub 144,5,1.0,3.1,Good,839.0,19.059505848223743,72.84135127902087
103325,Tasty Corner 368,8,2.0,0.0,Not rated,27.0,17.399011896267364,78.4550659869317
103326,Bistro Point 114,7,1.0,2.4,Average,30.0,18.536251550104687,73.83174946994433
103327,Domino's Pizza,8,2.0,3.5,Good,94.0,17.381069220701896,78.4377367412622
103328,Burger King,4,1.0,3.1,Good,70.0,28.37779204529015,77.33899648666468
103329,Spice Hub 683,1,1.0,3.5,Good,69.0,28.597115087543887,77.20237327113524
103330,Barbeque Nation,6,4.0,3.4,Good,1157.0,12.974933484602284,77.61330580037928
103331,The Food Kitchen 432,5,1.0,0.0,Not rated,108.0,19.09314444001391,72.79729023082656
103332,Curry Bites 732,7,1.0,0.0,Not rated,1059.0,18.49159678204762,73.89423486301908
103333,Burger King,1,2.0,2.8,Average,166.0,28.59149502717042,77.20612601766152
103334,Bistro House 135,1,3.0,3.6,Good,45.0,28.623103027244554,77.2265005021446
103335,KFC,10,1.0,1.8,Poor,48.0,22.569687022573863,88.41714639922031
103336,Royal Hub 353,7,2.0,3.7,Good,731.0,18.525527439908497,73.86957471736022
103337,House Point 54,11,3.0,4.7,Excellent,61.0,26.820894562333564,75.8612061064139
103338,Kitchen House 612,7,1.0,2.2,Average,293.0,18.510078070631575,73.7909096509423
103339,Tasty Studio 297,5,1.0,2.9,Average,109.0,19.105864431537235,72.8665852836383
103340,Urban House 254,6,1.0,3.6,Good,62.0,12.950044376035303,77.5314786487722
103341,Bistro Lounge 192,10,3.0,3.4,Good,1076.0,22.589628395219187,88.37490397680665
103342,Urban Garden 718,5,1.0,3.1,Good,85.0,19.033693937444422,72.88037757319637
103343,Tasty Point 486,5,1.0,2.7,Average,57.0,19.021302522577844,72.83947364815586
103344,Urban Restaurant 748,1,2.0,2.9,Average,154.0,28.62852361527473,77.28507281371535
103345,Royal Point 876,3,2.0,3.1,Good,94.0,28.53359372667558,77.37841991126797
103346,House Hub 235,7,1.0,3.0,Good,2775.0,18.508643956718696,73.77948352184771
103347,Burger King,1,2.0,2.4,Average,574.0,28.643526324588915,77.23280647777739
103348,Subway,1,1.0,3.0,Good,83.0,28.602985573717564,77.23334870064843
103349,Tasty Corner 632,1,1.0,4.0,Very Good,119.0,28.59175832630066,77.19221774018324
103350,Domino's Pizza,1,2.0,2.9,Average,13.0,28.58797129977594,77.23659273220872
103351,Grill Garden 717,1,3.0,0.0,Not rated,106.0,28.580567918672966,77.1757414352636
103352,Green Point 345,2,1.0,2.9,Average,66.0,28.475832669730135,77.01199991499288
103353,Spice Lounge 438,11,3.0,2.9,Average,190.0,26.90147656783768,75.80107968318964
103354,The Food Kitchen 276,3,2.0,2.3,Average,12.0,28.57548823298902,77.42335176419046
103355,Kitchen Restaurant 429,1,,3.1,Good,172.0,28.510568391579,77.20115259519757
103356,Spice Hub 42,1,2.0,2.7,Average,1362.0,28.646199409503463,77.19211558415111
103357,The Belgian Waffle Co,6,1.0,0.0,Not rated,96.0,12.984187036540169,77.59315742569113
103358,Green Garden 484,2,4.0,3.7,Good,77.0,28.45632115588486,76.95497636589684
103359,Cafe Kitchen 442,9,3.0,2.4,Average,148.0,13.037500535680252,80.2609153792133
103360,Barbeque Nation,6,1.0,1.9,Poor,126.0,12.913504293782257,77.52528018125082
103361,The Food Kitchen 100,8,1.0,3.4,Good,2944.0,17.411288171830716,78.45724338457994
103362,House Lounge 789,1,1.0,1.7,Poor,86.0,28.62237513125097,77.15921616213292
103363,Kitchen Express 760,6,1.0,2.4,Average,33.0,12.979412655622395,77.6130889860021
103364,Bistro Cafe 542,1,1.0,1.8,Poor,137.0,28.61031352056692,77.18341753622937
103365,Green Bites 283,12,1.0,2.7,Average,208.0,23.052243267152765,72.61472658532524
103366,Burger King,5,2.0,3.5,Good,392.0,19.055494485472796,72.81304687378987
103367,KFC,1,1.0,3.1,Good,457.0,28.60212581986924,77.2004774722153
103368,Starbucks,1,3.0,5.0,Excellent,3116.0,28.60771915427096,77.21195918891101
103369,Spice Cafe 992,1,3.0,4.1,Very Good,105.0,28.60642190398778,77.22615253695766
103370,House Point 198,6,2.0,2.6,Average,67.0,13.018380037194303,77.66997569480714
103371,Urban Kitchen 965,1,3.0,2.6,Average,15.0,28.569994672148745,77.1401646188973
103372,Kitchen Garden 743,5,1.0,4.8,Excellent,591.0,19.0075900318664,72.8511849214692
103373,Green Lounge 739,1,1.0,3.7,Good,67.0,28.56300908171423,77.27889452922378
103374,McDonald's,6,2.0,3.6,Good,605.0,12.9955277832917,77.5623622509917
103375,Haldiram's,9,2.0,3.2,Good,98.0,13.079172888176831,80.28616144790425
103376,Grill Express 917,8,2.0,3.4,Good,1644.0,17.32904478120043,78.4538082184731
103377,House Restaurant 121,7,3.0,2.4,Average,25.0,18.523888276062227,73.80791069858927
103378,Urban Studio 430,1,4.0,3.7,Good,729.0,28.602560511823683,77.18045621016071
103379,Grill Corner 171,1,2.0,3.2,Good,563.0,28.63348231086656,77.27821683515087
103380,Bistro Hub 297,6,2.0,2.6,Average,308.0,12.999399324120569,77.55377060551731
103381,Biryani Blues,2,1.0,2.6,Average,39.0,28.54763556342554,77.0161624520625
103382,Starbucks,3,1.0,4.0,Very Good,421.0,28.494124721295293,77.38208780719951
103383,Burger King,1,2.0,3.1,Good,208.0,28.548703394421047,77.24107196861263
103384,Grill Lounge 995,1,1.0,4.3,Very Good,23.0,28.634519114025515,77.24851103219673
103385,Barbeque Nation,1,1.0,1.9,Poor,958.0,28.64843494229582,77.21277137359806
103386,Tasty Lounge 799,10,1.0,2.7,Average,105.0,22.5279506965266,88.25225945643886
103387,Cafe Garden 212,1,2.0,0.0,Not rated,573.0,28.56928449132457,77.17787688644177
103388,McDonald's,5,1.0,2.2,Average,134.0,19.08805282004536,72.83576932373447
103389,Cafe Restaurant 10,1,2.0,2.7,Average,556.0,28.673906898668513,77.24955386739184
103390,Grill Studio 516,6,1.0,3.2,Good,62.0,12.940918693746852,77.56236307764597
103391,Grill Garden 311,1,1.0,3.2,Good,237.0,28.6169473378371,77.26792223629188
103392,The Food Restaurant 275,11,1.0,2.6,Average,190.0,26.845929934563816,75.80158661380658
103393,Royal Point 47,10,1.0,1.6,Poor,85.0,22.56564950606256,88.40361792385326
103394,The Food Corner 655,2,3.0,4.4,Very Good,79.0,28.455522328773867,77.10555198913725
103395,Cafe Coffee Day,11,1.0,2.8,Average,3.0,26.963763915589148,75.75426605467122
103396,The Food Corner 658,15,1.0,2.3,Average,51.0,1.327366277219136,103.76310193855137
103397,Green Lounge 119,9,2.0,3.4,Good,456.0,13.106724363783893,80.27724496531468
103398,Pizza Hut,9,2.0,3.3,Good,32.0,13.055688333528662,80.30409267271571
103399,Kitchen Express 86,1,1.0,2.8,Average,37.0,28.61706162914099,77.18572908351575
103400,Grill Garden 740,5,1.0,3.1,Good,,19.14870624155778,72.87897352264272
103401,Biryani Blues,1,4.0,2.8,Average,216.0,28.676658550026257,77.25159633728536
103402,Spice Bites 836,1,2.0,0.0,Not rated,29.0,28.68251987783783,77.24813209644705
103403,Pizza Hut,15,1.0,2.4,Average,701.0,1.366015027278649,103.79943790364163
103404,Cafe Coffee Day,2,2.0,2.8,Average,417.0,28.45214081377439,77.03609700945573
103405,Domino's Pizza,7,1.0,3.4,Good,244.0,18.530372398856958,73.82394992512826
103406,CAFE KITCHEN 740,8,1.0,3.8,Good,303.0,,78.43595134327411
103407,Tasty Bites 264,10,2.0,4.2,Very Good,87.0,22.586226015308128,88.41143782525855
103408,House Cafe 565,15,3.0,4.1,Very Good,85.0,1.3272014710666078,103.74513785568789
103409,Barbeque Nation,1,1.0,2.8,Average,405.0,28.5875954075984,77.21568473082677
103410,Cafe Coffee Day,1,3.0,2.4,Average,478.0,28.593030972970208,77.19603969770262
103411,The Belgian Waffle Co,2,1.0,3.9,Good,510.0,28.49696103994453,77.0458066044762
103412,Tasty Hub 457,1,1.0,3.9,Good,117.0,28.65516629943265,77.18502510459372
103413,Starbucks,1,1.0,2.6,Average,97.0,28.72532018713963,77.24895658392839
103414,Royal Studio 96,2,1.0,3.6,Good,62.0,28.47439760200597,77.01882217909984
103415,Curry Hub 836,8,3.0,3.2,Good,475.0,17.35740498056428,78.53750051887651
103416,Green Cafe 503,5,2.0,4.2,Very Good,19.0,19.059238847182783,72.88535996419921
103417,Royal Bites 289,1,1.0,2.7,Average,10.0,28.608387424041005,77.17225638490503
103418,McDonald's,6,4.0,4.9,Excellent,21.0,13.024318701803587,77.61358975847666
103419,Tasty Bites 623,1,3.0,3.9,Good,14.0,28.639552858622952,77.22361572445683
103420,McDonald's,1,2.0,4.4,Very Good,1292.0,28.566761698766754,77.20525462824803
103421,Subway,8,3.0,3.1,Good,476.0,17.38301047474146,78.46050744717805
103422,House House 103,5,1.0,3.3,Good,41.0,19.02449832138192,72.90782228227356
103423,Royal Restaurant 769,8,3.0,2.8,Average,145.0,17.405736728143424,78.45291724454128
103424,Cafe Kitchen 387,1,2.0,3.7,Good,1269.0,28.58916172719377,77.17889942155563
103425,Urban Corner 782,9,3.0,4.0,Very Good,405.0,13.061306807123046,80.28916154435059
103426,Spice Hub 255,5,3.0,5.0,Excellent,3800.0,19.0102444037536,72.87032132950755
103427,The Food Hub 962,5,1.0,3.3,Good,161.0,19.102488644177765,72.80893312074402
103428,Spice Corner 981,5,3.0,3.9,Good,93.0,19.1183033350384,72.84403391915019
103429,Grill Restaurant 838,10,1.0,2.7,Average,42.0,22.548347020812923,88.37810466458262
103430,Bistro Kitchen 208,5,1.0,3.4,Good,195.0,19.070329476544448,72.86825873776635
103431,Biryani Blues,5,1.0,2.8,Average,537.0,19.05922425750123,72.87416156202413
103432,Royal Garden 340,14,3.0,3.5,Good,220.0,51.499760903975655,-0.11862844897028535
103433,Green Corner 557,7,1.0,3.1,Good,113.0,18.491712061587442,73.87267051998191
103434,House Lounge 127,3,2.0,3.0,Good,837.0,28.496991204500805,77.39506387501552
103435,Domino's Pizza,6,1.0,3.0,Good,337.0,13.019501689938382,77.47812016239453
103436,Cafe Coffee Day,2,4.0,3.4,Good,165.0,28.367109957501455,77.02466719947537
103437,Burger King,1,1.0,2.8,Average,63.0,28.63154399941552,77.19092808665233
103438,Subway,5,3.0,4.1,Very Good,161.0,19.08591662786219,72.8787720992957
103439,Burger King,11,3.0,0.0,Not rated,162.0,26.970287162924173,75.82466925512942
103440,Kitchen Bites 294,12,1.0,3.2,Good,68.0,23.01422649456686,72.53386384028602
103441,The Belgian Waffle Co,2,1.0,2.1,Average,30.0,28.44650439819689,77.02905923556808
103442,Bistro Kitchen 504,4,2.0,0.0,Not rated,49.0,28.380603861952665,77.33449652479361
103443,KFC,1,3.0,3.7,Good,191.0,28.626344729121072,77.19816646334989
103444,Cafe Coffee Day,15,2.0,2.9,Average,936.0,1.327311895424657,103.773982384637
103445,Cafe Express 122,14,1.0,4.4,Very Good,55.0,51.46789251005711,-0.1699363679723819
103446,Urban Corner 620,6,3.0,1.9,Poor,181.0,12.945802063157874,77.59339078753435
103447,Burger King,8,1.0,3.5,Good,137.0,17.351861539202805,78.46498748970149
103448,Cafe Hub 696,7,2.0,3.7,Good,152.0,18.48519151576013,73.78922629367347
103449,House Bites 309,5,3.0,0.0,Not rated,616.0,19.07898581026247,72.84976572060776
103450,The Food Express 897,1,1.0,3.1,Good,197.0,28.607091219153574,77.1634800013555
103451,Barbeque Nation,3,3.0,3.8,Good,66.0,28.554735744272698,77.41719386964292
103452,The Food Restaurant 818,6,2.0,3.8,Good,630.0,12.976753045673348,77.54265046126629
103453,Domino's Pizza,6,3.0,2.9,Average,472.0,12.929504739947793,77.64431398687091
103454,Royal Bites 151,2,1.0,3.2,Good,52.0,28.385210722973667,77.10219009387369
103455,Tasty Studio 739,12,1.0,2.9,Average,38.0,22.985534453624837,72.54547946730749
103456,Curry Kitchen 116,1,3.0,2.7,Average,272.0,28.640631826240238,77.18751795217702
103457,Bistro Garden 149,3,1.0,3.5,Good,186.0,28.56143884565672,77.42403166137872
103458,McDonald's,6,1.0,,Average,88.0,13.006063713183208,77.63254030086381
103459,Burger King,6,4.0,2.6,Average,597.0,13.000927898703138,77.57736525147456
103460,Curry House 493,6,1.0,2.6,Average,76.0,13.009650094053224,77.57920889411353
103461,Tasty Cafe 813,1,4.0,3.1,Good,301.0,28.628121073445236,77.19389412673215
103462,Royal Bites 944,1,1.0,3.7,Good,882.0,28.67700293444924,77.1791908370739
103463,Tasty Lounge 510,5,1.0,3.1,Good,116.0,19.086277770337226,72.90960245155044
103464,Curry Lounge 550,5,2.0,4.1,Very Good,22.0,19.14597423362248,72.88313985711015
103465,Tasty Kitchen 595,1,2.0,2.8,Average,100.0,28.59197639988495,77.18361305221377
103466,Grill Cafe 796,6,2.0,3.8,Good,263.0,12.948782120091233,77.5968615096241
103467,Bistro Point 720,3,2.0,5.0,Excellent,947.0,28.5287666107213,77.37775869187719
103468,Pizza Hut,6,3.0,3.6,Good,103.0,12.970288219116519,77.68222217559777
103469,Domino's Pizza,9,1.0,3.6,Good,1712.0,13.071456459267562,80.26199195610397
103470,Curry Hub 944,1,1.0,3.5,Good,38.0,28.63278837572871,77.23490685704407
103471,Pizza Hut,1,1.0,2.1,Average,175.0,28.610318778416147,77.22421460735951
103472,Royal Garden 472,8,2.0,3.6,Good,147.0,17.363748865376703,
103473,Haldiram's,5,1.0,3.2,Good,980.0,19.06213901233267,72.89310914806065
103474,Tasty Point 216,6,1.0,2.8,Average,26.0,13.014216811127922,77.60196715922767
103475,Spice Restaurant 142,9,2.0,2.6,Average,271.0,13.093800804556919,80.35773703187421
103476,Starbucks,8,1.0,3.5,Good,143.0,17.326330308794855,78.48330180112059
103477,Tasty Restaurant 27,13,1.0,2.4,Average,1032.0,25.257671854676765,55.1795620009739
103478,Tasty Express 56,4,2.0,4.6,Excellent,87.0,28.424072801339882,77.39441642774025
103479,House Cafe 76,3,1.0,3.1,Good,299.0,28.557869577679426,77.37316255658394
103480,Cafe Hub 31,2,3.0,2.6,Average,55.0,28.49201750020554,77.02962631206195
103481,McDonald's,1,2.0,2.9,Average,215.0,28.648225623919714,77.18996781305191
103482,KFC,5,1.0,2.8,Average,105.0,19.043831024307913,72.85673793338114
103483,Burger King,1,2.0,4.8,Excellent,159.0,28.576442482428504,77.16984683445172
103484,McDonald's,11,1.0,2.4,Average,12.0,26.996274041640348,75.71721297718713
103485,Royal Restaurant 541,5,3.0,3.3,Good,312.0,19.051567278779917,72.8525878357552
103486,The Food Studio 422,5,4.0,3.3,Good,48.0,19.089252871453667,72.89569869240297
103487,Curry Bites 712,2,2.0,3.5,Good,48.0,28.51660127383775,76.9689753958414
103488,KFC,1,2.0,2.9,Average,24.0,28.59837729148582,77.22668702279758
103489,The Belgian Waffle Co,1,1.0,0.0,Not rated,24.0,28.601295714588428,77.290191156958
103490,McDonald's,2,1.0,2.9,Average,318.0,28.491926243032673,77.03663784969314
103491,Spice House 853,1,3.0,3.2,Good,319.0,28.62135058552852,77.16036836936104
103492,Curry Lounge 729,5,1.0,2.6,Average,365.0,19.09332893591681,72.89178795986135
103493,Cafe Lounge 314,10,1.0,2.6,Average,44.0,22.56978506982899,88.39741639993083
103494,Tasty Hub 279,10,1.0,3.8,Good,271.0,22.554177184993282,88.40954804385512
103495,Grill House 974,6,2.0,3.0,Good,80.0,12.959947061111428,77.60116947242162
103496,Subway,1,1.0,2.3,Average,492.0,28.65568915699308,77.23015537041786
103497,Spice Point 402,10,3.0,3.1,Good,303.0,22.562253342381975,88.39365731950141
103498,Starbucks,10,1.0,0.0,Not rated,39.0,22.587605328533556,88.38497935980084
103499,Cafe Kitchen 837,1,1.0,2.1,Average,524.0,28.57999198590943,77.22014223513185
103500,Curry Express 669,7,2.0,4.3,Very Good,437.0,18.59180977000203,73.83434021085219
103501,Tasty Hub 56,1,1.0,3.6,Good,35.0,28.625060618362415,77.24240475193045
103502,House House 200,8,2.0,4.1,Very Good,27.0,17.39688642222682,78.46794615392172
103503,Urban Kitchen 372,15,1.0,3.3,Good,34.0,1.3845197554420736,103.91088682082828
103504,Kitchen Corner 246,1,1.0,1.6,Poor,1005.0,28.5970686479741,77.18660621274216
103505,Grill Kitchen 67,11,1.0,4.0,Very Good,60.0,26.95418118443066,75.81539035284534
103506,Domino's Pizza,5,3.0,2.8,Average,1739.0,19.022929324385544,72.83298710654074
103507,The Food Point 565,13,2.0,2.7,Average,42.0,25.183295283836177,55.25411431456085
103508,Domino's Pizza,3,3.0,3.5,Good,44.0,28.50745702877953,77.37037733170207
103509,Urban Cafe 579,9,1.0,3.9,Good,637.0,13.016879076694638,80.22284571382043
103510,Barbeque Nation,1,2.0,3.9,Good,675.0,28.595396023175024,77.1888956849238
103511,Pizza Hut,2,2.0,3.8,Good,416.0,28.45768169327031,77.03921315382415
103512,Cafe Coffee Day,1,4.0,3.4,Good,442.0,28.575752851837045,77.20034080865184
103513,Pizza Hut,13,2.0,3.0,Good,63.0,25.161598687779705,55.312553857949815
103514,Tasty Lounge 200,9,2.0,3.4,Good,538.0,13.084137631331341,80.23810053636865
103515,Tasty Restaurant 365,9,1.0,2.9,Average,229.0,13.079900297048706,80.29510632455965
103516,Bistro Bites 100,12,2.0,3.8,Good,131.0,23.01319894617506,72.5506598788553
103517,Bistro Lounge 104,1,2.0,3.7,Good,228.0,28.569585388949854,77.24852120094556
103518,Royal Corner 602,2,3.0,3.8,Good,781.0,28.445691206126696,77.05401790589363
103519,Curry Cafe 890,1,1.0,1.4,Poor,199.0,28.59058039708525,77.24445513091015
103520,The Food Hub 156,1,1.0,3.1,Good,11.0,28.61690574882154,77.20335212877795
103521,Urban Bites 96,1,1.0,2.9,Average,519.0,28.594340869756557,77.25552749306621
103522,,3,1.0,0.0,Not rated,249.0,28.534143611894255,77.33290115301178
103523,Royal Restaurant 165,1,1.0,2.5,Average,97.0,28.568021383691722,77.22462001660631
103524,Grill Lounge 747,1,3.0,2.5,Average,180.0,28.56501036028274,77.21383785969135
103525,Grill Express 459,1,2.0,3.5,Good,223.0,28.633413899930233,77.23818955087334
103526,Kitchen Garden 369,1,3.0,3.2,Good,15.0,28.640687334570075,77.20634920619526
103527,Tasty Corner 913,13,3.0,3.8,Good,125.0,25.191054655456096,55.2363582540617
103528,House House 245,7,1.0,2.6,Average,101.0,18.52136726446977,73.81848536627109
103529,Biryani Blues,13,2.0,4.1,Very Good,181.0,25.18906003816045,55.27038666508403
103530,Royal Cafe 643,3,1.0,3.7,Good,105.0,28.57390290065919,77.38189592522136
103531,Urban Corner 147,1,3.0,3.6,Good,455.0,28.60679146614515,77.23899236527906
103532,The Food Lounge 889,8,1.0,2.9,Average,61.0,17.36753935214956,78.52008447943506
103533,Urban Studio 97,2,1.0,3.6,Good,619.0,28.49332045985744,77.02827394774316
103534,Royal Garden 166,1,1.0,3.3,Good,401.0,28.58680718926589,77.20989836355093
103535,Biryani Blues,1,2.0,3.4,Good,1041.0,28.619381571777733,77.24626143310707
103536,Urban Kitchen 184,1,1.0,3.7,Good,1774.0,28.577203550372932,77.20042710008092
103537,Curry Garden 485,1,1.0,3.9,Good,1869.0,28.63715923669795,77.20185469951083
103538,Curry Bites 947,2,3.0,2.6,Average,36.0,28.488039660084056,76.98030406419026
103539,KFC,6,3.0,2.7,Average,250.0,12.926495717058625,77.6253498338861
103540,Curry Corner 373,1,1.0,2.5,Average,63.0,28.563337537280955,77.20585653285723
103541,Tasty House 878,1,2.0,2.2,Average,8816.0,28.62399895962298,77.24878990056784
103542,House Hub 452,8,3.0,3.4,Good,409.0,17.452928664623006,78.44445453767653
103543,Cafe Express 383,1,1.0,3.4,Good,1116.0,28.644838987533785,77.19180051637176
103544,Burger King,2,3.0,3.4,Good,327.0,28.452068281979503,77.0597126287214
103545,The Food Bites 44,10,1.0,2.7,Average,6.0,22.542699455405014,88.37531665554062
103546,House Corner 759,1,2.0,3.9,Good,79.0,28.571335745416565,77.16759045863128
103547,Bistro Lounge 9,1,2.0,3.3,Good,78.0,28.638997602551505,77.24128957220093
103548,KFC,3,2.0,3.4,Good,116.0,28.567797094154184,77.34533219434029
103549,Royal Cafe 409,1,3.0,4.2,Very Good,355.0,28.59180942116828,77.2379786108765
103550,Green House 896,5,1.0,0.0,Not rated,168.0,19.06736451378014,72.84341223392883
103551,Urban Express 478,8,1.0,4.3,Very Good,8.0,17.386643471834017,78.52910164330332
103552,GRILL STUDIO 112,1,2.0,2.9,Average,126.0,28.677349626060153,77.2129511648915
103553,Starbucks,5,3.0,4.7,Excellent,137.0,19.07828036054901,72.88974179098832
103554,Burger King,3,1.0,2.4,Average,857.0,28.501166685077727,77.38816351079907
103555,Green House 337,1,3.0,3.7,Good,425.0,28.573417519361204,77.21206864370228
103556,Pizza Hut,5,1.0,2.6,Average,126.0,19.044107150437895,72.88060361872125
103557,Curry Point 720,1,1.0,3.7,Good,268.0,28.658140770325417,77.23369813931791
103558,Urban Garden 466,3,2.0,2.9,Average,20.0,28.553459913967764,77.38879611039775
103559,McDonald's,1,1.0,3.2,Good,416.0,28.60180772213316,77.26018079464131
103560,Royal Bites 219,3,2.0,2.8,Average,101.0,28.433114617733075,77.36523516730946
103561,Spice Cafe 793,1,1.0,3.6,Good,72.0,28.58405787515863,77.23912307230512
103562,Kitchen House 485,9,1.0,2.6,Average,824.0,13.09473892994879,80.29044613568198
103563,Subway,1,2.0,4.3,Very Good,326.0,28.626225866507617,77.25216901429074
103564,House House 277,2,2.0,2.6,Average,69.0,28.47152106757266,77.03083225473813
103565,Royal Kitchen 146,3,1.0,2.1,Average,67.0,28.488344332379363,77.40252984745234
103566,Burger King,7,1.0,3.6,Good,313.0,18.52659504866955,73.8678333334025
103567,Starbucks,5,1.0,2.6,Average,228.0,19.04184313274304,72.83514274329377
103568,Tasty Lounge 220,6,2.0,3.2,Good,188.0,12.971666185962578,77.60838393868703
103569,The Food Hub 851,8,4.0,3.4,Good,42.0,17.358127900096367,78.60114673580854
103570,Burger King,10,3.0,2.5,Average,41.0,22.610065117783314,88.42022098197704
103571,The Food Hub 204,1,1.0,2.9,Average,66.0,28.625710643739684,77.18170406683765
103572,Tasty Studio 487,4,1.0,3.8,Good,162.0,28.40388685606361,77.25478179012775
103573,Royal Restaurant 448,9,3.0,4.1,Very Good,210.0,13.131013218203512,80.27252644529744
103574,Bistro Cafe 399,14,2.0,3.4,Good,155.0,51.49436276205835,-0.08988352548977549
103575,Grill Cafe 204,10,2.0,3.9,Good,184.0,22.52307244504502,88.3625473197388
103576,The Belgian Waffle Co,2,3.0,2.7,Average,1712.0,28.496455573745916,77.09272188033884
103577,Royal Express 681,1,1.0,2.8,Average,481.0,28.622727345053864,77.18169131143358
103578,Bistro Restaurant 846,3,2.0,0.0,Not rated,397.0,28.524346298652635,77.39887404195412
103579,Kitchen Corner 155,7,4.0,3.5,Good,347.0,18.497868915079763,73.85289813245441
103580,Royal Studio 886,3,2.0,3.0,Good,190.0,28.553377424011096,77.41659948995093
103581, House House 270 ,3,1.0,2.2,Average,243.0,28.56397722655181,77.41899719386446
103582,Spice Studio 966,9,1.0,1.6,Poor,169.0,13.055864977842495,80.31230222088608
103583,Royal Bites 461,2,1.0,3.5,Good,533.0,28.479286907129207,77.02226230439611
103584,Cafe Kitchen 38,10,2.0,0.0,Not rated,26.0,22.581371213540894,88.40792273006402
103585,Subway,2,1.0,3.6,Good,491.0,28.430470319459083,77.03867437982905
103586,Grill Hub 616,2,1.0,2.7,Average,200.0,28.459635045051108,77.07419019094995
103587,Kitchen Point 976,3,4.0,3.1,Good,18.0,28.516367159675728,77.44348760628661
103588,The Belgian Waffle Co,8,1.0,3.0,Good,193.0,17.428411837154407,78.48734071499848
103589,Spice Express 834,1,1.0,,Good,38.0,28.591187895452013,77.18541345328633
103590,The Food Garden 515,1,1.0,2.8,Average,85.0,28.666710582864535,77.21612885351286
103591,Urban Restaurant 512,12,1.0,3.5,Good,159.0,23.027099400073183,72.60607253955884
103592,Curry House 421,1,1.0,2.3,Average,22.0,28.552807043128723,77.1563234498455
103593,Grill House 536,5,3.0,3.3,Good,173.0,18.999940848819826,72.86038078828699
103594,Kitchen Kitchen 949,5,3.0,3.4,Good,207.0,19.068698749970817,72.90159084949224
103595,Burger King,3,2.0,4.0,Very Good,557.0,28.58217691654879,77.30042341551315
103596,Grill Cafe 167,6,1.0,3.1,Good,100.0,13.014671694555341,77.55840433647795
103597,Tasty Garden 866,1,2.0,4.3,Very Good,326.0,28.619720957750776,77.18754405744004
103598,House House 650,5,1.0,2.1,Average,126.0,19.050202600075718,72.8747779217393
103599,Cafe Kitchen 90,2,,3.1,Good,105.0,28.44489454396702,77.01533664592638
103600,Urban Kitchen 666,6,3.0,3.5,Good,24.0,12.978857248035798,77.58399859013387
103601,Burger King,1,1.0,3.4,Good,165.0,28.651955726927078,77.16241151406639
103602,Starbucks,5,1.0,2.5,Average,395.0,19.095921992183232,72.93964176243182
103603,Grill Kitchen 649,1,2.0,4.3,Very Good,72.0,28.647789959816908,77.18772440921703
103604,,1,2.0,3.2,Good,138.0,28.636428613001723,77.14239415255392
103605,Tasty Point 229,1,1.0,2.3,Average,136.0,28.64676097174316,77.24873383257169
103606,Grill House 118,1,1.0,3.0,Good,690.0,28.53475801530702,77.18187196794756
103607,Barbeque Nation,9,1.0,2.8,Average,173.0,13.051460476957821,80.2282766748761
103608,Kitchen Studio 423,1,2.0,5.0,Excellent,387.0,28.57523155242108,77.23273025392166
103609,House Restaurant 804,11,1.0,3.7,Good,200.0,26.870405012918354,75.76914015644374
103610,Spice Express 801,13,1.0,3.0,Good,94.0,25.20499495678489,55.2766970273479
103611,Cafe Coffee Day,5,2.0,3.1,Good,43.0,19.025345220659787,72.85552549372876
103612,House Garden 315,1,3.0,4.0,Very Good,151.0,28.580868180122994,77.19279735663588
103613,Tasty Bites 248,2,1.0,3.6,Good,324.0,28.456045306981498,76.99185986472337
103614,Burger King,8,1.0,1.1,Poor,133.0,17.32887369242084,78.44420943202645
103615,Domino's Pizza,2,2.0,3.6,Good,1263.0,28.442484116415407,77.1481042316882
103616,Pizza Hut,1,2.0,3.2,Good,593.0,28.6362595057964,77.18002046906994
103617,Grill Restaurant 615,5,1.0,2.1,Average,673.0,19.03311038707163,72.82650121055134
103618,Royal Cafe 441,9,1.0,3.6,Good,15.0,13.11057045664276,80.31026605910324
103619,Tasty Point 632,8,1.0,4.5,Excellent,1744.0,17.356783923776646,78.4960280826294
103620,Spice Cafe 440,1,1.0,3.4,Good,265.0,28.623407723285386,77.20960943937705
103621,The Belgian Waffle Co,6,2.0,3.9,Good,353.0,12.932882884182737,77.57752297045798
103622,Bistro Hub 413,1,1.0,4.2,Very Good,695.0,28.629767590473165,77.19477165485705
103623,Grill Hub 448,1,3.0,2.9,Average,174.0,28.603274602558248,77.19859159195043
103624,Starbucks,10,2.0,2.0,Average,36.0,22.588916893414698,88.403678778214
103625,Grill Kitchen 647,1,2.0,3.6,Good,1213.0,28.594818011245707,77.20030723391781
103626,Tasty Bites 939,1,1.0,2.8,Average,63.0,28.63336217082652,77.24903902702216
103627,Grill Hub 972,1,2.0,2.3,Average,43.0,28.643541490245997,77.20712169292422
103628,Urban Kitchen 27,10,1.0,2.9,Average,127.0,22.576790376002954,88.35671991112606
103629,House Cafe 157,8,3.0,3.9,Good,131.0,17.36821603909473,78.45095315687674
103630,Starbucks,5,4.0,3.5,Good,195.0,19.067820682769153,72.9527654278417
103631,Urban Cafe 392,7,1.0,2.5,Average,137.0,18.47615073288259,73.85722423054808
103632,Starbucks,1,1.0,2.9,Average,917.0,28.621002146058274,77.20895722862531
103633,Barbeque Nation,3,1.0,3.0,Good,309.0,28.557303714627484,77.45606040745236
103634,Kitchen Hub 246,2,2.0,1.9,Poor,46.0,28.51431941655735,77.04117771435443
103635,Green Garden 199,1,2.0,3.1,Good,72.0,28.65969086975612,77.22745277166514
103636,Green Restaurant 799,3,3.0,2.5,Average,96.0,28.501293787920915,77.39309056761141
103637,Tasty Garden 676,11,2.0,0.0,Not rated,55.0,26.919823761538414,75.76020656312745
103638,KFC,1,1.0,0.0,Not rated,47.0,28.609245477741027,77.2515865918567
103639,House Corner 654,1,2.0,3.9,Good,53.0,28.656529867789526,77.15942762622969
103640,Urban Kitchen 471,1,2.0,2.9,Average,244.0,28.589078956880446,77.17481408098881
103641,Urban Kitchen 146,1,2.0,2.8,Average,94.0,28.64463283398942,77.18180336112898
103642,Royal Kitchen 80,11,2.0,3.4,Good,57.0,26.877853867203136,75.79609404897016
103643,Kitchen Point 401,3,2.0,2.6,Average,292.0,28.53179065611362,77.39044568581598
103644,Domino's Pizza,3,2.0,3.4,Good,548.0,28.504542103765193,77.32580584334347
103645,Curry Bites 79,7,2.0,2.7,Average,119.0,18.451623572928515,73.93780894754737
103646,Burger King,1,2.0,2.8,Average,1545.0,28.582245396982124,77.23559418569296
103647,Kitchen Bites 931,3,2.0,3.5,Good,3100.0,28.526487065977893,77.37381572657596
103648,Royal Hub 306,3,2.0,2.5,Average,290.0,28.58541592572283,77.40616670992729
103649,McDonald's,5,2.0,2.4,Average,84.0,19.037942690228515,72.8933445628805
103650,House Cafe 876,15,2.0,3.4,Good,266.0,1.3308994506669825,103.80824515527041
103651,Pizza Hut,8,1.0,3.0,Good,37.0,17.334587780975603,78.5004851670777
103652,Curry Cafe 615,2,1.0,3.1,Good,59.0,28.499934768616296,77.04079619626492
103653,Royal Lounge 760,9,1.0,3.2,Good,22.0,13.06658382753083,80.30889968412657
103654,Urban Point 621,1,2.0,3.2,Good,82.0,28.602057166584697,77.21141712640282
103655,Domino's Pizza,1,2.0,3.6,Good,42.0,28.601729290263506,77.22025727638712
103656,Royal Point 888,1,4.0,3.7,Good,443.0,28.545630011250445,77.20168965167927
103657,Green Corner 336,2,1.0,1.7,Poor,51.0,28.40816880275185,77.01143027044544
103658,KFC,4,1.0,1.9,Poor,193.0,28.375587622558484,77.29086709927913
103659,Royal Garden 281,5,1.0,4.3,Very Good,590.0,19.097560585172506,72.84955851493493
103660,Urban Express 726,11,1.0,3.0,Good,753.0,26.824926443909852,75.7710303773948
103661,The Food Studio 764,4,3.0,4.0,Very Good,139.0,28.427845735636218,77.30954474877412
103662,Tasty Lounge 970,3,1.0,2.8,Average,245.0,28.547508445297368,77.42620621729544
103663,Green Garden 178,1,2.0,3.2,Good,279.0,28.55037886349119,77.19572486886425
103664,Starbucks,1,2.0,2.9,Average,835.0,28.602805976228648,77.19735862240044
103665,Tasty Kitchen 598,5,2.0,4.8,Excellent,689.0,19.116735115554505,72.8674668735647
103666,Cafe Garden 170,3,3.0,3.6,Good,1013.0,28.498031754339905,77.3893234379088
103667,BISTRO STUDIO 444,9,1.0,2.7,Average,20.0,13.063380815713895,80.33013634441994
103668,Tasty Cafe 766,1,1.0,1.9,Poor,59.0,28.710536958828115,77.19572997226543
103669,Kitchen Cafe 111,1,3.0,4.7,Excellent,919.0,28.625306425635713,77.22863890537766
103670,Tasty Point 581,3,3.0,3.3,Good,384.0,28.526470211717843,77.40323952389086
103671,House Kitchen 461,1,1.0,3.5,Good,166.0,28.59720294824942,77.21117259345785
103672,Domino's Pizza,1,1.0,3.6,Good,109.0,28.626957086759212,77.17546609193424
103673,The Food Cafe 420,7,1.0,2.7,Average,436.0,18.544371789912773,73.87502828474489
103674,House Lounge 361,1,1.0,3.4,Good,16.0,28.53844834707403,77.14160270417469
103675,Urban Hub 829,5,4.0,3.2,Good,489.0,18.997812255459852,72.84198059423127
103676,Royal Express 252,1,2.0,2.6,Average,178.0,28.578968348940027,77.19004396583274
103677,The Belgian Waffle Co,1,1.0,3.8,Good,112.0,28.608515481110366,77.20114146938576
103678,Royal Express 126,2,3.0,3.3,Good,348.0,28.462144924252552,77.02954248962843
103679,Starbucks,8,2.0,3.5,Good,119.0,17.325378950621502,78.53539298448254
103680,Pizza Hut,2,1.0,3.3,Good,192.0,28.452332572119953,77.04865590516785
103681,Biryani Blues,7,4.0,4.0,Very Good,204.0,18.517885638538417,73.8626104289174
103682,Green Lounge 68,1,3.0,2.4,Average,387.0,28.5841553406499,77.19724263552882
103683,Cafe Point 540,8,3.0,3.0,Good,212.0,17.366292837596394,78.47531180862946
103684,Haldiram's,1,2.0,3.0,Good,16.0,28.588472470241776,77.16929233880528
103685,Cafe Bites 77,6,3.0,2.9,Average,29.0,12.987850510724767,77.52083806534044
103686,House House 699,5,1.0,3.3,Good,47.0,19.07624043334388,72.83306521614972
103687,Kitchen Express 203,12,2.0,4.0,Very Good,384.0,22.982520071580616,72.61237953844301
103688, Barbeque Nation ,2,4.0,4.5,Excellent,485.0,28.492926636215866,77.00169003245324
103689,The Food House 123,1,1.0,2.8,Average,1344.0,28.566044757955495,77.19063553446178
103690,McDonald's,1,3.0,0.0,Not rated,25.0,28.553948196396057,77.24473666120589
103691,Cafe House 243,9,2.0,3.5,Good,998.0,13.074119725096512,80.17823282070484
103692,The Food Corner 660,4,1.0,3.4,Good,16.0,28.40014231297288,77.29728958324978
103693,Cafe Corner 934,8,2.0,2.6,Average,163.0,17.38754754577555,78.44827270165553
103694,Royal House 38,1,1.0,4.2,Very Good,308.0,28.57255376468162,77.21927523987297
103695,Grill Corner 346,2,2.0,3.8,Good,280.0,28.490757816286074,77.04609149221969
103696,Urban Studio 98,1,1.0,3.6,Good,134.0,28.673915824640837,77.2290606078046
103697,Tasty Restaurant 309,13,4.0,0.0,Not rated,104.0,25.20404230662584,55.32358763914831
103698,Kitchen House 82,6,1.0,3.3,Good,39.0,12.982660364374027,77.61398983997023
103699,Kitchen Studio 628,12,1.0,2.3,Average,440.0,22.948470064781304,72.58011289219277
103700,Cafe Coffee Day,1,1.0,2.9,Average,232.0,28.59867885180784,77.29416854533703
103701,CURRY STUDIO 870,5,4.0,2.5,Average,245.0,19.05164012267857,72.80322185450505
103702,Urban Express 961,6,2.0,3.5,Good,137.0,12.941566335766128,77.67162480917477
103703,Spice Point 49,1,2.0,3.1,Good,118.0,28.59088747142382,77.26996771306128
103704,Royal Kitchen 331,9,2.0,3.2,Good,350.0,13.063179971304821,80.26550437659114
103705,Bistro House 232,12,2.0,4.0,Very Good,1583.0,22.971577346226432,72.54665351444662
103706,Subway,10,1.0,2.7,Average,28.0,22.555545621256115,88.3408597249917
103707,Kitchen Lounge 6,7,2.0,3.0,Good,28.0,18.483941149855337,73.84660146042474
103708,Spice Garden 905,1,1.0,3.0,Good,242.0,28.641491667342546,77.25087247812822
103709,Urban Corner 970,1,4.0,2.4,Average,100.0,28.62546153946795,77.12266288337074
103710,The Food Express 705,13,3.0,3.2,Good,212.0,25.216409500465403,55.34114073723897
103711,Tasty Garden 716,1,1.0,1.4,Poor,118.0,28.648087523530716,77.20896736954931
103712,McDonald's,7,1.0,2.6,Average,347.0,18.49148023049499,73.89788781079787
103713,Urban Hub 327,6,3.0,4.0,Very Good,151.0,12.981042615836893,77.551563965637
103714,Cafe House 653,5,1.0,3.3,Good,41.0,19.113457692484367,72.90302745860079
103715,Urban Lounge 541,14,1.0,2.6,Average,59.0,51.47603436304615,-0.11426426446702088
103716,Curry Bites 502,1,1.0,3.0,Good,142.0,28.542879006083822,77.22874062309806
103717,Kitchen Restaurant 495,2,2.0,2.5,Average,32.0,28.43532576007739,77.00238697038158
103718,Cafe Coffee Day,1,3.0,3.4,Good,181.0,28.6473782289299,77.19560702557585
103719,Bistro Kitchen 362,3,1.0,4.9,Excellent,285.0,28.502142560164888,77.34777282909494
103720,Green Bites 663,1,1.0,4.2,Very Good,145.0,28.597621527890034,77.23574325938407
103721,Green Restaurant 80,2,2.0,3.2,Good,236.0,28.43221067250519,77.07358928082049
103722,Barbeque Nation,9,2.0,3.3,Good,24.0,13.076037623093733,80.28058098175613
103723,Domino's Pizza,12,1.0,2.4,Average,46.0,22.98580241975266,72.4776224970042
103724,Curry House 193,1,1.0,2.5,Average,37.0,28.561990651053442,77.2564849231368
103725,Kitchen Point 834,2,4.0,0.0,Not rated,270.0,28.444070358352988,77.03076967456012
103726,Grill Lounge 880,11,4.0,3.3,Good,3323.0,26.90293569245227,75.69439619923286
103727,The Food Restaurant 465,1,4.0,4.2,Very Good,75.0,28.652976847404727,77.1493854077093
103728,Grill Kitchen 937,1,3.0,4.4,Very Good,176.0,28.616219176121373,77.17212166107927
103729,Pizza Hut,1,1.0,3.2,Good,76.0,28.572889971874407,77.20898566927151
103730,Curry Cafe 526,5,1.0,3.1,Good,234.0,19.050391132828263,72.8419475080331
103731,Burger King,1,1.0,1.9,Poor,63.0,28.638872248072357,77.17785177856636
103732,Cafe Coffee Day,13,1.0,3.5,Good,276.0,25.189966429674126,55.3027875017461
103733,House Garden 975,3,4.0,2.9,Average,391.0,28.497241258764774,77.43255846954595
103734,House Kitchen 151,3,3.0,3.1,Good,38.0,28.538381515634388,77.42423189946099
103735,Urban Restaurant 113,1,2.0,3.8,Good,291.0,28.586253913945857,77.15174003882096
103736,Curry Hub 274,3,1.0,3.7,Good,21.0,28.552235068893804,77.42400504644505
103737,The Belgian Waffle Co,6,3.0,3.1,Good,129.0,12.984303815020017,77.57783846273222
103738,Kitchen Garden 122,7,3.0,3.1,Good,118.0,18.48024169154679,73.92538935549459
103739,Urban Express 442,7,1.0,2.5,Average,117.0,18.58287389944451,73.86580969666414
103740,Burger King,5,3.0,2.6,Average,107.0,19.07169679043925,72.92027380401169
103741,Grill Express 55,11,1.0,2.6,Average,85.0,26.81916786812115,75.80676514664742
103742,Kitchen Kitchen 51,9,1.0,2.0,Average,100.0,13.096019416510693,80.28584928466431
103743,Bistro House 199,7,2.0,3.6,Good,267.0,18.429460457193358,73.84381679215944
103744,Tasty Hub 609,1,2.0,3.5,Good,271.0,28.65029405069328,77.2512610635901
103745,Cafe Studio 532,1,1.0,3.4,Good,219.0,28.615897184837262,77.24158482630268
103746,House Corner 662,1,1.0,2.4,Average,74.0,28.60878363268024,77.19741257074045
103747,Urban Point 118,6,4.0,2.8,Average,643.0,12.968637258347778,77.57918749715152
103748,Domino's Pizza,2,2.0,3.2,Good,1224.0,28.477061052090875,77.00166430603574
103749,Green Kitchen 545,2,2.0,3.2,Good,36.0,28.439719569940163,77.05521431745495
103750,Subway,10,1.0,2.9,Average,209.0,22.569278795640592,88.37217207088018
103751,Bistro Restaurant 415,11,1.0,2.8,Average,92.0,26.91356806091219,75.79736819347106
103752,Urban Point 752,11,1.0,4.1,Very Good,705.0,26.808591548464957,75.77468249082388
103753,Bistro Garden 508,1,1.0,3.3,Good,183.0,28.63172560702583,77.2600228793191
103754,Subway,6,1.0,4.3,Very Good,247.0,12.995333591908873,77.54248825342505
103755,The Food Restaurant 611,1,1.0,3.8,Good,385.0,28.62676007112015,77.23637482198583
103756,Spice Kitchen 190,1,2.0,4.3,Very Good,159.0,28.62428509746485,77.24336736528926
103757,Bistro Cafe 489,1,1.0,0.0,Not rated,732.0,28.666800826023564,77.19789008993051
103758,Bistro Point 175,2,3.0,3.8,Good,392.0,28.454983113500987,76.97585508546543
103759,Urban Hub 192,3,1.0,2.7,Average,522.0,28.53218790379292,77.40438795061253
103760,Curry Hub 986,9,2.0,2.1,Average,108.0,13.056899753729738,80.31257713217896
103761,Barbeque Nation,1,1.0,4.0,Very Good,186.0,28.543944172804434,77.27101919193666
103762,Spice Hub 998,7,2.0,3.0,Good,480.0,18.533452835180945,73.87969882329577
103763,Urban Hub 696,4,1.0,2.3,Average,363.0,28.386878375563818,77.29631946604026
103764,Spice Cafe 361,1,4.0,3.3,Good,39.0,28.54356216710452,77.23326569099288
103765,Cafe Corner 501,3,3.0,2.9,Average,199.0,28.52989341513102,77.40851856103289
103766,Curry Kitchen 47,1,2.0,2.7,Average,294.0,28.607315090075986,77.22026495657491
103767,Cafe Bites 298,5,1.0,2.9,Average,144.0,19.06496913145289,72.8467377363421
103768,Grill Lounge 172,3,2.0,4.3,Very Good,372.0,28.53727341090784,77.41194631633164
103769,Urban Kitchen 312,1,2.0,2.8,Average,149.0,28.55629116876887,77.22544663140722
103770,Kitchen Studio 503,1,1.0,4.1,Very Good,13.0,28.6456502261183,77.29396824784705
103771,Grill Garden 680,4,2.0,3.8,Good,40.0,28.421098623044998,77.32086261603426
103772,Kitchen Studio 14,11,3.0,3.7,Good,687.0,26.9529219712133,75.84663797264119
103773,The Food Restaurant 342,2,2.0,0.0,Not rated,66.0,28.437113935212057,77.07529571284296
103774,House Cafe 496,7,3.0,3.4,Good,241.0,18.532481554277584,73.85844797197443
103775,The Belgian Waffle Co,6,3.0,4.2,Very Good,225.0,12.903222228860256,77.63790184405568
103776,House Corner 152,12,3.0,3.8,Good,74.0,22.990355471169256,72.54398147504095
103777,Green Bites 146,9,1.0,1.9,Poor,76.0,13.031699896086199,80.26397390195459
103778,Spice Point 592,5,2.0,3.4,Good,286.0,19.08212075655821,72.85894773904829
103779,Tasty Express 212,6,3.0,3.9,Good,363.0,12.929969752959915,77.58908633321438
103780,Green House 655,11,2.0,0.0,Not rated,1387.0,26.894117479415982,75.71714994623566
103781,Cafe Coffee Day,2,4.0,3.7,Good,111.0,28.456386536361872,77.08957827583104
103782,House Lounge 921,2,1.0,2.6,Average,1287.0,28.442264297365412,77.0159422743577
103783,Grill Hub 272,1,1.0,0.0,Not rated,30.0,28.564859571754187,77.23654325068101
103784,Kitchen Express 401,9,1.0,2.0,Average,257.0,13.13733875534513,80.279286439652
103785,The Food Garden 196,8,1.0,2.0,Average,174.0,17.386063815752514,78.47719304037342
103786,Haldiram's,1,,,Good,162.0,28.66885352249632,77.1642999317476
103787,Cafe Kitchen 444,5,2.0,1.6,Poor,127.0,19.036911855587054,72.84570803151811
103788,Cafe Express 296,3,1.0,2.6,Average,73.0,28.519375626625568,77.38275150793426
103789,Domino's Pizza,1,2.0,2.7,Average,504.0,28.613972844621706,77.19238755503349
103790,House Hub 478,14,2.0,3.0,Good,60.0,51.5580621820411,-0.1618824703520045
103791,Grill Garden 639,1,1.0,1.8,Poor,198.0,28.668606153676944,77.1849517541065
103792,Royal Garden 499,1,1.0,0.0,Not rated,231.0,28.59573263551826,77.22514053265425
103793,The Food Corner 465,5,2.0,2.4,Average,861.0,19.047490457867276,72.90839108265226
103794,Cafe Coffee Day,7,2.0,3.9,Good,715.0,18.517237232075207,73.81587345673184
103795,Urban Corner 501,1,3.0,3.0,Good,356.0,28.652939069599498,77.17819672246974
103796,Tasty Express 677,6,3.0,0.0,Not rated,40.0,12.973380590027665,77.60212582113051
103797,Spice Garden 142,4,4.0,3.6,Good,74.0,28.417065355541407,77.31207895790929
103798,The Food Lounge 682,1,2.0,3.4,Good,45.0,28.652614475478295,77.19618134476833
103799,Grill Hub 977,1,3.0,3.4,Good,40.0,28.64696867195274,77.24128395621821
103800,Cafe Coffee Day,5,3.0,3.1,Good,177.0,19.110421651342968,72.88416846110896
103801,Starbucks,1,3.0,3.6,Good,80.0,28.63567147940619,77.15218961064873
103802,Biryani Blues,12,1.0,3.3,Good,832.0,23.069823383104815,72.54341778816706
103803,The Food Point 33,9,4.0,3.1,Good,86.0,13.040173284263037,80.21256207732233
103804,Kitchen Point 832,14,2.0,3.5,Good,218.0,51.58612419332138,-0.13407148660475632
103805,Tasty House 409,1,3.0,4.2,Very Good,162.0,28.65101257080065,77.16251591634862
103806,Urban Garden 943,13,1.0,3.5,Good,33.0,25.199189207777632,55.20916127582067
103807,The Food Hub 578,3,1.0,3.6,Good,775.0,28.574340015874164,77.31906639398797
103808,Kitchen Cafe 143,2,1.0,3.1,Good,424.0,28.447339375851147,77.09605408015155
103809,Green Garden 139,1,1.0,2.4,Average,420.0,28.63051889346677,77.1612121718615
103810,Green Garden 313,1,1.0,2.5,Average,328.0,28.634619120515254,77.19795198386372
103811,Biryani Blues,6,3.0,3.6,Good,76.0,13.00177530733658,77.59668176792425
103812,Curry Lounge 188,3,1.0,3.6,Good,78.0,28.519411387477074,77.39516654415607
103813,Tasty Kitchen 142,1,1.0,4.8,Excellent,455.0,28.64481842018682,77.2307312257749
103814,Bistro Express 516,5,1.0,3.6,Good,1367.0,19.060533435460083,72.87591472465168
103815,Bistro Express 480,1,2.0,2.4,Average,247.0,28.639484083288874,77.1931240072901
103816,Curry House 985,5,1.0,2.5,Average,530.0,19.075374238769122,72.88539100716157
103817,Spice Lounge 28,2,1.0,4.5,Excellent,125.0,28.39566140752643,77.03393007689841
103818,Tasty Kitchen 774,9,2.0,3.1,Good,702.0,13.05691342146282,80.2724748055131
103819,Cafe Coffee Day,9,2.0,3.2,Good,107.0,13.112384290958422,80.29313118256107
103820,Cafe Lounge 383,3,1.0,2.4,Average,206.0,28.52487223470981,77.36909919927785
103821,Haldiram's,2,1.0,4.0,Very Good,137.0,28.501974174603262,77.01957211394216
103822,The Food Corner 774,2,1.0,3.3,Good,565.0,28.41703475627039,76.98019633016558
103823,Royal House 687,8,4.0,3.1,Good,550.0,17.40936481874438,78.47812732801908
103824,Haldiram's,2,1.0,2.4,Average,24.0,28.457836369673625,77.00426479182337
103825,Spice Kitchen 57,1,2.0,3.4,Good,996.0,28.605262517181846,77.2459375659058
103826,House Kitchen 342,1,1.0,3.0,Good,3396.0,28.5726593015362,77.15781402605394
103827,The Food Cafe 494,3,2.0,3.7,Good,130.0,28.542850712042753,77.37436706443502
103828,Spice Kitchen 759,3,1.0,3.4,Good,162.0,28.50018861024332,
103829,Grill Restaurant 735,9,1.0,,Average,784.0,13.060437868410796,80.29417824241621
103830,Subway,1,2.0,2.8,Average,181.0,28.608976624255614,77.1643267871552
103831,Grill Restaurant 991,2,1.0,2.9,Average,169.0,28.4466996153968,77.02673023437586
103832,Green Bites 656,8,1.0,2.6,Average,1708.0,17.420972643635803,78.48945286857563
103833,The Food Bites 319,9,2.0,3.1,Good,32.0,12.992044636279102,80.30302874968709
103834,Spice Studio 639,2,4.0,3.6,Good,74.0,28.453256856744833,76.99667870130764
103835,Urban Kitchen 1,3,1.0,2.4,Average,257.0,28.52280274883418,77.34524093433087
103836,KFC,1,2.0,3.6,Good,26.0,28.613602114331602,77.22562669212823
103837,Green Point 107,12,4.0,3.4,Good,119.0,23.003450383017075,72.52258147727542
103838,Grill Studio 401,1,3.0,2.9,Average,105.0,28.6497358397242,77.19070413212135
103839,KFC,12,2.0,3.0,Good,579.0,23.01348005089188,72.56304832602008
103840,Curry Hub 840,6,2.0,3.4,Good,452.0,12.976253119395944,77.61615105254256
103841,Haldiram's,4,1.0,3.1,Good,21.0,28.440128953402713,77.26383851487891
103842,Cafe Bites 450,1,2.0,3.5,Good,81.0,28.61572008882489,77.19863606486287
103843,Cafe Kitchen 443,3,1.0,3.6,Good,83.0,28.491077666604962,77.39191149832898
103844,Domino's Pizza,2,1.0,3.8,Good,158.0,28.444569548422532,76.99646389232197
103845,Starbucks,1,1.0,3.2,Good,46.0,28.6095559011202,77.1964833505987
103846,Royal Lounge 760,6,1.0,2.3,Average,262.0,12.913970323577498,77.6257167150561
103847,Green Studio 492,13,2.0,3.0,Good,73.0,25.1798866751279,55.25305235646104
103848,House Kitchen 983,5,2.0,2.5,Average,325.0,19.073610664783303,72.86496176730446
103849,Kitchen Bites 282,7,2.0,4.3,Very Good,231.0,18.59082713789078,73.88769632431135
103850,Bistro Kitchen 476,1,1.0,4.3,Very Good,68.0,28.626888568611527,77.20136612396693
103851,Tasty Hub 29,2,1.0,3.4,Good,1078.0,28.465020867557953,77.07344191847744
103852,Urban Cafe 399,1,2.0,3.8,Good,1221.0,28.67307197891522,77.15165644850481
103853,Cafe Coffee Day,5,4.0,3.8,Good,298.0,19.096574683182528,72.8681314947395
103854,The Belgian Waffle Co,12,1.0,3.2,Good,134.0,23.048011322773487,72.59857018226947
103855,Cafe Studio 44,6,1.0,2.0,Average,37.0,12.95735864761841,77.56942305433064
103856,Kitchen Hub 480,1,3.0,3.4,Good,725.0,28.569608392750276,77.20079678591958
103857,Curry Garden 10,2,1.0,2.4,Average,426.0,28.46865766426741,77.07081579668649
103858,Kitchen Lounge 877,5,3.0,3.6,Good,71.0,19.1397769674951,72.85058595572406
103859,Green Express 925,2,2.0,3.2,Good,77.0,28.512456121321975,77.04349090211132
103860,Tasty Lounge 65,9,1.0,4.3,Very Good,410.0,13.105724427966646,80.29683282887326
103861,McDonald's,9,1.0,3.6,Good,45.0,13.058668841869126,80.27338225110742
103862,Bistro Cafe 348,5,1.0,3.2,Good,83.0,19.02172780949284,72.87910044394049
103863,Royal Garden 804,2,1.0,2.8,Average,45.0,28.43072134512122,76.99072794634938
103864,The Food House 70,1,3.0,4.5,Excellent,68.0,28.62151990598297,77.23458630784488
103865,House Studio 386,1,2.0,3.2,Good,73.0,28.597414608887554,77.16509827936582
103866,Cafe Bites 185,2,2.0,3.4,Good,590.0,28.49457194895989,77.04029334463347
103867,Grill Bites 539,2,3.0,3.4,Good,21.0,28.40737841743292,77.00845594609987
103868,Bistro Express 603,6,1.0,2.7,Average,280.0,12.967093450257375,77.58078398540987
103869,Kitchen Cafe 633,6,2.0,3.2,Good,251.0,12.944765900636929,77.58755555897173
103870,Urban Corner 31,1,2.0,1.9,Poor,458.0,28.648595064615563,77.22648239610007
103871,Royal Point 99,2,3.0,2.4,Average,210.0,28.47849138404417,77.081267985135
103872,Curry Bites 488,1,1.0,3.2,Good,113.0,28.58481480538752,77.21289671011425
103873,Green Restaurant 815,1,2.0,4.2,Very Good,81.0,28.643797340242788,77.18379896336039
103874,McDonald's,9,3.0,3.6,Good,685.0,13.02590327918051,80.22031560119285
103875,Tasty House 945,1,1.0,2.5,Average,290.0,28.551372676282437,77.24959809425303
103876,Biryani Blues,2,1.0,0.0,Not rated,48.0,28.42851904433703,77.03273808382173
103877,Spice Restaurant 75,1,2.0,3.7,Good,632.0,28.544498463414186,77.20089352768204
103878,Kitchen Cafe 647,10,1.0,2.6,Average,91.0,22.568660281004533,88.36594803759769
103879,Royal Express 111,5,2.0,3.6,Good,198.0,19.073172418212742,72.90453321871169
103880,Tasty Hub 653,1,4.0,3.9,Good,99.0,28.5997073707997,77.19464749947224
103881,Green Point 259,3,2.0,3.5,Good,378.0,28.55436204927516,77.36768954694405
103882,House Garden 231,7,2.0,3.2,Good,52.0,18.49508128982165,73.81085224140149
103883,McDonald's,13,2.0,3.4,Good,130.0,25.15938274006948,55.2330273093577
103884,Grill Point 89,1,1.0,2.9,Average,75.0,28.585996888263374,77.19693349180176
103885,House Bites 99,10,1.0,2.6,Average,221.0,22.529886839675527,88.40151361202403
103886,McDonald's,12,3.0,2.8,Average,270.0,23.001088527442082,72.55360307948229
103887,Kitchen House 582,11,2.0,1.6,Poor,32.0,26.93326060656556,75.7964206949338
103888,Urban Express 190,5,1.0,2.9,Average,283.0,19.01452536193383,72.91705816238085
103889,Bistro Bites 541,5,1.0,4.0,Very Good,34.0,19.064110884563654,72.89106172869761
103890,Green Cafe 848,2,2.0,3.7,Good,3146.0,28.493016638074288,77.09567964577916
103891,Kitchen Express 634,7,2.0,3.3,Good,98.0,18.557909866467945,73.85907126850631
103892,Royal Kitchen 450,4,3.0,2.9,Average,632.0,28.385029101152057,77.31230566719556
103893,Tasty Kitchen 583,6,1.0,3.6,Good,255.0,13.049062836059676,77.58124100789776
103894,Haldiram's,3,3.0,3.3,Good,251.0,28.49869369835722,77.46073137973515
103895,Urban Studio 237,7,2.0,4.2,Very Good,52.0,18.51240354489342,73.89938073267328
103896,Haldiram's,9,2.0,2.6,Average,457.0,13.041739930287404,80.21962208789151
103897,Green Garden 945,1,2.0,2.7,Average,173.0,28.62905800615579,
103898,Tasty Restaurant 367,9,1.0,2.4,Average,274.0,13.180742725378165,80.28812931569841
103899,McDonald's,4,4.0,0.0,Not rated,80.0,28.47343093605583,77.32231659785823
103900,Urban Lounge 590,9,1.0,2.4,Average,179.0,,80.28883965286929
103901,Grill Cafe 513,3,1.0,3.1,Good,58.0,28.51423783477885,77.357442425327
103902,Cafe Corner 560,2,3.0,2.9,Average,140.0,28.453622345744925,77.03349129745227
103903,Urban Cafe 483,11,2.0,0.7,Poor,62.0,26.95146162351704,75.77649556768588
103904,The Food Bites 31,1,3.0,4.1,Very Good,91.0,28.640132719423438,77.19638796990802
103905,Burger King,9,2.0,2.1,Average,169.0,13.085602108641293,80.30426031988863
103906,Kitchen Corner 143,3,1.0,3.4,Good,299.0,28.540466934309872,77.38174360796225
103907,Starbucks,4,3.0,3.4,Good,260.0,28.44584952871387,77.3212873960544
103908,House Corner 242,1,1.0,4.4,Very Good,208.0,28.659518309525026,77.22047088497769
103909,Cafe Cafe 720,5,3.0,4.0,Very Good,362.0,19.023474174139842,72.91072623090584
103910,Spice Express 73,2,1.0,2.7,Average,220.0,28.46744604019242,77.07098086654938
103911,Cafe Restaurant 628,1,3.0,2.9,Average,192.0,28.634136063025963,77.20951881069342
103912,Grill Studio 970,1,1.0,4.0,Very Good,267.0,28.595274532205572,77.19576039869337
103913,Starbucks,1,2.0,2.2,Average,640.0,28.658665725412504,77.27563284021329
103914,Domino's Pizza,13,3.0,3.5,Good,43.0,25.194701774239185,55.18048876427118
103915,Green Bites 359,13,2.0,3.1,Good,119.0,25.25053765288162,55.30115861797855
103916,The Food Point 22,2,2.0,3.0,Good,265.0,28.446608017719075,77.02155814991809
103917,Spice Point 548,7,3.0,3.6,Good,27.0,18.529478113481254,73.87666767889331
103918,Tasty Bites 701,2,2.0,3.3,Good,1047.0,28.467804162396728,77.028029180805
103919,Grill Studio 54,6,3.0,3.7,Good,279.0,13.029791934527685,77.63945194444075
103920,Tasty Restaurant 129,8,1.0,3.1,Good,588.0,17.410934896170033,78.50136934863939
103921,Tasty Lounge 142,12,1.0,0.0,Not rated,364.0,23.00648241447071,72.52166680292893
103922,KFC,2,1.0,3.1,Good,298.0,28.449971088532948,76.97529116545296
103923,Kitchen Express 199,8,1.0,2.6,Average,9.0,17.3753340765951,78.47917340500935
103924,Spice Point 238,1,1.0,3.0,Good,209.0,28.61454740971187,77.23026710662823
103925,Domino's Pizza,14,2.0,2.7,Average,212.0,51.474340711889255,-0.08204772263443781
103926,Starbucks,1,1.0,2.5,Average,40.0,28.611053395085406,77.18557064378732
103927,Grill Cafe 47,5,1.0,2.8,Average,17.0,19.123882615738243,72.80030158277606
103928,Spice Restaurant 256,6,1.0,2.9,Average,303.0,13.01792775225312,77.60968783446722
103929,Urban Corner 130,6,3.0,3.4,Good,39.0,12.916830227684434,77.59608268323379
103930,The Food Corner 322,1,2.0,3.8,Good,2731.0,28.553588166929313,77.21401303003024
103931,House Point 300,12,1.0,2.7,Average,226.0,23.001740395545617,72.53285773874954
103932,Burger King,1,3.0,3.5,Good,1052.0,28.551631336266794,77.25074776836482
103933,Urban Bites 79,5,1.0,3.1,Good,185.0,19.031781436146378,72.84912906863393
103934,Haldiram's,1,4.0,3.2,Good,465.0,28.62619231201335,77.21978186996147
103935,Starbucks,1,2.0,3.2,Good,194.0,28.612574094015322,77.21864923339933
103936,Kitchen Point 455,4,1.0,3.7,Good,714.0,28.348667155964336,77.33704589464807
103937,Kitchen Lounge 300,2,2.0,3.3,Good,14.0,28.50045115388048,77.00053881117941
103938,Green Lounge 915,1,2.0,3.3,Good,564.0,28.599131365386064,77.17668227035675
103939,Bistro Lounge 516,1,1.0,2.5,Average,359.0,,77.23885706288232
103940,Pizza Hut,2,3.0,4.7,Excellent,208.0,28.495079453566888,77.0459422181314
103941,Bistro Cafe 498,7,1.0,2.6,Average,95.0,18.534780774840993,73.86842736768898
103942,Green Hub 862,11,1.0,1.9,Poor,94.0,26.910915273686093,75.82670148160888
103943,Green Garden 760,1,1.0,3.6,Good,283.0,28.596589420436356,77.22095941030354
103944,URBAN EXPRESS 743,2,1.0,2.9,Average,777.0,28.479436727502407,77.01364853438325
103945,Royal Corner 241,1,1.0,2.8,Average,85.0,28.598751561240196,77.22712962862865
103946,House Studio 976,1,3.0,3.0,Good,20.0,28.605907129109593,77.22476642094098
103947,Barbeque Nation,6,1.0,4.2,Very Good,5063.0,12.930422649604491,77.61124442575718
103948,The Food Garden 603,5,1.0,3.2,Good,421.0,19.11598961169952,72.84679275629645
103949,Urban Corner 286,1,,3.6,Good,121.0,28.668240851176492,77.1747326696395
103950,Tasty Studio 20,1,3.0,3.5,Good,859.0,28.621316262749882,77.23980559052795
103951,Tasty Studio 46,1,4.0,3.8,Good,667.0,28.596884809206664,77.20380597354746
103952,Burger King,9,2.0,4.1,Very Good,410.0,13.115440741026719,80.202688085131
103953,Burger King,13,4.0,3.4,Good,104.0,25.225402782407766,55.22280242315653
103954,House Garden 33,1,3.0,2.5,Average,359.0,28.598368065292977,77.16285160080562
103955,Kitchen Corner 932,1,4.0,4.2,Very Good,885.0,28.654190018022128,77.24635636621792
103956,Kitchen Garden 830,10,2.0,3.5,Good,22.0,22.557744010039812,88.36220680292506
103957,Green Corner 350,11,1.0,3.1,Good,235.0,26.867385543113325,75.78853743535649
103958,Cafe House 887,2,1.0,3.3,Good,270.0,28.457197283214843,77.0142362601876
103959,Bistro Restaurant 771,1,2.0,3.0,Good,242.0,28.65185204106149,77.17194302093938
103960,KFC,1,1.0,3.0,Good,184.0,28.617496892955195,77.23559291391393
103961,Bistro Bites 295,5,1.0,2.9,Average,750.0,19.034957786237353,72.90053145908014
103962,Grill Studio 435,2,2.0,2.8,Average,127.0,28.44539064593262,77.00194224752559
103963,Cafe Lounge 267,1,3.0,4.2,Very Good,225.0,28.655771025535653,77.25807197833493
103964,Burger King,5,1.0,2.1,Average,211.0,19.085583857531564,72.90377251468202
103965,Green Hub 930,1,2.0,4.7,Excellent,202.0,28.61323920935713,77.17911577510982
103966,The Belgian Waffle Co,8,2.0,3.8,Good,36.0,17.3804355408925,78.4766441978684
103967,Urban Point 790,1,4.0,2.4,Average,199.0,28.65169570166271,77.19612140243122
103968,Kitchen Cafe 405,1,3.0,3.3,Good,246.0,28.6494133691411,77.2199337685102
103969,Cafe Coffee Day,5,2.0,3.1,Good,112.0,19.026958756457446,72.82769782348333
103970,House Garden 802,2,2.0,3.5,Good,164.0,28.492397485447388,77.00192339049619
103971,Cafe Corner 128,13,1.0,2.4,Average,2.0,25.22287479814758,55.29860391265963
103972,House Express 857,4,2.0,3.2,Good,824.0,28.46465450414366,77.26225991984039
103973,Royal Studio 474,1,2.0,3.1,Good,549.0,28.611480397620927,77.20207887656277
103974,Domino's Pizza,6,3.0,2.9,Average,31.0,13.011333145122634,77.55168059942521
103975,Kitchen Studio 654,1,3.0,2.8,Average,71.0,28.630312654183733,77.24096210647605
103976,Green House 60,11,1.0,3.6,Good,1215.0,26.873413582307926,75.79931576183856
103977,Urban Garden 919,2,2.0,2.1,Average,33.0,28.49522091812208,76.9752304109809
103978,Kitchen Kitchen 452,5,1.0,3.3,Good,338.0,19.104329744650887,72.84121522593371
103979,Cafe Coffee Day,1,1.0,3.5,Good,105.0,28.591152575464264,77.20948701175854
103980,Curry Hub 233,2,1.0,2.9,Average,284.0,28.469632916729793,76.94585437447026
103981,Royal Cafe 672,9,1.0,3.0,Good,185.0,13.15647139318119,80.23219539134831
103982,KFC,8,3.0,4.2,Very Good,159.0,17.36809363962835,78.45786097344825
103983,Royal Bites 519,1,1.0,2.5,Average,253.0,28.639315900319403,77.25396934328035
103984,Cafe Express 43,1,1.0,2.6,Average,86.0,28.57557920104039,77.18881660405735
103985,Green Corner 975,9,4.0,3.3,Good,19.0,13.062739190066445,80.29377826547675
103986,The Food Garden 17,12,1.0,3.8,Good,65.0,23.05086971870017,72.55484714028927
103987,Kitchen Lounge 736,1,1.0,3.8,Good,56.0,28.622883842010157,77.2350589770058
103988,Subway,3,1.0,2.1,Average,19.0,28.52845668481523,77.33667256228232
103989,Urban Lounge 455,2,1.0,3.7,Good,322.0,28.5190873796385,77.00128543745369
103990,KFC,10,1.0,3.5,Good,156.0,22.540336559576726,88.36007387888705
103991,Pizza Hut,1,1.0,4.0,Very Good,337.0,28.608790727396066,77.21522429437987
103992,House House 74,1,2.0,3.5,Good,372.0,28.631112038077248,77.22033253768089
103993,The Food Hub 26,7,1.0,3.0,Good,448.0,18.489897234291533,73.86344470741534
103994,Kitchen Express 999,1,1.0,3.7,Good,337.0,28.63172305813999,77.22670834834075
103995,House Express 482,3,3.0,3.9,Good,62.0,28.573113640663475,77.39059400511341
103996,The Food Cafe 32,3,1.0,4.5,Excellent,499.0,28.531488928632054,77.39709161983724
103997,Domino's Pizza,2,3.0,4.0,Very Good,286.0,28.435515918618364,76.99113789268213
103998,Royal Cafe 27,2,2.0,0.0,Not rated,1390.0,28.44856459509856,76.96996778321947
103999,Subway,4,1.0,2.2,Average,147.0,28.315155716142876,77.27867496484778
104000,Grill Restaurant 800,1,2.0,0.0,Not rated,145.0,28.649114328241815,77.14995473291137
104001,CAFE RESTAURANT 353,5,1.0,2.1,Average,126.0,19.085260661621106,72.88555532159688
104002,Tasty Cafe 34,8,1.0,2.9,Average,181.0,17.378825079025823,78.51956822844643
104003,Royal House 781,7,2.0,3.8,Good,202.0,18.46206234138758,73.82352473408889
104004,Urban Kitchen 982,1,2.0,0.0,Not rated,52.0,28.65271637639085,77.24429771177124
104005,Green Cafe 516,1,3.0,4.1,Very Good,276.0,28.598584116206084,77.22481274046179
104006,House Lounge 752,1,3.0,3.6,Good,432.0,28.633683512435187,77.18961879288119
104007,Bistro Kitchen 868,2,1.0,2.7,Average,96.0,28.459101236295208,77.01437137368123
104008,Spice Cafe 484,2,2.0,3.3,Good,528.0,28.402978555354903,77.06564181507756
104009,Grill Studio 325,6,2.0,3.5,Good,474.0,13.015999008668139,77.51326936209261
104010,Cafe Garden 933,1,4.0,3.7,Good,67.0,28.651650425229807,77.24789968336148
104011,Green Express 237,1,3.0,3.5,Good,58.0,28.64064117502252,77.24036071949686
104012,Bistro Kitchen 710,2,3.0,2.9,Average,298.0,28.470519651711314,77.00597705997541
104013,Bistro House 371,6,1.0,2.7,Average,78.0,12.929688243659765,77.59135008647661
104014,Haldiram's,1,3.0,0.0,Not rated,24.0,28.644313742977484,77.26593736608613
104015,Kitchen Bites 496,6,1.0,3.8,Good,1776.0,13.048774959544263,77.5487540494882
104016,Curry House 236,1,1.0,2.0,Average,41.0,28.617964752307817,77.20262858381406
104017,Royal Lounge 251,10,4.0,2.1,Average,21.0,22.57734909067253,88.38655316766683
104018,Tasty Bites 599,11,1.0,3.0,Good,65.0,26.873835628794424,75.79463972104992
104019,Cafe Garden 815,1,4.0,4.2,Very Good,302.0,28.541436003808673,77.21082194351986
104020,Kitchen Kitchen 84,1,1.0,2.7,Average,178.0,28.601330954141098,77.27258688707734
104021,Grill Hub 590,2,3.0,4.1,Very Good,2347.0,28.51135838590798,76.98781362428242
104022,Green Hub 898,1,1.0,3.0,Good,66.0,28.660931554979282,77.17178251311526
104023,Royal Kitchen 429,6,1.0,2.9,Average,228.0,12.969310710257773,77.50664369306095
104024,Grill Restaurant 953,9,1.0,3.5,Good,796.0,13.097754525303367,80.232946718662
104025,Urban Hub 891,6,2.0,2.9,Average,74.0,12.928957338544405,77.57132220392283
104026,Burger King,9,1.0,2.8,Average,401.0,13.086592919046659,80.2818951550275
104027,McDonald's,2,2.0,3.6,Good,20.0,28.441144909998528,77.06019129153387
104028,,1,1.0,3.0,Good,1569.0,28.615813490400146,77.17526274567558
104029,Tasty House 363,7,1.0,4.2,Very Good,786.0,18.51078712961032,73.85170641065115
104030,Starbucks,2,1.0,3.5,Good,83.0,28.44926228510309,77.07545741672978
104031,Bistro Garden 122,6,1.0,0.0,Not rated,253.0,13.006473962820678,77.58803761946137
104032,Kitchen Cafe 624,1,3.0,3.4,Good,981.0,28.68263729619417,77.22715453480092
104033,Bistro Corner 76,1,3.0,4.0,Very Good,43.0,28.607969052081078,77.2482306061313
104034,Kitchen Studio 933,14,1.0,2.8,Average,78.0,51.557052063506006,-0.16034600105149976
104035,Curry Restaurant 855,1,2.0,3.4,Good,1023.0,28.570445249414224,77.1693330021882
104036,Curry Restaurant 138,14,2.0,2.6,Average,173.0,51.50417164890067,-0.07106381912095512
104037,Bistro Cafe 939,13,1.0,3.7,Good,350.0,25.1594332228865,55.291072470431914
104038,Grill Kitchen 156,8,1.0,3.2,Good,198.0,17.37406726553773,78.44025590011695
104039,Cafe Cafe 379,6,2.0,4.5,Excellent,738.0,12.99664945997739,77.55761687445455
104040,Curry House 329,5,1.0,4.6,Excellent,470.0,19.11515219438493,72.87068702264769
104041,Grill Restaurant 603,10,1.0,3.5,Good,222.0,22.54535160885817,88.41267763863966
104042,Urban Point 305,1,1.0,3.0,Good,12.0,28.629932328223564,77.24336067030731
104043,Spice Cafe 531,3,2.0,2.6,Average,354.0,28.57854980216822,77.42834725703744
104044,Cafe Lounge 865,5,1.0,3.6,Good,494.0,19.114070465921195,72.86242512517201
104045,The Food Express 394,2,1.0,3.1,Good,37.0,28.468563495675898,77.02633191923476
104046,Royal Hub 43,3,1.0,3.3,Good,43.0,28.5148785517049,77.36305772653084
104047,Bistro Restaurant 216,2,1.0,4.1,Very Good,423.0,28.435390750635765,77.01205202367849
104048,The Food Cafe 901,5,1.0,2.5,Average,198.0,19.046507250473173,72.83840165765561
104049,Urban Express 292,9,3.0,2.8,Average,14.0,13.081593599051565,80.24018329226823
104050,Cafe Coffee Day,1,1.0,2.8,Average,59.0,28.585089559243716,77.18358470304833
104051,Curry Point 907,12,2.0,0.0,Not rated,133.0,23.046231377893434,72.56632149271277
104052,Cafe Coffee Day,6,1.0,3.4,Good,443.0,12.979591784511474,77.60932445039259
104053,Urban Point 683,9,2.0,2.6,Average,76.0,13.089105590742578,80.32902007598753
104054,Urban Point 566,5,2.0,3.7,Good,168.0,19.011583355902346,72.86490745998948
104055,Royal Corner 613,8,1.0,2.2,Average,48.0,17.385972296804578,78.50727766403888
104056,Grill Lounge 819,1,3.0,2.9,Average,891.0,28.59783085905691,77.20272730238649
104057,Barbeque Nation,9,2.0,3.1,Good,221.0,13.158524616844241,80.30440062539415
104058,Spice Express 209,1,3.0,3.0,Good,75.0,28.56910183610595,77.16506431416994
104059,Cafe House 750,10,1.0,3.6,Good,46.0,22.565410139658802,88.34515494469608
104060,Royal Studio 303,14,4.0,3.8,Good,42.0,51.52080844796643,-0.10460036573814863
104061,Bistro Restaurant 942,1,3.0,4.5,Excellent,2331.0,28.57985505241028,77.22935499634148
104062,Curry House 506,1,4.0,3.4,Good,153.0,28.681388844037702,77.22999813820017
104063,Royal Garden 750,8,2.0,3.1,Good,108.0,17.453207585058426,78.53602347365708
104064,Kitchen Kitchen 763,1,2.0,4.0,Very Good,166.0,28.58385538179305,77.14831989397072
104065,Bistro Kitchen 335,10,2.0,3.1,Good,80.0,22.551886713187667,88.31999442264303
104066,Pizza Hut,1,3.0,4.4,Very Good,207.0,28.68903845128245,77.22864393784172
104067,House Restaurant 526,1,4.0,4.0,Very Good,226.0,28.6627344773776,77.23746942612507
104068,Urban Restaurant 705,13,1.0,1.5,Poor,127.0,25.191872864562534,55.293728250321024
104069,Spice House 103,6,3.0,4.2,Very Good,46.0,12.986700252793822,77.68940426127512
104070,Grill Express 195,9,1.0,3.6,Good,606.0,13.034164507376273,80.23864441040112
104071,House Bites 37,1,2.0,3.8,Good,104.0,28.690785839345548,77.22192225124483
104072,House Corner 252,6,1.0,1.8,Poor,58.0,12.974150154325066,77.59211885110378
104073,Burger King,5,1.0,2.6,Average,66.0,19.096495524089175,72.89944835402399
104074, Green Bites 201 ,5,3.0,3.0,Good,46.0,19.043273392373653,72.89085382726878
104075,Royal Studio 834,6,1.0,2.5,Average,218.0,12.931836822199543,77.57648390523458
104076,Barbeque Nation,5,2.0,4.3,Very Good,709.0,19.091788194974384,72.89127305639076
104077,Green Bites 897,3,2.0,3.2,Good,73.0,28.602570467616953,77.39392141421656
104078,Haldiram's,1,1.0,3.0,Good,17.0,28.594983254611652,77.21348684726914
104079,Bistro Point 4,8,1.0,3.4,Good,52.0,17.350731396103097,78.52638234929422
104080,Curry Lounge 626,1,2.0,3.6,Good,113.0,28.624579580807993,77.29582385927037
104081,McDonald's,6,1.0,0.8,Poor,23.0,13.028901756200675,77.527617344006
104082,Starbucks,1,3.0,3.0,Good,82.0,28.591549388704394,77.25410944898408
104083,Tasty Bites 598,5,4.0,2.7,Average,81.0,19.06725374960869,72.90018658965454
104084,Pizza Hut,7,1.0,3.3,Good,182.0,18.549699351592558,73.8307414050905
104085,House Hub 899,1,1.0,2.8,Average,27.0,28.646954541870432,77.196309711443
104086,Green Garden 685,1,2.0,3.2,Good,375.0,28.603944468217655,77.23987219926487
104087,House House 613,1,2.0,1.8,Poor,1066.0,28.652282618161998,77.21076874878425
104088,Curry Garden 99,5,1.0,2.8,Average,994.0,19.09450689237372,72.87598512790453
104089,Cafe Coffee Day,9,1.0,3.7,Good,97.0,13.083266689482974,80.24666708749886
104090,Curry Express 254,1,2.0,4.1,Very Good,511.0,28.645485974664247,77.18243170319874
104091,Urban Hub 476,7,4.0,4.1,Very Good,441.0,18.54716116750224,73.82290065434637
104092,House Kitchen 356,2,1.0,2.1,Average,135.0,28.422854554019278,77.00875302949561
104093,Bistro Hub 793,3,1.0,3.8,Good,259.0,28.587422928659095,77.38650191241324
104094,Curry Cafe 422,11,4.0,4.1,Very Good,521.0,26.924488981309914,75.79970600562253
104095,Spice Garden 275,2,2.0,3.1,Good,537.0,28.507646476195664,76.99779360077412
104096,Tasty Corner 576,3,2.0,1.9,Poor,49.0,28.537312778518704,77.4174430990513
104097,The Food Bites 326,1,2.0,0.0,Not rated,229.0,28.622567376611084,77.17722287454536
104098,Curry House 409,1,4.0,3.2,Good,1461.0,28.627861032988264,77.23591133089113
104099,Spice Garden 498,1,,3.4,Good,572.0,28.633039732688395,77.17868962921602
104100,Kitchen Bites 839,1,3.0,3.4,Good,1297.0,28.667386979569727,77.27959796921992
104101,Barbeque Nation,5,2.0,4.2,Very Good,8.0,19.09232544829468,72.90039120744518
104102,Cafe Hub 549,3,2.0,3.1,Good,374.0,28.53452037884767,77.42043593794158
104103,The Belgian Waffle Co,4,1.0,3.0,Good,242.0,28.44423365733546,77.31177993109863
104104,Biryani Blues,1,1.0,4.0,Very Good,783.0,28.628964664407437,77.23024900724748
104105,Royal Cafe 553,1,3.0,3.0,Good,42.0,28.717343658530677,77.16517446192786
104106,Starbucks,6,1.0,3.5,Good,103.0,12.981799627229583,77.56043814323489
104107,Burger King,13,2.0,3.1,Good,548.0,25.248118257481313,55.26004274822366
104108,Starbucks,1,1.0,2.3,Average,39.0,28.64477287481368,77.26212631334928
104109,Kitchen Lounge 65,10,3.0,3.4,Good,257.0,22.50085356015683,88.39912997521677
104110,Grill Point 371,5,1.0,3.4,Good,186.0,19.05021241023783,72.79942113505327
104111,Royal Lounge 406,5,3.0,4.3,Very Good,181.0,19.060620145586668,72.84318770441581
104112,Green Garden 821,3,2.0,4.2,Very Good,463.0,28.483012201555002,77.38796233847481
104113,Pizza Hut,1,1.0,2.8,Average,41.0,28.600066007584903,77.25297153105534
104114,Green Lounge 751,1,2.0,2.6,Average,60.0,28.565908511070646,77.21754661595634
104115,Spice Corner 866,5,1.0,2.8,Average,140.0,19.037179227203467,72.78889165820114
104116,Haldiram's,2,1.0,2.2,Average,32.0,28.46795537733539,76.98555708907298
104117,Burger King,11,1.0,2.9,Average,793.0,26.97957892989906,75.81250241229732
104118,Spice Hub 290,2,1.0,2.8,Average,61.0,28.41182264003862,77.03374340655533
104119,Green Bites 791,1,4.0,4.1,Very Good,592.0,28.571358044873186,77.21372219473311
104120,Spice Garden 768,7,1.0,1.6,Poor,42.0,18.501754121359617,73.89561916036413
104121,Burger King,1,2.0,2.7,Average,393.0,28.60874881099042,77.19688403310757
104122,Royal Restaurant 898,4,1.0,2.5,Average,20.0,28.35492532222309,77.34225804814722
104123,Urban Kitchen 76,6,2.0,4.0,Very Good,1262.0,12.947132027052518,77.65206455953815
104124,Bistro Restaurant 426,11,1.0,2.3,Average,617.0,26.88469922722711,75.79515538086221
104125,Starbucks,8,2.0,3.3,Good,,17.396142694181904,78.45539678265992
104126,Cafe Hub 98,6,2.0,3.1,Good,63.0,12.986497004979613,77.57967222488415
104127,Tasty Point 852,6,2.0,3.9,Good,376.0,12.966253362595953,77.56298677690151
104128,The Food Express 436,12,1.0,3.4,Good,28.0,23.009278239327546,72.49296450564408
104129,Spice Garden 281,1,2.0,3.3,Good,194.0,28.58906049388716,77.18133079077353
104130,Urban Garden 993,1,1.0,2.6,Average,58.0,28.615705232870646,77.23124262406505
104131,Curry House 299,1,1.0,1.8,Poor,97.0,28.579736998936777,77.20932889746503
104132,Green House 575,1,1.0,3.2,Good,81.0,28.668053330164327,77.25656052447505
104133,The Food Restaurant 547,6,1.0,3.3,Good,68.0,12.919173437959413,77.5996373279076
104134,Tasty Corner 509,5,2.0,2.2,Average,1230.0,19.053029367775235,72.90862650511227
104135,Kitchen Lounge 732,5,2.0,2.4,Average,404.0,19.106387050889392,72.81611158608003
104136,Subway,1,1.0,3.2,Good,28.0,28.599947694016507,77.19364800901764
104137,Spice House 790,7,1.0,3.2,Good,60.0,18.543919062759574,73.84728667380104
104138,Pizza Hut,1,1.0,2.4,Average,445.0,28.67400178449205,77.18010939830835
104139,Urban Bites 319,6,2.0,2.8,Average,559.0,13.000758602735063,77.64800116029302
104140,House Kitchen 98,5,2.0,2.0,Average,24.0,19.03392911919542,72.8101524052079
104141,Green Studio 608,2,1.0,3.9,Good,508.0,28.41910201188406,77.02261419480531
104142,Royal House 632,1,2.0,2.4,Average,212.0,28.607340985648758,77.2486378736063
104143,Grill Restaurant 860,1,2.0,3.6,Good,17.0,28.62940667291672,77.23571752141129
104144,Green Corner 786,9,2.0,3.2,Good,109.0,13.124914744599906,80.25740665049248
104145,Tasty Garden 759,11,2.0,4.0,Very Good,183.0,26.8849254636591,75.75579930989952
104146,Royal Corner 330,6,2.0,2.7,Average,173.0,12.954628357138398,77.6327850373926
104147,Cafe House 893,1,2.0,3.2,Good,34.0,28.605127246250568,77.19076140707911
104148,Starbucks,2,1.0,1.9,Poor,52.0,28.450024949659415,76.99753187347841
104149,Haldiram's,7,1.0,1.7,Poor,60.0,18.572747582177744,73.89170283687386
104150,Grill Studio 321,8,1.0,3.4,Good,97.0,17.381358354720103,78.49745824614365
104151,Green Express 473,1,2.0,2.0,Average,73.0,28.619256860603137,77.19667926876843
104152,Grill Lounge 880,1,3.0,3.3,Good,157.0,28.645801915585984,77.22038259864142
104153,Bistro Kitchen 944,7,1.0,0.0,Not rated,132.0,18.576088075932045,73.8722796350822
104154,Starbucks,2,1.0,0.0,Not rated,826.0,28.45826814416529,77.02471885543314
104155,McDonald's,1,2.0,2.8,Average,495.0,28.65797169763811,77.21438041147923
104156,Royal Lounge 767,1,3.0,2.4,Average,791.0,28.677871976970877,77.1333062856431
104157,Subway,4,3.0,3.7,Good,111.0,28.405038110241772,77.31410398195342
104158,Urban Corner 907,9,2.0,4.1,Very Good,63.0,13.062972653743657,80.24831394443798
104159,Royal Bites 823,13,3.0,3.0,Good,474.0,25.281347354966886,55.2428231755012
104160,Royal Restaurant 896,5,1.0,2.5,Average,152.0,19.115237875227294,72.85373625964083
104161,Tasty Corner 304,4,,2.7,Average,406.0,28.40933717614094,77.3004176181757
104162,Cafe Coffee Day,1,1.0,3.4,Good,63.0,28.6366486570398,77.19859999156594
104163,House Garden 536,5,2.0,4.0,Very Good,488.0,19.039425833883655,72.88351240335139
104164,Kitchen Cafe 666,2,1.0,2.2,Average,117.0,28.49832965869745,77.00092645338583
104165,Cafe Coffee Day,5,2.0,2.2,Average,82.0,19.012998936250895,72.89583301780478
104166,Green Cafe 975,2,2.0,4.7,Excellent,160.0,28.496972474894395,77.05235527043155
104167,Grill Cafe 258,1,1.0,,Average,314.0,28.588640119616834,77.23439624978592
104168,Green Express 950,1,3.0,3.6,Good,523.0,28.556014248998878,77.2417296957397
104169,Royal Hub 537,1,1.0,2.6,Average,100.0,28.543851883011982,77.18910751778236
104170,Curry Corner 326,1,1.0,3.3,Good,286.0,28.597234659716406,77.19952554955329
104171,Royal Studio 69,1,3.0,4.0,Very Good,332.0,28.638788983902124,77.21763099704384
104172,Spice Garden 719,14,1.0,3.2,Good,458.0,51.45875378484894,-0.14267318762834083
104173,Starbucks,3,2.0,0.0,Not rated,309.0,28.492254959369518,77.35045267606752
104174,Barbeque Nation,4,3.0,3.2,Good,1751.0,28.391602283146845,77.3002174066523
104175,Spice Cafe 480,10,3.0,0.0,Not rated,50.0,22.600864355506996,88.42111418208226
104176,Urban Express 652,15,3.0,3.6,Good,1232.0,1.3847385320046288,103.79378932365037
104177,Green Express 644,5,1.0,3.3,Good,215.0,19.080895459299573,72.84991891083756
104178,Subway,9,2.0,3.3,Good,47.0,13.117117937172182,80.25155777012822
104179,Tasty Cafe 747,2,1.0,2.2,Average,64.0,28.483566375739386,77.04609215405374
104180,Cafe House 957,1,1.0,3.2,Good,325.0,28.59930544464816,77.22118046938068
104181,Grill Bites 676,2,1.0,2.8,Average,411.0,28.49133292387061,77.05131834172289
104182,Biryani Blues,6,1.0,2.6,Average,44.0,12.926653787977452,77.68323861195992
104183,Starbucks,6,3.0,3.4,Good,73.0,12.988627023937354,77.62333683492841
104184,McDonald's,1,1.0,2.4,Average,78.0,28.57308949637185,77.24048258318784
104185,Urban Hub 817,1,2.0,2.5,Average,53.0,28.618898018878618,77.30908785136047
104186,House House 339,5,1.0,,Poor,11.0,19.118649869518542,72.8948346177463
104187,Cafe Cafe 284,1,2.0,4.3,Very Good,14.0,28.62136193629703,77.19528388615662
104188,Bistro Cafe 685,5,4.0,4.0,Very Good,134.0,19.07555978225902,72.86709965423746
104189,Green Hub 3,6,1.0,2.9,Average,233.0,12.979511088482413,77.63158791116444
104190,Green Kitchen 952,6,2.0,2.8,Average,378.0,12.994815832222955,77.55078757873015
104191,Royal Hub 169,7,1.0,1.1,Poor,20.0,18.595090070653047,73.78856926014437
104192,Spice Express 80,10,1.0,2.5,Average,29.0,22.595435423464945,88.33516271827278
104193,Spice Hub 524,3,2.0,3.7,Good,105.0,28.51791201598387,77.41969503308054
104194,Tasty Bites 484,7,3.0,4.0,Very Good,217.0,18.51309714664419,73.87744541872223
104195,Grill Kitchen 247,5,1.0,3.4,Good,671.0,19.04446056841168,72.87210025940068
104196,Tasty House 724,1,1.0,3.1,Good,436.0,28.57052666483712,77.24642160055964
104197,The Food Lounge 325,1,1.0,3.8,Good,131.0,28.528763334315556,77.23029034984516
104198,Cafe Point 979,1,2.0,3.0,Good,273.0,28.597743926795584,77.22103912591182
104199,The Belgian Waffle Co,3,2.0,0.0,Not rated,31.0,28.48634468351467,77.39039553309554
104200,Bistro Hub 861,5,2.0,3.0,Good,191.0,19.07939686648297,72.90907231555786
104201,Curry Studio 712,9,,2.6,Average,147.0,13.064868383701448,80.2971358271257
104202,House Kitchen 572,1,3.0,0.0,Not rated,520.0,28.575906738633684,77.19944304074541
104203,House Express 183,1,2.0,2.5,Average,289.0,28.540277311122146,77.23746939391415
104204,Pizza Hut,13,3.0,3.8,Good,79.0,25.19257314244175,55.24791979617567
104205,House Express 746,1,3.0,2.9,Average,65.0,28.552566558650195,77.21722076436261
104206,Cafe Lounge 898,3,2.0,2.5,Average,102.0,28.560215664689977,77.40501415181751
104207,Green House 384,5,2.0,3.7,Good,28.0,19.08492141492999,72.86597426766464
104208,Starbucks,4,3.0,3.6,Good,149.0,28.40096205563066,77.32249371228284
104209,Green Studio 370,1,3.0,4.0,Very Good,181.0,28.66467615408794,77.23028142448568
104210,Spice Cafe 318,1,1.0,3.3,Good,333.0,28.614243927928477,77.17111483825327
104211,Kitchen Garden 515,1,1.0,2.5,Average,335.0,28.62741287554744,77.21543993479673
104212,Cafe Garden 35,5,4.0,3.6,Good,224.0,19.100061255826652,72.95521630854233
104213,House Studio 408,4,1.0,3.1,Good,23.0,28.39080911769045,77.28887828757155
104214,Starbucks,1,3.0,2.8,Average,36.0,28.596004822813786,77.2450489377422
104215,The Food Bites 59,5,1.0,2.3,Average,70.0,19.077450642204887,72.87435234105146
104216,Spice Restaurant 950,9,1.0,2.6,Average,360.0,13.035571623263202,80.31210470410706
104217,Cafe Bites 466,1,1.0,4.3,Very Good,502.0,28.676385984604178,77.183679541032
104218,Curry Restaurant 896,3,1.0,0.0,Not rated,65.0,28.5411272350858,77.39121234049608
104219,Grill Kitchen 40,6,1.0,3.8,Good,3966.0,12.964567047123216,77.67198078922057
104220,Cafe Restaurant 157,1,2.0,2.9,Average,1199.0,28.68689344403304,77.20293787967773
104221,Royal Hub 85,1,2.0,3.8,Good,978.0,28.57534776024256,77.23116969289549
104222,Urban Corner 455,5,4.0,4.2,Very Good,544.0,19.129765275330865,72.89850837343536
104223,Spice Express 100,11,1.0,3.6,Good,352.0,26.940865282992338,75.71630113970856
104224,The Food Point 671,8,2.0,,Good,314.0,17.4240960320927,78.50231799262473
104225,Spice Express 858,5,2.0,4.1,Very Good,23.0,19.069855754388986,72.83438643934811
104226,Kitchen Restaurant 174,7,2.0,3.4,Good,51.0,18.52235528625055,73.87885158259056
104227,Cafe Restaurant 967,2,2.0,4.3,Very Good,175.0,28.447484733867334,77.03072000487752
104228,Spice Bites 413,6,1.0,1.9,Poor,160.0,13.006471977284571,77.55557019030896
104229,House Bites 63,3,1.0,0.0,Not rated,77.0,28.549210749137526,77.34933414879546
104230,Haldiram's,1,1.0,3.2,Good,255.0,28.594353019377557,77.20645349375388
104231,Cafe Coffee Day,6,1.0,2.4,Average,11.0,12.95366045808966,77.68143596761996
104232,Barbeque Nation,5,2.0,3.6,Good,373.0,19.07548154593245,72.9345161814811
104233,Biryani Blues,2,1.0,2.0,Average,151.0,28.447870079495814,77.0391840142972
104234,Haldiram's,11,3.0,3.0,Good,137.0,26.962862049969058,75.80533613375388
104235,House Restaurant 863,1,3.0,0.0,Not rated,286.0,28.642187525592718,77.23005678821814
104236,Spice Garden 281,1,4.0,4.6,Excellent,67.0,28.642113917539604,77.19029424034133
104237,Urban Express 478,1,3.0,3.2,Good,135.0,28.62208710194656,77.18475826458042
104238,Bistro Kitchen 580,8,1.0,4.4,Very Good,338.0,17.356072296595425,78.5164874258069
104239,Urban Kitchen 941,6,2.0,3.7,Good,69.0,12.995963764378455,77.57354055945449
104240,Starbucks,2,1.0,3.3,Good,15.0,28.386063609514704,77.07701932986218
104241,Pizza Hut,6,3.0,3.0,Good,41.0,12.977691932008542,77.54723513549509
104242,Spice Hub 808,2,3.0,2.7,Average,150.0,28.431075837353664,76.99504464282626
104243,The Belgian Waffle Co,7,3.0,3.7,Good,148.0,18.48928090988472,73.9062482352259
104244,Urban Restaurant 966,3,1.0,3.0,Good,170.0,28.51928330454808,77.38096016335217
104245,House Bites 966,2,2.0,2.3,Average,65.0,28.456562210051608,77.02230905835337
104246,Green Restaurant 774,12,1.0,0.0,Not rated,17.0,23.02168045322535,72.59399011375872
104247,The Food Corner 389,1,1.0,2.4,Average,181.0,28.64155833534734,77.24955702907025
104248,Royal Garden 144,1,2.0,4.4,Very Good,192.0,28.60781403269772,77.23034224804297
104249,Tasty Point 856,5,1.0,4.4,Very Good,525.0,19.072439326263318,72.88775422795099
104250,Subway,13,4.0,3.7,Good,79.0,25.15595355213172,55.29882349702801
104251,Cafe Coffee Day,2,1.0,3.1,Good,14.0,28.41521141575813,77.04092008784895
104252,Curry Garden 95,1,3.0,3.2,Good,7.0,28.623947416529937,77.24697902814158
104253,Cafe Express 358,2,2.0,2.6,Average,96.0,28.481573393348967,77.12659161504398
104254,Grill Studio 850,3,3.0,4.3,Very Good,272.0,28.526383484368107,77.40868674203415
104255,Royal Corner 973,1,3.0,4.6,Excellent,185.0,28.64655352881523,77.17890545755544
104256,Tasty Hub 551,6,3.0,2.8,Average,82.0,12.922323782768169,77.63095611836029
104257,Bistro House 356,15,1.0,2.9,Average,23.0,1.3660488552978975,103.81468158331937
104258,House Garden 213,3,4.0,3.3,Good,17.0,28.505687783793867,77.40280006685767
104259,Grill Lounge 850,2,1.0,2.7,Average,258.0,28.426923744101625,77.03943333003112
104260,The Food Kitchen 526,2,1.0,3.8,Good,156.0,28.43272794265703,77.00624309887587
104261,The Food Point 479,1,1.0,2.1,Average,90.0,28.611073205089234,77.19602176798595
104262,Urban Lounge 675,10,3.0,3.7,Good,29.0,22.587961392533334,88.28310753091014
104263,Curry Hub 479,2,2.0,3.7,Good,60.0,28.472204272315537,77.02304994350989
104264,Kitchen Cafe 387,2,3.0,3.3,Good,196.0,28.449333123562184,77.04622801473755
104265,Spice Express 719,6,2.0,3.8,Good,296.0,12.993729356984808,77.59511220617101
104266,Pizza Hut,3,1.0,3.1,Good,144.0,28.59453594876725,77.37489916282519
104267,Spice Hub 432,6,4.0,4.4,Very Good,1328.0,12.967420607949213,77.60779870976964
104268,Kitchen Bites 925,1,1.0,2.0,Average,68.0,28.617217852081637,77.1760121564174
104269,Pizza Hut,9,3.0,3.2,Good,909.0,13.061289450759025,80.23367129568246
104270,Curry Lounge 191,12,1.0,3.0,Good,228.0,23.008781451073144,72.58980429793709
104271,Curry Cafe 468,6,2.0,1.5,Poor,143.0,13.015292154287213,77.61493133629153
104272,Bistro House 749,13,1.0,2.3,Average,478.0,25.24885303764481,55.288686829630215
104273,Green Garden 741,1,1.0,0.0,Not rated,41.0,28.60686263823252,77.19848149704723
104274,Kitchen Studio 695,3,1.0,3.6,Good,131.0,28.55265880831307,77.42927575897608
104275,Spice Point 782,5,1.0,2.5,Average,33.0,19.108216005057567,72.83836862646457
104276,Grill Kitchen 432,5,1.0,2.5,Average,502.0,19.060371903643713,72.86730482311529
104277,The Food Cafe 411,2,1.0,3.5,Good,295.0,28.41379321120819,77.05277333279177
104278,Royal Lounge 171,2,2.0,2.1,Average,563.0,28.48362581324153,77.05668571831609
104279,Cafe Restaurant 966,1,3.0,2.1,Average,184.0,28.645273566564548,77.18196656498499
104280,Cafe Hub 134,2,2.0,3.0,Good,691.0,28.485724758004977,77.10159086516693
104281,Spice Kitchen 317,1,3.0,2.5,Average,61.0,28.600804791156172,77.20443208212494
104282,Royal Express 470,7,2.0,2.3,Average,512.0,18.573708880499314,73.85977370933804
104283,Curry Corner 675,1,2.0,3.6,Good,120.0,28.62384926654587,77.24323423721883
104284,McDonald's,1,2.0,0.0,Not rated,90.0,28.573734365111356,77.26331775129111
104285,Urban Hub 242,5,1.0,3.5,Good,483.0,19.020136938919936,72.87985372033523
104286,Tasty Kitchen 742,5,2.0,3.9,Good,3896.0,19.06559820244158,72.9187643007464
104287,House Lounge 866,10,1.0,3.8,Good,578.0,22.580468403553592,88.34793429579553
104288,Spice Studio 164,5,3.0,2.0,Average,438.0,19.0659218835927,72.93609510859767
104289,Curry Lounge 704,2,3.0,3.7,Good,102.0,28.52927468395938,77.02795093890244
104290,Green Studio 685,8,1.0,2.7,Average,198.0,17.399139423418568,78.4977051117216
104291,Curry Restaurant 249,4,2.0,2.7,Average,144.0,28.37483979422994,77.30566289225575
104292,Urban House 132,1,1.0,3.4,Good,1104.0,28.534438038463044,77.21655956261176
104293,Royal House 792,5,1.0,1.9,Poor,113.0,19.084225491721995,72.85213776103039
104294,The Food Bites 748,11,1.0,1.9,Poor,719.0,26.947013393139297,75.78511422350189
104295,Cafe House 547,2,3.0,3.8,Good,,28.524731852302043,77.02719940334948
104296,Barbeque Nation,1,2.0,3.5,Good,1117.0,28.606815588880046,77.17204260154433
104297,Cafe Corner 228,1,3.0,3.5,Good,66.0,28.674169968666536,77.18900876136809
104298,Royal Point 378,1,1.0,2.4,Average,443.0,28.56633753262736,77.13550992684154
104299,Grill Corner 626,3,2.0,0.0,Not rated,30.0,28.523463218390486,77.34757661102577
104300,Tasty Kitchen 662,5,2.0,3.6,Good,430.0,19.0404960891045,72.87720791318323
104301,Barbeque Nation,1,1.0,3.1,Good,53.0,28.641623531806278,77.24258211214851
104302,Subway,12,2.0,2.4,Average,557.0,22.97696229170519,72.55890500446007
104303,Urban Express 394,7,1.0,2.7,Average,468.0,18.534461236860462,73.85563018850661
104304,Tasty Hub 292,5,1.0,3.5,Good,91.0,19.032535971999913,72.91835927595557
104305,House Studio 36,9,2.0,4.1,Very Good,456.0,13.144222354356799,80.29986290774127
104306,Tasty Hub 168,1,2.0,3.0,Good,569.0,28.600801038686562,77.23765606767921
104307,Grill Kitchen 477,3,1.0,2.8,Average,52.0,28.548728804720334,77.3951726191653
104308,Kitchen Bites 751,5,1.0,2.9,Average,46.0,19.013392958204367,72.86054562930364
104309,Burger King,9,1.0,3.2,Good,47.0,13.03038192247195,80.28455165617949
104310,Spice Hub 327,8,1.0,2.6,Average,35.0,17.35793112353197,78.53158819125107
104311,Haldiram's,1,1.0,1.1,Poor,29.0,28.643668134471923,77.27226070461968
104312,Curry Corner 498,12,1.0,3.8,Good,659.0,23.045568167016775,72.65560948920404
104313,House House 433,1,2.0,4.4,Very Good,475.0,28.6518886486385,77.2625394327979
104314,The Food House 265,10,1.0,2.6,Average,19.0,22.519759421188546,88.36542922121123
104315,Urban Cafe 827,13,3.0,2.7,Average,86.0,25.222540428064494,55.22871509672794
104316,Curry Lounge 382,1,2.0,3.1,Good,41.0,28.594303588628136,77.2300696265925
104317,Bistro Express 865,7,1.0,2.9,Average,500.0,18.492116348223117,73.89508054420999
104318,Kitchen Kitchen 805,1,1.0,3.6,Good,113.0,28.595097031755724,77.11963376106544
104319,Burger King,2,3.0,3.4,Good,27.0,28.45542362720765,76.97483128599086
104320,Tasty Bites 82,4,1.0,2.5,Average,193.0,28.43203655455887,77.30181099760951
104321,Pizza Hut,5,1.0,2.1,Average,304.0,19.11529818553111,72.85078864150627
104322,Bistro Cafe 265,12,1.0,3.6,Good,60.0,23.040737524491938,72.51508300497945
104323,Biryani Blues,6,2.0,3.6,Good,142.0,12.993764475767732,77.60790168655626
104324,Curry House 50,3,2.0,3.9,Good,68.0,28.599306734179287,77.43444163119705
104325,Spice Kitchen 889,8,4.0,3.0,Good,824.0,17.40939755820623,78.48010576296855
104326,Kitchen Corner 911,12,3.0,4.6,Excellent,144.0,23.015015780897766,72.51329688355494
104327,Kitchen Garden 436,1,1.0,1.9,Poor,55.0,28.634238665718634,77.21621998458068
104328,The Food Corner 556,14,1.0,3.5,Good,182.0,51.56716760664799,-0.16664888057697974
104329,The Food Express 428,1,1.0,1.8,Poor,103.0,28.58343737671439,77.17369828608282
104330,Pizza Hut,9,1.0,2.5,Average,368.0,13.067617206457983,80.30429081456752
104331,Spice Cafe 115,1,1.0,4.0,Very Good,992.0,28.664654471227227,77.25100763669593
104332,Spice Lounge 757,1,1.0,0.0,Not rated,415.0,28.603733447889933,77.19887475985225
104333,Royal Kitchen 548,3,1.0,2.6,Average,98.0,28.562250138631104,77.41658878177847
104334,Starbucks,6,1.0,2.7,Average,238.0,13.01671805399493,77.55700098688145
104335,Barbeque Nation,2,1.0,3.1,Good,1144.0,28.415546283235955,77.0451179678429
104336,The Food Express 996,1,4.0,3.9,Good,1431.0,28.599605208622336,77.19556440118498
104337,Cafe Point 941,5,2.0,4.0,Very Good,72.0,19.118164124941377,72.83130504420208
104338,Bistro Lounge 583,11,4.0,3.3,Good,390.0,26.90797506903473,75.75555010764292
104339,Urban Express 382,2,1.0,2.0,Average,237.0,28.38884926278197,77.04095197263693
104340,Biryani Blues,1,2.0,3.3,Good,592.0,28.596051057943527,77.15717891709723
104341,House Kitchen 392,3,1.0,2.7,Average,771.0,28.56330618591959,77.38114145852585
104342,Bistro Kitchen 346,1,1.0,2.2,Average,39.0,28.658577258486204,77.24639403696682
104343,Bistro Garden 433,9,1.0,3.2,Good,76.0,13.084479585451518,80.25345109928837
104344,Royal Restaurant 264,9,4.0,3.5,Good,604.0,13.09963235629085,
104345,Bistro Kitchen 857,5,4.0,3.8,Good,249.0,19.06308289558291,72.86800506026236
104346,Urban Point 585,2,1.0,2.4,Average,9.0,28.49111144747384,77.05031784670076
104347,The Food Cafe 527,8,1.0,3.3,Good,23.0,17.434881844502346,78.44128143179007
104348,Green Restaurant 819,5,1.0,2.1,Average,327.0,19.102886996508907,72.91924720856491
104349,Biryani Blues,9,1.0,2.5,Average,445.0,13.078564163872056,80.29741662660246
104350,Tasty Garden 765,5,1.0,2.8,Average,30.0,19.091193887283453,72.88995408915387
104351,Royal Garden 514,8,,4.1,Very Good,876.0,17.4183370765398,78.506906677316
104352,Cafe House 932,5,2.0,3.7,Good,158.0,19.07696955907577,72.88215095770065
104353,Cafe Coffee Day,2,1.0,3.7,Good,56.0,28.487518515565622,77.0382995509424
104354,Tasty Point 20,13,1.0,3.9,Good,105.0,25.21776081421473,55.273301086201194
104355,House Hub 282,4,1.0,5.0,Excellent,58.0,28.458577523105443,77.34870228585538
104356,Cafe Bites 326,5,1.0,3.0,Good,80.0,19.100504817612194,72.92295072769697
104357,Subway,1,4.0,4.5,Excellent,23.0,28.59645049111061,77.18027097908909
104358,Pizza Hut,5,1.0,3.7,Good,185.0,19.125157290345843,72.85313587436184
104359,Biryani Blues,5,3.0,4.0,Very Good,452.0,19.092101931728536,72.86400535087091
104360,Bistro Cafe 847,1,3.0,0.0,Not rated,16.0,28.609009242142253,77.18769275868421
104361,Tasty Bites 610,1,4.0,3.3,Good,190.0,28.56650987074526,77.24868358056335
104362,Tasty Studio 953,5,3.0,3.1,Good,65.0,19.084098262517035,72.82521351806092
104363,Kitchen Express 328,8,2.0,3.4,Good,438.0,17.449221111304336,78.50569467948841
104364,CURRY HUB 474,4,3.0,3.3,Good,10.0,28.3133718312472,77.36633450612852
104365,Curry Point 546,1,1.0,3.2,Good,443.0,28.519760040329103,77.18874417651816
104366,House House 262,6,2.0,4.2,Very Good,23.0,12.998456877347227,77.64612219823199
104367,House Cafe 991,1,4.0,3.3,Good,143.0,28.622166030828925,77.24950669598054
104368,Barbeque Nation,3,2.0,3.0,Good,71.0,28.559033430054097,77.37877666956737
104369,Kitchen Kitchen 213,1,4.0,3.7,Good,129.0,28.595476492504517,77.23765778051451
104370,Grill Express 312,1,3.0,3.3,Good,27.0,28.538937793264513,77.18006839649044
104371,Kitchen Studio 691,1,3.0,2.2,Average,1163.0,28.584780524944502,77.17043924317865
104372,Royal Cafe 599,2,2.0,2.8,Average,33.0,28.514100185560384,77.01036739989111
104373,Pizza Hut,1,2.0,3.6,Good,43.0,28.598094376826527,77.25626084671377
104374,Tasty Corner 770,2,2.0,4.1,Very Good,2091.0,28.443997496557714,77.01055928424054
104375,Grill Restaurant 503,4,3.0,2.6,Average,238.0,28.316871000228726,77.31925864707634
104376,Tasty Lounge 135,3,3.0,2.6,Average,33.0,28.472343200537413,77.35584683815831
104377,Urban Kitchen 406,2,3.0,3.4,Good,161.0,28.498355850736974,77.0569328279032
104378,KFC,9,2.0,1.9,Poor,101.0,13.073620018076038,80.29980109787454
104379,Royal Hub 786,1,1.0,2.7,Average,19.0,28.648592065997946,77.18434951843436
104380,Bistro House 564,3,1.0,1.9,Poor,52.0,28.509120521995293,77.30990318160373
104381,Green House 923,1,3.0,4.3,Very Good,224.0,28.562527628670363,77.19633952797064
104382,Kitchen Express 646,1,2.0,2.7,Average,793.0,28.60476767466902,77.22448862157324
104383,The Belgian Waffle Co,5,1.0,4.1,Very Good,175.0,19.055946640830353,72.87723816845633
104384,House Express 515,5,1.0,3.7,Good,176.0,19.046841843835942,72.88051682481036
104385,Tasty Point 880,10,3.0,3.0,Good,62.0,22.544354671585054,88.3761334705487
104386,Curry Garden 846,5,3.0,2.7,Average,641.0,19.071277166407906,72.85981654024272
104387,Royal Hub 410,13,3.0,3.3,Good,574.0,25.187595098003833,55.22686366751188
104388,Grill Express 782,1,2.0,3.1,Good,477.0,28.58127060854932,77.23486517308869
104389,Royal Bites 930,1,1.0,3.2,Good,209.0,28.677065003064918,77.17802852817239
104390,Biryani Blues,1,1.0,2.5,Average,21.0,28.629928425869117,77.16694338454323
104391,Tasty House 194,1,1.0,3.5,Good,756.0,28.619446896394034,77.22650226533432
104392,Cafe Point 142,4,3.0,3.6,Good,213.0,28.40657091092878,77.27909650639182
104393,Grill Kitchen 614,6,1.0,0.0,Not rated,61.0,12.994896513327344,77.56596345295326
104394,Tasty Corner 333,1,2.0,2.7,Average,285.0,28.632513820167723,77.2643202322165
104395,Royal Cafe 641,12,2.0,3.1,Good,235.0,22.986300229571615,72.62699971715115
104396,Urban Express 24,9,2.0,2.7,Average,42.0,13.02907054562054,80.31239431872825
104397,House House 566,1,3.0,3.4,Good,127.0,28.53430703955811,77.23557781808046
104398,Green Hub 469,1,1.0,3.1,Good,16.0,28.67661758890406,77.24947392954607
104399,Green Hub 484,1,3.0,3.6,Good,221.0,28.598314152150678,77.27769115255188
104400,Green Express 136,1,1.0,4.1,Very Good,1169.0,28.634622083835893,77.24729460866291
104401,Spice Point 592,1,1.0,2.9,Average,18.0,28.620972144408782,77.2177947438135
104402,Green Bites 618,4,1.0,3.7,Good,238.0,28.44083955584149,77.34835321472163
104403,Green Hub 997,1,1.0,3.1,Good,410.0,28.61164117479095,77.19272704836811
104404,House Kitchen 823,2,3.0,3.2,Good,504.0,28.413021082569976,77.03172122312697
104405,Kitchen Hub 251,14,2.0,0.0,Not rated,35.0,51.47110091130001,-0.12112219774836276
104406,Urban Corner 767,6,1.0,3.0,Good,43.0,12.959323462264873,77.58976708969978
104407,The Belgian Waffle Co,12,1.0,3.2,Good,87.0,22.96701554724156,72.5603804721953
104408,Grill Studio 883,1,2.0,2.6,Average,706.0,28.58399854178429,77.25407516077527
104409,Tasty Garden 905,2,3.0,2.4,Average,18.0,28.417541215059774,76.99324578726609
104410,Urban Restaurant 796,5,1.0,3.4,Good,41.0,19.064495963156755,72.88287207610743
104411,Grill Restaurant 25,1,2.0,3.8,Good,117.0,28.596538873081556,77.1638734869134
104412,Bistro Corner 300,1,3.0,3.9,Good,62.0,28.61808186134991,77.13872995527528
104413,Bistro Corner 373,6,2.0,3.3,Good,176.0,13.001506357052468,77.6364314591949
104414,Grill Bites 666,6,1.0,3.5,Good,1139.0,12.96310846849724,77.63960543464943
104415,Urban Kitchen 150,2,,3.7,Good,45.0,28.406915655620562,77.00961075556735
104416,Cafe Kitchen 740,3,2.0,3.7,Good,169.0,28.463808191776675,77.39277213399063
104417,Burger King,2,2.0,2.6,Average,157.0,28.46518112333164,77.01647472494527
104418,Royal Point 815,1,2.0,2.5,Average,102.0,28.590607516382505,77.1989114400322
104419,The Food Kitchen 338,2,4.0,3.3,Good,25.0,28.45399235138976,77.00951893842867
104420,Urban Studio 921,1,1.0,,Good,78.0,28.625433940430327,77.22510268648013
104421,Green Garden 351,1,4.0,3.4,Good,86.0,28.664411195484107,77.19565938511055
104422,Curry Express 807,13,2.0,2.0,Average,308.0,25.14363730795876,
104423,The Food Cafe 282,5,2.0,0.0,Not rated,152.0,19.040563983109156,72.93606982286947
104424,Royal Hub 535,7,1.0,2.8,Average,23.0,18.51741679971171,73.87033448690593
104425,Green Express 578,1,1.0,3.1,Good,109.0,28.573993224515664,77.2133679831851
104426,The Food Garden 968,2,2.0,4.0,Very Good,116.0,28.407383041119456,77.00659808344875
104427,Cafe Bites 313,1,2.0,1.7,Poor,1506.0,28.65973520790388,77.20849642470424
104428,Curry Bites 302,1,1.0,2.7,Average,234.0,28.577221503582113,77.15053416921234
104429,Starbucks,1,2.0,2.9,Average,44.0,28.56807851725952,77.26288855802802
104430,Biryani Blues,8,1.0,2.8,Average,63.0,17.34481476791367,78.4531680539092
104431,Tasty Garden 653,6,4.0,3.5,Good,121.0,13.009609782827788,77.52744886788382
104432,Subway,4,3.0,4.3,Very Good,364.0,28.38456164224829,77.3141407657248
104433,Royal Cafe 13,3,1.0,3.4,Good,348.0,28.487003438101908,77.40339772075006
104434,Bistro Lounge 764,11,3.0,4.0,Very Good,278.0,26.88299433347026,75.83365769813437
104435,Grill House 489,1,3.0,3.4,Good,146.0,28.61221402683436,77.21756765636638
104436,Royal Express 660,1,1.0,2.1,Average,120.0,28.64511198484622,77.24139209899599
104437,Haldiram's,2,2.0,1.8,Poor,113.0,28.487771896772912,77.05914413167855
104438,Kitchen House 887,8,1.0,2.0,Average,15.0,17.357778084791562,78.51581927808093
104439,House Hub 892,14,2.0,3.4,Good,176.0,51.48881065557818,-0.16747737000992868
104440,Royal Studio 919,1,1.0,3.0,Good,84.0,28.68750094248427,77.22688286329547
104441,House Kitchen 351,10,1.0,2.9,Average,21.0,22.607448958566852,88.31542365500059
104442,Subway,9,1.0,0.0,Not rated,1848.0,13.073887693317396,80.34050379181546
104443,Cafe Coffee Day,1,1.0,0.0,Not rated,132.0,28.533569664594864,77.23341772491723
104444,Bistro Kitchen 666,2,3.0,2.9,Average,173.0,28.443440996955925,77.00473217925558
104445,Barbeque Nation,2,1.0,3.6,Good,124.0,28.413068322325124,77.03975490815009
104446,House Corner 861,13,1.0,3.0,Good,433.0,25.174606151497663,
104447,Grill Point 760,1,3.0,3.4,Good,44.0,28.580113386237947,77.1545859855072
104448,The Belgian Waffle Co,8,2.0,4.0,Very Good,146.0,17.376907714301403,78.51738733023242
104449,The Belgian Waffle Co,2,2.0,4.2,Very Good,68.0,28.461941586579858,76.99227011332407
104450,Pizza Hut,7,4.0,3.4,Good,468.0,18.49479467054451,73.85036449352255
104451,The Food Lounge 985,2,3.0,3.9,Good,75.0,28.414780279141105,77.03379428023555
104452,Bistro Lounge 894,5,1.0,3.2,Good,721.0,19.069737405645064,72.87131529554603
104453,Domino's Pizza,9,2.0,3.2,Good,160.0,13.065260242801285,80.23471875199202
104454,Grill Point 251,8,4.0,3.7,Good,534.0,17.318586128216594,78.48882463965457
104455,Bistro Hub 707,10,1.0,2.6,Average,262.0,22.59386498298842,88.3690808745518
104456,Green Point 707,1,1.0,0.0,Not rated,338.0,28.588390346741672,77.23949581585184
104457,Royal Corner 624,6,1.0,2.6,Average,49.0,12.962169171315413,77.68017113869689
104458,The Food Kitchen 761,1,1.0,3.6,Good,616.0,28.606205377055446,77.13982881514926
104459,KFC,2,2.0,0.0,Not rated,8.0,28.458959568167717,76.99865175993146
104460,Royal Lounge 311,5,3.0,0.0,Not rated,95.0,19.081111516247912,72.8855029698442
104461,Subway,2,4.0,3.1,Good,89.0,28.413839078128277,77.06197691629541
104462,Cafe Studio 476,4,3.0,1.3,Poor,20.0,28.41983254723921,77.32992175830164
104463,Domino's Pizza,15,1.0,2.7,Average,53.0,1.3400553309604921,103.85910474289568
104464,House Kitchen 202,1,1.0,3.0,Good,78.0,28.6518555045962,77.15720631304984
104465,Curry Kitchen 488,6,4.0,3.5,Good,152.0,13.000124265839483,77.58348171692322
104466,Haldiram's,2,1.0,4.3,Very Good,120.0,28.505796699061673,77.07775611964979
104467,Cafe Studio 308,1,1.0,3.4,Good,210.0,28.58105720933057,77.17889126198865
104468,Cafe House 882,1,3.0,3.7,Good,71.0,28.65893327504168,77.10753375773629
104469,Bistro Studio 797,12,2.0,2.1,Average,78.0,23.02579260862459,72.54281300270969
104470,Cafe Bites 630,10,1.0,2.8,Average,116.0,22.596756572135728,88.37920626364051
104471,Spice Garden 773,11,3.0,3.1,Good,223.0,26.936003331795902,75.78482181144197
104472,The Food Studio 647,14,4.0,3.1,Good,514.0,51.52346692480636,-0.17277058578207077
104473,Haldiram's,1,1.0,2.5,Average,453.0,28.575812156316218,77.18374653515906
104474,The Food Bites 307,2,,2.2,Average,196.0,28.492927821772895,76.98002965889656
104475,Grill Point 350,6,1.0,2.2,Average,250.0,12.983908747923552,77.55214456585736
104476,Grill Lounge 317,3,2.0,3.8,Good,306.0,28.483942009736296,77.36023518388679
104477,Urban Hub 500,2,3.0,3.3,Good,125.0,28.442571179681238,77.0302918899769
104478,Haldiram's,2,4.0,3.3,Good,573.0,28.417042141811656,76.94301912862814
104479,Royal Hub 68,5,1.0,3.0,Good,55.0,19.026082745075968,72.92550087798395
104480,House Garden 97,5,1.0,3.8,Good,16.0,19.10586634855259,72.87407707943206
104481,Curry Express 654,1,1.0,3.0,Good,47.0,28.562121926780335,77.1702669400658
104482,Royal Point 798,3,2.0,3.6,Good,1148.0,28.489260859670935,77.35692624569991
104483,Subway,5,1.0,2.4,Average,105.0,19.14523780382186,72.85548423393934
104484,Haldiram's,5,1.0,2.6,Average,224.0,19.060323996942273,72.87791862594995
104485,Grill Studio 106,1,1.0,3.2,Good,129.0,28.636918127802733,77.21429695874181
104486,Cafe Point 585,7,1.0,4.2,Very Good,457.0,18.55976910370992,73.84991574941454
104487,Kitchen Hub 197,1,1.0,3.9,Good,231.0,28.640997476297873,77.18256050904367
104488,Royal Hub 625,2,3.0,3.8,Good,190.0,28.4647350494872,77.02621630403229
104489,Kitchen Lounge 486,8,1.0,0.0,Not rated,193.0,17.383695757227144,78.41411040741644
104490,Tasty Restaurant 276,5,1.0,3.9,Good,118.0,19.094816222209662,72.83516250140445
104491,Cafe Coffee Day,1,3.0,3.9,Good,338.0,28.60603681065278,77.185332621276
104492,The Food Express 149,6,2.0,1.7,Poor,105.0,12.995921042335237,77.54762201858156
104493,Bistro Express 850,5,1.0,2.3,Average,130.0,19.066936437818587,72.87004496764322
104494,Curry Garden 436,8,1.0,3.2,Good,65.0,17.379906236422276,78.43986786192117
104495,Tasty Corner 781,7,,2.0,Average,106.0,18.586261604312355,73.91665614756184
104496,Spice House 363,5,1.0,2.4,Average,77.0,19.059186341273826,72.82668340304645
104497,Royal Studio 786,3,2.0,2.7,Average,669.0,28.53617344862998,77.44389336848121
104498,Bistro Point 214,1,1.0,2.8,Average,20.0,28.62896969543796,77.13881694149137
104499,The Food Garden 853,1,1.0,2.8,Average,506.0,28.631217770994322,77.27917881540536
104500,Kitchen House 810,2,2.0,3.0,Good,19.0,28.469750184596673,77.04703992154268
104501,Grill Lounge 757,5,2.0,3.7,Good,397.0,19.03223634434147,72.90540564751325
104502,Subway,4,3.0,3.2,Good,63.0,28.41457151788993,77.27001403772718
104503,Curry Garden 110,1,1.0,2.7,Average,330.0,28.62239901268889,77.19770648995176
104504,McDonald's,1,2.0,2.3,Average,128.0,28.653798609480976,77.19998948615405
104505,Curry Restaurant 608,3,1.0,3.7,Good,33.0,28.561373453449292,77.38747317665664
104506,Spice Bites 400,1,2.0,2.8,Average,910.0,28.656105112585447,77.2535410971896
104507,Bistro Studio 256,7,3.0,2.7,Average,430.0,18.485287811298548,73.88089613216428
104508,Cafe Cafe 385,1,1.0,3.1,Good,333.0,28.57903928640551,77.20319975150565
104509,Domino's Pizza,5,3.0,2.9,Average,76.0,19.08748348847914,72.9126685181755
104510,The Food Lounge 379,12,2.0,2.9,Average,469.0,23.062149819504388,72.61281001460047
104511,The Food Kitchen 484,1,3.0,3.6,Good,39.0,28.606884812711357,77.18912185839167
104512,Starbucks,3,2.0,0.0,Not rated,5.0,28.509589866209925,77.37009640573206
104513,Starbucks,1,1.0,4.5,Excellent,34.0,28.557848647950784,77.28465933382905
104514,Royal Hub 604,5,1.0,3.0,Good,55.0,19.088706024298283,72.86930532816466
104515,Green Lounge 91,5,1.0,3.4,Good,74.0,19.07204801651391,72.85519602006579
104516,Kitchen Cafe 560,2,1.0,1.7,Poor,75.0,28.44431187877093,77.02119223170804
104517,The Food Lounge 544,4,2.0,2.6,Average,97.0,28.440581651263262,77.35540617519477
104518,Bistro Corner 144,11,2.0,2.5,Average,69.0,26.909362188199292,75.81244332949933
104519,Urban Restaurant 729,1,4.0,0.0,Not rated,6.0,28.61393104101788,77.20460461075986
104520,Kitchen Studio 766,1,1.0,3.3,Good,236.0,28.645395580290696,77.23040560801113
104521,Royal Express 480,10,3.0,4.1,Very Good,159.0,22.64927575227765,88.37265995185936
104522,Pizza Hut,5,4.0,3.8,Good,86.0,19.06044381350447,72.87272243415049
104523,House Restaurant 266,10,3.0,3.3,Good,1067.0,22.541931607892995,
104524,Bistro Corner 144,5,1.0,2.6,Average,117.0,19.041382936064725,72.88288142908804
104525,Burger King,8,2.0,3.9,Good,228.0,17.40168884601243,78.4721345984931
104526,Curry Corner 852,3,1.0,4.3,Very Good,626.0,28.49733183544202,77.39347231443861
104527,Grill Express 17,7,1.0,3.1,Good,27.0,18.507337217724917,73.85496627052643
104528,Spice Lounge 895,11,,3.6,Good,193.0,26.90241520068989,75.73652859566212
104529,Grill Studio 290,5,3.0,3.6,Good,535.0,19.13047396817351,72.85917497259308
104530,House Kitchen 753,1,2.0,3.7,Good,181.0,28.65565010764506,77.19995602400112
104531,KFC,1,2.0,2.4,Average,29.0,28.560114968138137,77.27409002219984
104532,Urban Lounge 163,1,4.0,3.3,Good,101.0,28.669368849023652,77.20339923075274
104533,Urban Cafe 945,1,1.0,3.3,Good,235.0,28.571334707322404,77.21856341946983
104534,House Point 770,1,2.0,4.0,Very Good,15.0,28.619510185260054,77.28429629258396
104535,The Belgian Waffle Co,5,3.0,0.0,Not rated,16.0,19.046790974463065,72.82242694694159
104536,The Food Studio 463,5,1.0,1.7,Poor,1542.0,19.06240933869866,72.82399592763366
104537,Bistro Hub 667,3,2.0,2.9,Average,312.0,28.501185686912905,77.36375860477128
104538,Royal Bites 590,5,1.0,0.0,Not rated,574.0,19.134643288219614,72.86604256973816
104539,Grill Restaurant 758,1,3.0,2.4,Average,450.0,28.60899665600037,77.20087603339388
104540,Tasty Corner 412,1,1.0,2.2,Average,239.0,28.621795643662217,77.19111942274206
104541,Spice Cafe 849,1,1.0,3.1,Good,120.0,28.5763703323702,77.16582165480371
104542,Spice Point 331,4,2.0,3.1,Good,286.0,28.35937272943564,77.35188958710013
104543,The Food Point 599,1,1.0,3.4,Good,1164.0,28.5983549434347,77.19310913632687
104544,Kitchen Lounge 469,1,1.0,2.2,Average,409.0,28.632151102397863,77.25045172948016
104545,Green Cafe 948,2,1.0,0.0,Not rated,110.0,28.455249174700434,76.99100375670577
104546,Bistro Cafe 157,8,1.0,3.8,Good,167.0,17.419108882374058,78.55528914452157
104547,McDonald's,1,2.0,2.4,Average,284.0,28.618245981174603,77.15069797009825
104548,McDonald's,6,2.0,4.2,Very Good,116.0,12.971826282563953,77.59409279445514
104549,Haldiram's,6,2.0,2.5,Average,290.0,12.990328943995738,77.55965695119467
104550,Spice Hub 554,8,2.0,3.8,Good,86.0,17.388510483601706,78.48794471992613
104551,Urban Express 892,12,1.0,2.8,Average,107.0,23.055541022165727,72.5371170829678
104552,Green Bites 214,1,1.0,2.3,Average,41.0,28.633332377571833,77.13391276612961
104553,McDonald's,1,2.0,2.9,Average,98.0,28.645783772263822,77.181675834283
104554,The Food Point 959,10,3.0,3.8,Good,88.0,22.59767598621991,88.41976374845915
104555,Kitchen Corner 141,3,1.0,3.0,Good,1443.0,28.583109471399705,77.3559992031876
104556,Curry Kitchen 855,5,1.0,3.7,Good,66.0,19.105012695436674,72.8954955718678
104557,Spice Studio 889,6,2.0,4.1,Very Good,358.0,13.032765843890973,77.59479934998129
104558,Bistro Point 390,6,2.0,2.4,Average,46.0,12.95265850806323,77.57868631515302
104559,Barbeque Nation,12,2.0,2.4,Average,161.0,23.051717445304828,72.6429174920248
104560,Green House 605,15,1.0,2.2,Average,209.0,1.3037749127138167,103.80879164282203
104561,Urban Hub 519,7,2.0,2.6,Average,15.0,18.55354755656781,73.86263031476005
104562,Bistro Lounge 125,1,1.0,3.7,Good,35.0,28.615875560314937,77.21199819847212
104563,Subway,10,2.0,3.6,Good,60.0,22.60538802067353,88.4190250575683
104564,Barbeque Nation,1,3.0,3.0,Good,34.0,28.672682886642015,77.15654931648685
104565,Kitchen Restaurant 325,1,2.0,3.2,Good,202.0,28.641938385075626,77.287545983292
104566,Green Kitchen 819,11,1.0,3.9,Good,287.0,26.89795390392293,75.84048065876306
104567,Curry Garden 521,1,4.0,4.8,Excellent,68.0,28.575820977513043,77.22291833216471
104568,Barbeque Nation,1,3.0,3.6,Good,232.0,28.632660379936627,77.23063549970809
104569,Burger King,1,3.0,1.7,Poor,77.0,28.60389220358063,77.20101764708049
104570,Tasty Kitchen 364,10,1.0,3.2,Good,160.0,22.59582596831301,88.36915299358455
104571,The Food Kitchen 445,3,1.0,3.6,Good,90.0,28.517764080300296,77.40569970662887
104572,House Garden 235,6,4.0,3.7,Good,373.0,12.939068274999233,77.5627987157699
104573,Urban Bites 660,1,2.0,3.7,Good,1568.0,28.60543910651225,77.262179031135
104574,Curry Corner 975,7,3.0,3.6,Good,523.0,18.53793332617466,73.86454424309562
104575,Bistro Bites 919,7,1.0,2.2,Average,833.0,18.52467695466077,73.86165626536959
104576,Royal Point 182,1,1.0,2.4,Average,26.0,28.58544199963525,77.17866575514701
104577,Royal Lounge 160,2,4.0,3.4,Good,81.0,28.522517993965273,77.06754098621631
104578,Barbeque Nation,1,2.0,3.9,Good,430.0,28.609043998481344,77.20739201094118
104579,Spice Cafe 822,13,1.0,2.5,Average,1027.0,25.125636154165033,55.25241892750827
104580,Starbucks,6,1.0,3.3,Good,419.0,13.004230408564768,77.55658918146123
104581,Kitchen Cafe 425,12,2.0,3.4,Good,52.0,23.022111363373764,72.56574649059102
104582,Tasty Hub 179,1,1.0,4.0,Very Good,126.0,28.60793173090736,77.16806017788713
104583,Royal Restaurant 829,8,2.0,3.2,Good,276.0,17.378336199267046,78.49880409856405
104584,Royal Express 901,8,1.0,1.9,Poor,111.0,17.378533297367365,78.51380314854387
104585,Royal Corner 510,6,3.0,3.8,Good,76.0,13.030014182416002,77.58084406975878
104586,Burger King,13,1.0,4.4,Very Good,164.0,25.221058624726453,55.27906373681589
104587,The Food Cafe 329,2,4.0,4.1,Very Good,217.0,28.46861322506639,77.06930454041076
104588,Domino's Pizza,1,1.0,2.5,Average,40.0,28.604704134182025,77.20295072413417
104589,Curry Corner 753,6,2.0,2.5,Average,534.0,13.032096583941831,77.5909104124934
104590,Tasty Corner 553,7,1.0,2.4,Average,88.0,18.549902569701818,73.85689295923817
104591,Cafe Restaurant 538,5,2.0,4.5,Excellent,221.0,19.110616890613738,72.86227942455409
104592,KFC,1,4.0,3.4,Good,693.0,28.62363587900898,77.19669213377792
104593,Subway,3,3.0,3.0,Good,148.0,28.57049781328366,77.36409361422668
104594,KFC,1,2.0,3.1,Good,606.0,28.627661448117742,77.22403187477327
104595,Barbeque Nation,3,2.0,3.0,Good,48.0,28.52250487667647,77.38849534842727
104596,Tasty Lounge 451,6,3.0,4.4,Very Good,407.0,12.984529553568747,77.61555903767558
104597,Biryani Blues,7,3.0,2.7,Average,465.0,18.59379799429224,73.89246167075991
104598,Spice Garden 488,1,4.0,4.4,Very Good,83.0,28.621033641686843,77.17222664946613
104599,The Food Hub 331,2,1.0,3.1,Good,142.0,28.503955940464603,76.99731398187093
104600,Kitchen Cafe 685,1,4.0,4.4,Very Good,194.0,28.655598290151488,77.23321588028746
104601,Curry Studio 767,1,1.0,4.0,Very Good,282.0,28.633600438666964,77.20009708888436
104602,Cafe Point 129,8,1.0,3.1,Good,322.0,17.442987102933305,78.48952497652277
104603,McDonald's,11,1.0,2.8,Average,53.0,26.836347640121446,75.7902250537287
104604,Royal Point 676,2,1.0,3.0,Good,161.0,28.395226777443774,76.99341936197806
104605,KFC,7,2.0,3.1,Good,1301.0,18.580873928903138,73.8744116487909
104606,The Food Cafe 108,11,3.0,2.3,Average,557.0,26.889740087989388,75.79601220556552
104607,The Food Hub 748,9,3.0,4.4,Very Good,639.0,13.08661202251761,80.23540335198683
104608,Kitchen Restaurant 998,1,2.0,3.4,Good,149.0,28.67517023777283,77.20321879587007
104609,Cafe Lounge 530,13,2.0,2.4,Average,2184.0,25.211787758092107,55.266984141843615
104610,The Food Hub 336,2,2.0,1.9,Poor,495.0,28.518636306881,77.05276453664622
104611,House Hub 594,2,1.0,1.5,Poor,131.0,28.445911611103515,77.06765938471018
104612,Spice Restaurant 928,1,3.0,3.9,Good,279.0,28.63545630172056,77.2087072677883
104613,House Corner 814,3,2.0,2.8,Average,93.0,28.537534732282097,77.33217542772553
104614,McDonald's,1,2.0,2.9,Average,278.0,28.666072176276987,77.23441405319141
104615,The Belgian Waffle Co,1,2.0,3.5,Good,408.0,28.604743468457254,77.28593254350348
104616,Subway,1,3.0,3.1,Good,428.0,28.580149382698757,77.23412666359863
104617,Pizza Hut,8,1.0,3.4,Good,151.0,17.36863333451851,78.47715166301963
104618,Barbeque Nation,10,1.0,3.1,Good,28.0,22.557786158153732,88.37793629167676
104619,Kitchen Point 644,1,3.0,3.3,Good,251.0,28.591249748649467,77.23700885847374
104620,Cafe House 463,10,2.0,2.2,Average,353.0,22.54849469340533,88.3678551549757
104621,Curry Cafe 270,10,3.0,2.9,Average,50.0,22.611860104656298,88.40992271993399
104622,Urban Restaurant 287,8,1.0,3.4,Good,169.0,17.434273682832135,78.44706830234075
104623,Grill Express 346,1,1.0,2.6,Average,853.0,28.62761746237129,77.19485895340269
104624,Royal Garden 350,6,3.0,4.2,Very Good,50.0,12.94894346604018,77.61066918141425
104625,Curry Lounge 468,12,2.0,0.0,Not rated,63.0,23.00205893216884,72.5958411893321
104626,House Express 782,6,2.0,3.6,Good,1275.0,12.899048104560093,77.57545022362383
104627,Urban Express 437,2,1.0,4.0,Very Good,264.0,28.472788999897084,77.01075559831048
104628,Grill Hub 97,3,1.0,3.5,Good,100.0,28.511604442328135,77.36766981237609
104629,Barbeque Nation,6,2.0,2.9,Average,168.0,13.02308851239037,77.56853858497527
104630,Urban Lounge 730,4,1.0,3.1,Good,499.0,28.360666013449084,77.33596529542928
104631,Kitchen Garden 464,1,3.0,4.7,Excellent,196.0,28.593167664860804,77.20768737073557
104632,Urban Lounge 187,1,3.0,0.0,Not rated,189.0,28.610555341575537,77.25440421125523
104633,Grill Point 146,8,1.0,2.3,Average,200.0,17.401283034357924,78.44842290727406
104634,Green Corner 204,10,2.0,2.5,Average,231.0,22.635703098199357,88.35839810242005
104635,Kitchen Lounge 616,1,2.0,3.1,Good,407.0,28.565934918458183,77.23475411108763
104636,Cafe Lounge 538,12,1.0,2.3,Average,103.0,23.01193217049433,72.5834492889152
104637,Haldiram's,2,1.0,4.1,Very Good,68.0,28.40951408217499,76.98816265997651
104638,Green Restaurant 970,6,1.0,3.1,Good,322.0,12.999248305672534,77.63492493271647
104639,Royal Express 163,7,2.0,3.8,Good,176.0,18.497758703677587,73.86005568668389
104640,McDonald's,8,2.0,3.0,Good,99.0,17.381384369809656,78.55379668338055
104641,Cafe Point 864,12,2.0,2.5,Average,301.0,23.016470776161356,72.56677638515251
104642,Bistro Hub 554,1,2.0,2.3,Average,737.0,28.617970042842227,77.24953025375834
104643,Cafe House 879,10,2.0,2.6,Average,131.0,22.567130537913524,88.35135698275502
104644,Domino's Pizza,1,2.0,3.4,Good,192.0,28.579891128739614,77.20073650463182
104645,Tasty Garden 400,6,3.0,3.7,Good,46.0,12.974571499138342,77.61189095828041
104646,Tasty Studio 480,7,1.0,0.0,Not rated,68.0,18.492596448866387,73.79712221767161
104647,Bistro Garden 1,6,3.0,2.4,Average,201.0,13.000109712071884,77.52393318621372
104648,Starbucks,1,2.0,3.2,Good,177.0,28.615909474625205,77.18530498324414
104649,The Food Point 946,10,3.0,2.7,Average,103.0,22.53620900270868,88.31841542851909
104650,Cafe Kitchen 61,1,2.0,3.5,Good,481.0,28.698140648319963,77.13005368298019
104651,Royal Hub 493,1,1.0,3.3,Good,200.0,28.67195981551855,77.23498837759668
104652,Green House 806,7,2.0,2.4,Average,3881.0,18.605921542219185,73.8290113848313
104653,Burger King,3,1.0,3.6,Good,257.0,28.523498664187002,77.3789712174085
104654,Green Point 855,9,2.0,4.7,Excellent,8.0,13.053468487407892,80.27557155073691
104655,Green Garden 144,2,2.0,3.7,Good,50.0,28.487727470710745,77.04425822426967
104656,Urban Restaurant 758,1,3.0,3.3,Good,361.0,28.652680983885023,77.2189015082506
104657,House Hub 211,9,2.0,3.0,Good,77.0,13.089585453559678,80.277773053422
104658,House Garden 779,5,2.0,3.1,Good,86.0,19.002369089531847,72.89413139126984
104659,House Kitchen 534,1,1.0,2.5,Average,33.0,28.579561339938405,77.19150970751751
104660,Urban Bites 613,7,4.0,3.8,Good,114.0,18.53518766259614,73.83175565056997
104661,House Studio 306,4,3.0,2.7,Average,207.0,28.385793934015194,77.2367049773227
104662,Grill Restaurant 625,5,3.0,2.2,Average,236.0,19.028224641476548,72.90004082343427
104663,Urban Restaurant 350,3,1.0,3.1,Good,49.0,28.526482052606386,77.36700511225051
104664,Spice House 859,9,2.0,3.2,Good,498.0,12.969067656661148,80.34012281965035
104665,Urban Bites 478,9,1.0,2.6,Average,35.0,13.061584304433007,80.29652498552103
104666,Royal Restaurant 709,6,2.0,2.4,Average,263.0,12.956689184737675,77.62785300413951
104667,Curry Garden 231,1,1.0,3.2,Good,277.0,28.62476389255932,77.23370090447582
104668,Urban Restaurant 618,9,2.0,2.6,Average,49.0,13.101866740282539,80.28927411099977
104669,Kitchen Point 891,6,2.0,3.1,Good,47.0,12.98481984355678,77.61125958342708
104670,Curry Restaurant 987,6,1.0,4.1,Very Good,357.0,13.003003709153603,77.61451757749974
104671,Spice Bites 108,2,2.0,3.6,Good,98.0,28.453620729360345,77.03272382148526
104672,The Food Restaurant 751,10,3.0,2.5,Average,122.0,22.521654418090318,88.3423243846448
104673,The Food Bites 521,7,1.0,2.2,Average,344.0,18.521946807954066,73.81544603327116
104674,House Garden 366,1,3.0,3.5,Good,353.0,28.58325747945956,77.22379921534697
104675,KFC,2,1.0,2.1,Average,45.0,28.412008953103427,77.07180354213506
104676,Curry Point 600,10,1.0,1.7,Poor,122.0,22.592865576752217,88.35951071445952
104677,Cafe House 682,1,1.0,3.3,Good,57.0,28.564449101468714,77.21429959507219
104678,Bistro Studio 575,13,2.0,3.4,Good,564.0,25.228607333485968,55.224685533029074
104679,Cafe House 622,6,1.0,3.3,Good,1269.0,12.926374444428209,77.57871079551639
104680,House House 44,5,3.0,3.6,Good,,19.065830900069706,72.83469021009465
104681,Cafe Bites 977,1,2.0,3.2,Good,175.0,28.594159204400135,77.16842111481968
104682,KFC,1,1.0,2.6,Average,502.0,28.653691324891977,77.21245571040276
104683,Subway,12,2.0,3.5,Good,200.0,23.043301781305797,72.5693845073276
104684,House Restaurant 926,1,1.0,4.0,Very Good,437.0,28.585051426652416,77.23656798714208
104685,Tasty Restaurant 763,8,3.0,3.1,Good,189.0,17.379484169818998,78.51351710719533
104686,The Belgian Waffle Co,2,1.0,2.3,Average,39.0,28.506029438443466,76.99601097135141
104687,Curry Cafe 885,1,1.0,2.3,Average,173.0,28.666155686150113,77.14125440287576
104688,Tasty Bites 763,1,2.0,2.6,Average,652.0,28.56599166972402,77.17580365259647
104689,House Corner 222,4,4.0,3.7,Good,300.0,28.454966885872537,77.29292962204937
104690,Spice Bites 969,13,1.0,1.6,Poor,974.0,25.248187677491774,55.29012154320191
104691,The Food House 822,2,3.0,3.7,Good,22.0,28.465751461910127,77.0480346507961
104692,Barbeque Nation,2,1.0,3.4,Good,305.0,28.45632339744992,77.02497011153025
104693,The Food Express 839,2,3.0,2.2,Average,64.0,28.44023475219647,77.05250513437058
104694,Kitchen Point 284,4,2.0,2.6,Average,53.0,28.365030865055232,77.40747942546874
104695,Spice Express 470,3,1.0,0.0,Not rated,477.0,28.547363008357873,77.3868537111028
104696,House Garden 788,10,1.0,2.9,Average,123.0,22.56664801519447,88.35574000218384
104697,Green Lounge 790,3,1.0,3.3,Good,119.0,28.55072221698476,77.36157764429288
104698,House Express 759,4,1.0,2.9,Average,261.0,28.424958375206277,77.32895778673699
104699,Kitchen Hub 865,1,1.0,3.8,Good,14.0,28.702026562784955,77.2488088751976
104700,Urban Express 361,14,2.0,3.0,Good,947.0,51.54928392860189,-0.14525257206677342
104701,Bistro Point 325,1,4.0,3.0,Good,1882.0,28.633042082703458,77.19531066972549
104702,Urban Restaurant 93,1,1.0,2.3,Average,468.0,28.539106341074753,77.19074499463233
104703,Kitchen Cafe 510,6,2.0,3.7,Good,340.0,12.985330829591064,77.55432214156383
104704,Tasty Point 272,5,2.0,3.2,Good,138.0,19.131379364214677,72.88239722665384
104705,Curry Express 346,2,3.0,3.8,Good,54.0,28.44455638633192,77.03254831909177
104706,Kitchen Hub 983,2,2.0,3.6,Good,884.0,28.536173835147395,77.02515287285364
104707,Domino's Pizza,8,2.0,1.9,Poor,429.0,17.404035253854197,78.55106641871893
104708,Biryani Blues,1,2.0,2.5,Average,273.0,28.624209424268788,77.22300577637621
104709,Grill Restaurant 658,9,1.0,2.3,Average,226.0,13.048023056161608,80.23162596272837
104710,Grill Lounge 183,6,1.0,2.5,Average,227.0,13.024229511145236,77.61673112873736
104711,Bistro Kitchen 204,2,1.0,2.7,Average,84.0,28.430428077798933,77.01471889126712
104712,Starbucks,3,1.0,3.6,Good,4529.0,28.51574692249997,77.37948906110618
104713,House House 873,1,2.0,0.0,Not rated,62.0,28.54806230483256,77.20292801594007
104714,Bistro Express 546,7,1.0,2.8,Average,97.0,18.551765384579173,73.84671470636337
104715,Royal House 107,4,2.0,3.0,Good,706.0,28.429468280559682,77.32724763009253
104716,Bistro Garden 629,1,1.0,2.5,Average,150.0,28.614257074464373,77.28303939340196
104717,Urban Express 231,5,3.0,3.5,Good,189.0,19.1019085724288,72.86480762223094
104718,Spice Point 562,15,3.0,0.0,Not rated,527.0,1.3747096514606554,103.82291684316586
104719,Cafe Coffee Day,3,1.0,3.5,Good,454.0,28.52270691457884,77.39920097186106
104720,Subway,11,1.0,0.0,Not rated,224.0,26.88493069886474,75.76935672615359
104721,Green Point 897,2,2.0,1.7,Poor,22.0,28.399465470724554,77.01254952803933
104722,The Belgian Waffle Co,1,1.0,2.9,Average,281.0,28.60768132804742,77.24377264341292
104723,Royal Corner 304,1,1.0,3.9,Good,60.0,28.56811477445554,77.19114001855648
104724,Spice Cafe 495,2,1.0,2.7,Average,92.0,28.465193383475313,76.99551839565113
104725,Tasty Lounge 565,1,3.0,4.1,Very Good,276.0,28.608285392034535,77.27140243662777
104726,Green House 191,1,3.0,3.2,Good,173.0,28.599828922244946,77.16681684110706
104727,Cafe House 643,11,2.0,3.3,Good,421.0,26.9490280655772,75.81821805455043
104728,Tasty Restaurant 268,9,2.0,2.5,Average,408.0,13.048177252929557,80.26365059019402
104729,Kitchen Garden 442,7,3.0,2.7,Average,469.0,18.455720613500933,73.81416631223135
104730,Green Express 554,1,3.0,3.9,Good,39.0,28.606011243353,77.19581276852963
104731,Bistro Hub 330,1,4.0,4.2,Very Good,4347.0,28.588001986827845,77.20110260653965
104732,Bistro Point 815,1,1.0,3.0,Good,168.0,28.618154920642702,77.15194549559294
104733,Royal Kitchen 940,7,1.0,2.2,Average,665.0,18.488424138232535,73.87167474823111
104734,Grill Restaurant 488,11,2.0,3.2,Good,7.0,26.927118480765472,75.79875026751044
104735,Urban Cafe 234,3,2.0,0.0,Not rated,64.0,28.501449177025556,77.37880819584824
104736,Bistro Restaurant 661,1,1.0,4.1,Very Good,35.0,28.579470418668414,77.22556990928605
104737,Green Studio 276,4,1.0,2.8,Average,56.0,28.43047521897546,77.32494348175331
104738,,2,3.0,2.3,Average,159.0,28.457874180005554,77.07187855310157
104739,Cafe House 67,2,3.0,3.9,Good,139.0,28.417952644235925,76.9888712356367
104740,Royal Corner 574,5,1.0,2.8,Average,861.0,19.042686451675987,72.86745888271923
104741,House Corner 918,7,3.0,4.0,Very Good,1980.0,18.507351492774635,73.8917389137419
104742,Bistro Hub 66,1,2.0,3.4,Good,56.0,28.57389633724613,77.22794657602516
104743,Urban Restaurant 283,1,3.0,2.8,Average,90.0,28.60382227653296,77.12844452647865
104744,Bistro Corner 731,14,1.0,3.0,Good,47.0,51.498553974332694,-0.18622300827790383
104745,Tasty Restaurant 783,1,1.0,3.9,Good,900.0,28.581802728642504,77.20902666739906
104746,Tasty Point 678,1,1.0,2.9,Average,207.0,28.63665134171973,77.26639361396437
104747,,1,2.0,0.0,Not rated,93.0,28.578186614276728,77.19388931121618
104748,Green Cafe 818,1,2.0,2.2,Average,215.0,28.657498389221157,77.23171281297414
104749,Tasty Hub 785,2,1.0,2.5,Average,105.0,28.45185305411962,77.02949105765985
104750,House Cafe 323,8,4.0,3.3,Good,63.0,17.36191195399626,78.50696131532968
104751,Cafe Corner 730,2,1.0,3.5,Good,207.0,28.478377790516454,77.06407574916416
104752,Cafe Kitchen 794,3,1.0,2.3,Average,106.0,28.536705619034798,77.42404685657014
104753,Cafe Kitchen 543,6,2.0,4.2,Very Good,349.0,12.998196244385431,77.62641572653953
104754,Royal Restaurant 200,4,2.0,2.3,Average,19.0,28.338863008517116,77.29627703070311
104755,Cafe Hub 856,10,1.0,4.5,Excellent,305.0,22.590689799991882,88.35860706843847
104756,The Belgian Waffle Co,10,3.0,4.5,Excellent,102.0,22.554425303513472,88.38204784091792
104757,Bistro Kitchen 340,1,2.0,3.3,Good,224.0,28.61521544984053,77.22588543820325
104758,Burger King,8,2.0,2.1,Average,442.0,17.381914049455556,78.50751504652452
104759,House House 825,3,2.0,0.0,Not rated,44.0,28.582631563102318,77.32909397007967
104760,Bistro Studio 142,14,1.0,2.7,Average,727.0,51.44228262716309,-0.08590276306592043
104761,Royal Kitchen 319,3,,2.4,Average,17.0,28.591993308263262,77.33138413447135
104762,Bistro House 901,14,3.0,3.6,Good,1368.0,51.53212554342802,-0.15408132022868454
104763,Urban Hub 267,7,1.0,2.5,Average,733.0,18.525724776003475,73.86353607750809
104764,Green Express 663,1,1.0,2.5,Average,51.0,28.563726627272263,77.20797060253584
104765,Kitchen Studio 770,4,3.0,3.3,Good,62.0,28.350377626762352,77.36745525572861
104766,Cafe Coffee Day,14,1.0,2.6,Average,24.0,51.487766865325575,-0.16877749160716327
104767,Biryani Blues,10,2.0,4.6,Excellent,783.0,22.594828605843798,88.35115673297258
104768,Haldiram's,1,4.0,3.3,Good,123.0,28.61368990844473,77.14007504279583
104769,Pizza Hut,6,1.0,3.3,Good,112.0,12.99183840467672,77.59920601328332
104770,Domino's Pizza,2,1.0,3.1,Good,43.0,28.408282526435514,77.01931697131019
104771,Grill Corner 5,1,3.0,3.6,Good,1914.0,28.61545398855877,77.16560007617025
104772,The Food Corner 820,2,3.0,3.7,Good,60.0,28.497838348131992,77.07242138883488
104773,Cafe Express 880,1,2.0,3.8,Good,214.0,28.66471603696105,77.2467997633211
104774,McDonald's,9,2.0,3.4,Good,249.0,13.038811146993837,80.2732230199163
104775,Biryani Blues,2,3.0,3.5,Good,118.0,28.447182716936545,77.06644719689406
104776,,9,2.0,,Good,85.0,13.07077210305968,80.26746480883688
104777,The Belgian Waffle Co,1,1.0,2.9,Average,107.0,28.59197723353783,77.23398120732988
104778,Cafe Express 588,1,1.0,2.4,Average,309.0,28.64567194996039,77.23920849119955
104779,Barbeque Nation,1,2.0,0.0,Not rated,58.0,28.7144016382076,77.17159889621485
104780,Royal Lounge 153,1,3.0,3.6,Good,1516.0,28.574919989373424,77.22413614225536
104781,Curry Corner 638,1,3.0,3.7,Good,76.0,28.62876688258516,77.21489361870391
104782,Haldiram's,1,4.0,3.7,Good,521.0,28.624243636630823,77.1731566214463
104783,Urban Garden 958,5,3.0,0.0,Not rated,10.0,19.087094425312873,72.83298873587314
104784,Kitchen Bites 185,1,2.0,3.2,Good,68.0,28.66055490326569,77.22642645485902
104785,Royal Kitchen 510,2,1.0,2.6,Average,57.0,28.472565254097447,77.01673300405872
104786,McDonald's,2,3.0,3.6,Good,50.0,28.38472956908876,76.97532865567631
104787,Kitchen Studio 951,10,2.0,3.1,Good,253.0,22.522311139398937,88.38418181719271
104788,TASTY STUDIO 967,11,2.0,3.3,Good,162.0,26.87505707022385,75.82001925753461
104789,Haldiram's,3,1.0,3.7,Good,11.0,28.509300187559088,77.3500128613365
104790,Subway,2,3.0,2.9,Average,2064.0,28.454614636172938,77.02654594829757
104791,Green Studio 193,1,2.0,3.6,Good,247.0,28.606385220584553,77.26214488366793
104792,Spice Express 61,12,1.0,3.0,Good,174.0,22.958681079571598,72.53950096217461
104793,Curry Bites 725,1,2.0,4.5,Excellent,1245.0,28.557595420795064,77.26875113776387
104794,Cafe Kitchen 869,1,2.0,3.1,Good,612.0,28.5397356375933,77.19766658008456
104795,House Bites 329,1,1.0,3.5,Good,133.0,28.559509526911814,77.20654381704347
104796,Cafe Cafe 720,1,3.0,3.4,Good,16.0,28.648590748885066,77.1601867837713
104797,TASTY LOUNGE 659,1,1.0,2.1,Average,289.0,28.60443413789234,77.1614644054781
104798,Pizza Hut,8,1.0,2.7,Average,48.0,17.351655362087463,78.46374131761587
104799,Subway,1,1.0,3.6,Good,935.0,28.546784848460526,77.2399982096526
104800,,5,2.0,2.9,Average,64.0,19.040551158714763,72.95962048850856
104801,Urban Studio 25,1,4.0,2.2,Average,83.0,28.63515139313182,77.30020721938241
104802,Kitchen Lounge 496,1,3.0,3.4,Good,35.0,28.630548240661152,77.20468628876033
104803,The Food Studio 806,11,4.0,2.9,Average,35.0,26.903563798326648,
104804,House Restaurant 57,1,1.0,3.1,Good,155.0,28.604553645300353,77.17455138659734
104805,Spice Point 970,9,1.0,4.0,Very Good,168.0,13.020706178465792,80.30971429627662
104806,Biryani Blues,4,2.0,3.7,Good,112.0,28.38173802935204,77.29238828215945
104807,Cafe Lounge 178,1,1.0,4.0,Very Good,2825.0,28.633345294200545,77.20069818517378
104808,Bistro Corner 548,13,3.0,3.0,Good,370.0,25.181181486218126,55.28819350459768
104809,Cafe Coffee Day,1,2.0,3.1,Good,180.0,28.670721674169975,77.22479683572742
104810,Kitchen Lounge 54,10,4.0,2.9,Average,5.0,22.614794793352758,88.34253227056782
104811,House House 757,1,1.0,2.6,Average,447.0,28.598017895283682,77.20567020019986
104812,Royal Lounge 380,10,2.0,2.6,Average,6735.0,22.563312189255104,88.34346588957254
104813,Spice Point 102,1,2.0,2.4,Average,120.0,28.69170763350869,77.17986325903809
104814,Royal Point 730,4,1.0,3.9,Good,77.0,28.438551822064557,77.28191763257534
104815,Bistro Point 508,8,2.0,1.8,Poor,164.0,17.387459632223024,78.43519474110354
104816,The Belgian Waffle Co,12,1.0,3.9,Good,35.0,23.028999590122865,72.58406705177312
104817,Spice House 211,11,1.0,3.8,Good,370.0,26.917611230813268,75.77887707897887
104818,Urban Garden 5,9,1.0,3.3,Good,1213.0,13.082105924211275,80.23095648205307
104819,House Express 182,10,1.0,2.3,Average,64.0,22.53511578584052,88.32092395193423
104820,Green Express 940,1,2.0,2.2,Average,65.0,28.599818929832185,77.16547597443117
104821,Spice Hub 146,1,1.0,0.0,Not rated,81.0,28.563638616839388,77.18757469319384
104822,Cafe Bites 265,1,1.0,3.4,Good,101.0,28.639268370939895,77.24839850823082
104823,Tasty Bites 585,2,1.0,3.0,Good,26.0,28.45486292745216,77.00275511954142
104824,House Garden 210,2,1.0,2.3,Average,92.0,28.486641966828156,77.04611729239205
104825,House Restaurant 936,4,1.0,3.7,Good,97.0,28.364295017989754,77.37241904745368
104826,Bistro Corner 426,1,1.0,4.1,Very Good,1224.0,28.663672774226164,77.21489663965065
104827,Tasty Garden 863,6,2.0,3.1,Good,754.0,13.017019851943271,77.5678303695603
104828,Curry Garden 615,1,2.0,3.3,Good,1067.0,28.558795005871907,77.20586776262832
104829,Starbucks,1,2.0,2.2,Average,397.0,28.596194193182818,77.2074829776871
104830,Bistro Studio 132,3,3.0,3.1,Good,230.0,28.52159348592606,77.45146702708396
104831,Green Kitchen 653,8,2.0,3.5,Good,65.0,17.33467367627935,78.42606630291387
104832,McDonald's,7,2.0,3.4,Good,997.0,18.511304618490108,73.89574655540572
104833,Curry Kitchen 188,6,3.0,3.1,Good,274.0,12.991133215216253,77.53359348856334
104834,Royal Restaurant 263,1,1.0,2.8,Average,35.0,28.597469989867573,77.23740823287666
104835,Bistro Restaurant 408,4,2.0,2.9,Average,54.0,28.34894913321619,77.30347395218189
104836,The Food Garden 877,1,1.0,2.8,Average,34.0,28.640937083641987,77.27290521923764
104837,Urban Kitchen 405,2,1.0,3.3,Good,14.0,28.43179064480878,77.05017948439709
104838,Green Kitchen 569,2,2.0,1.9,Poor,222.0,28.435480524119647,77.0466720947077
104839,Green Hub 531,1,1.0,3.0,Good,37.0,28.672745234176535,77.17603705727329
104840,Curry Studio 112,1,1.0,3.2,Good,70.0,28.6277828989002,77.27218509695888
104841,Domino's Pizza,13,1.0,2.6,Average,167.0,25.17648291743122,55.36932738544872
104842,Royal Kitchen 781,12,1.0,2.7,Average,128.0,22.98088157292537,72.64180072994235
104843,Urban Point 447,2,1.0,0.0,Not rated,36.0,28.49330616963122,76.99149139199606
104844,Curry Restaurant 147,1,2.0,2.9,Average,1137.0,28.64529657362829,77.2023543978211
104845,Spice Bites 957,1,3.0,3.4,Good,28.0,28.596164413714117,77.16740060793637
104846,Green Point 743,2,3.0,3.5,Good,30.0,28.415434650510978,77.00526677873323
104847,Cafe Corner 972,12,1.0,1.6,Poor,226.0,23.035995974793217,72.58132320069598
104848,Cafe Coffee Day,1,4.0,4.0,Very Good,99.0,28.63468726603984,77.23453731975113
104849,Kitchen Studio 206,8,2.0,3.0,Good,75.0,17.371954096803037,78.50535784200248
104850,Spice House 390,1,1.0,4.3,Very Good,60.0,28.5752892810899,77.14877222822892
104851,Cafe Coffee Day,14,3.0,2.6,Average,243.0,51.5082665510048,-0.12907242740228433
104852,Green Hub 643,2,2.0,2.6,Average,211.0,28.475661226223966,77.0447150274951
104853,The Belgian Waffle Co,8,2.0,3.1,Good,206.0,17.367951540739366,78.51990297435519
104854,Spice Studio 72,2,1.0,3.3,Good,89.0,28.468666262340413,77.04158587046291
104855,Cafe Lounge 295,5,2.0,1.9,Poor,53.0,19.088634079349706,72.8948030228717
104856,Royal Lounge 988,1,3.0,2.9,Average,138.0,28.65399123797828,77.2006654165058
104857,Urban Bites 67,1,2.0,3.6,Good,665.0,28.599176086361307,77.21851538684044
104858,Grill Corner 634,12,2.0,2.6,Average,1132.0,22.982626038564202,72.66186117271315
104859,Bistro Express 380,11,2.0,4.1,Very Good,889.0,26.910043811531242,75.82954250315426
104860,KFC,10,3.0,3.1,Good,335.0,22.631662572332804,88.37666591162662
104861,Spice House 4,5,1.0,2.4,Average,,19.014290657254485,72.9032052731632
104862,Tasty Cafe 123,8,2.0,3.6,Good,45.0,17.304042901023582,78.48935513142406
104863,House Corner 578,1,1.0,0.0,Not rated,36.0,28.610118649878522,77.21148462833158
104864,Spice Bites 844,2,2.0,3.5,Good,374.0,28.446225364383064,77.05986518591322
104865,Cafe Bites 396,1,2.0,4.0,Very Good,187.0,28.60660722481282,77.18803679236899
104866,Cafe House 461,5,1.0,4.1,Very Good,338.0,19.06740491339067,72.87316885063142
104867,,2,2.0,2.6,Average,542.0,28.494695194225613,76.97864641867078
104868,Kitchen Bites 466,1,1.0,3.6,Good,556.0,28.61241383862573,77.23616913559636
104869,Royal Studio 550,5,1.0,2.0,Average,35.0,19.104685629015005,72.91513611823655
104870,Green Hub 294,9,1.0,3.3,Good,188.0,12.995987372971735,80.2918078275473
104871,Royal House 264,2,1.0,3.0,Good,55.0,28.440983662234945,77.01839999817436
104872,Kitchen Restaurant 22,1,1.0,3.8,Good,78.0,28.585364633484964,77.20745439762548
104873,The Food Hub 44,1,1.0,3.8,Good,24.0,28.533937198486267,77.21414169532065
104874,Bistro Lounge 873,1,2.0,3.6,Good,234.0,28.61751888031841,77.24732141773342
104875,Burger King,1,3.0,3.6,Good,21.0,28.610389150593672,77.24527562666012
104876,The Belgian Waffle Co,6,2.0,3.5,Good,318.0,12.955253333687264,77.54438508783647
104877,Tasty House 905,5,1.0,3.0,Good,951.0,19.071590831738884,72.84696192621185
104878,Bistro Studio 455,6,3.0,3.4,Good,369.0,12.975218670411742,77.60980576814723
104879,Curry Express 346,2,2.0,4.1,Very Good,236.0,28.494958453640546,76.97975280475485
104880,Tasty Hub 741,9,1.0,4.0,Very Good,1477.0,13.105188541319489,80.30285228535875
104881,Green Point 730,1,3.0,0.0,Not rated,135.0,28.625399415457274,77.19936236865861
104882,Subway,3,1.0,3.2,Good,61.0,28.616253355686357,77.41575144572677
104883,Bistro Bites 803,8,2.0,3.3,Good,217.0,17.360217447107875,78.48789734226816
104884,Curry Lounge 884,1,2.0,2.2,Average,1691.0,28.566303452465473,77.2055437658673
104885,Tasty Express 660,1,1.0,2.8,Average,42.0,28.654995323418483,77.17095313144769
104886,Tasty Hub 482,10,3.0,4.4,Very Good,42.0,22.637939333951405,88.34473928832139
104887,The Belgian Waffle Co,2,1.0,2.5,Average,336.0,28.437268275566993,77.02256465285018
104888,Cafe House 53,6,1.0,4.4,Very Good,179.0,13.019823064564562,77.58940356810518
104889,Pizza Hut,1,4.0,4.4,Very Good,121.0,28.595229046391385,77.23434829985565
104890,Royal Bites 394,6,3.0,3.7,Good,42.0,12.99206635554274,77.57210441044188
104891,Tasty Hub 966,1,2.0,3.6,Good,17.0,28.636309552382446,77.20796367941125
104892,Bistro Point 396,1,2.0,2.6,Average,25.0,28.591813148761776,77.26165642750276
104893,Royal Garden 764,5,1.0,2.8,Average,1254.0,19.14063537547258,72.90645443512304
104894,Royal Bites 412,1,3.0,4.3,Very Good,229.0,28.68255539183191,77.21266988555116
104895,Green Hub 422,2,1.0,2.6,Average,13.0,28.423757772198442,76.97556803429728
104896,Green Restaurant 134,1,1.0,3.7,Good,892.0,28.620936898623356,77.16092078938816
104897,Curry Express 626,1,2.0,2.3,Average,698.0,28.645907579638337,77.23130844538862
104898,Cafe Lounge 753,1,1.0,2.2,Average,678.0,28.54800958317793,77.23489314171563
104899,Spice Bites 100,1,1.0,0.0,Not rated,53.0,28.6148180714602,77.14092365839772
104900,Urban Corner 9,11,1.0,3.0,Good,124.0,26.854538775608045,75.81179256722771
104901,,1,1.0,2.6,Average,189.0,28.637261948860633,77.18932596709774
104902,Pizza Hut,3,1.0,3.9,Good,1223.0,28.538509061785042,77.37681221345598
104903,McDonald's,1,1.0,3.8,Good,103.0,28.600818081744773,77.2401115889101
104904,The Food Kitchen 372,1,1.0,3.6,Good,77.0,28.55905845070568,77.23463271934385
104905,Kitchen Cafe 927,11,2.0,2.8,Average,397.0,26.891448936512617,75.78384497182
104906,Curry Express 721,1,3.0,3.2,Good,825.0,28.63207189431873,77.23308752467955
104907,Cafe Coffee Day,13,2.0,3.4,Good,178.0,25.20336604576397,55.258077007728815
104908,Haldiram's,1,2.0,3.7,Good,469.0,28.65563857899186,77.18135634547089
104909,McDonald's,7,1.0,2.7,Average,187.0,18.55987154863065,73.90079813383143
104910,KFC,4,1.0,3.1,Good,130.0,28.44688531528035,77.36420194804023
104911,Cafe House 163,10,1.0,3.2,Good,64.0,22.55377809610881,88.34137540359275
104912,House Studio 717,5,2.0,4.0,Very Good,51.0,19.08632413524389,72.85901812379106
104913,Bistro Point 117,4,2.0,3.7,Good,94.0,28.37511680159534,77.3489962951772
104914, Royal Studio 100 ,1,2.0,2.2,Average,43.0,28.569802295504704,77.18472849526395
104915,Royal House 485,1,1.0,2.9,Average,242.0,28.655264868929734,77.2370284402851
104916, Royal Corner 601 ,11,1.0,2.4,Average,699.0,26.870871659215126,75.75144431120574
104917,Kitchen Studio 599,2,3.0,3.8,Good,268.0,28.414211619831466,77.01656757948513
104918,Curry Corner 994,2,1.0,3.6,Good,62.0,28.463181812962063,77.06085052553405
104919,House Cafe 353,7,2.0,3.3,Good,541.0,18.510926344200872,73.82278280987283
104920,Urban Express 71,2,2.0,3.0,Good,252.0,28.453052359981818,77.00602261994197
104921,Biryani Blues,12,2.0,3.2,Good,337.0,23.103197907758837,72.5845687999153
104922,Tasty Hub 114,7,3.0,3.5,Good,101.0,18.48559367771472,73.79376338483563
104923,House Point 985,5,3.0,3.0,Good,718.0,19.093326162399674,72.88025003670685
104924,The Food Restaurant 812,10,2.0,2.4,Average,625.0,22.575634239528693,88.40454332598091
104925,Urban Express 618,1,2.0,1.9,Poor,108.0,28.64922686247736,77.23926798216102
104926,Curry Corner 637,1,1.0,3.8,Good,509.0,28.586397389444407,77.20726296494657
104927,Tasty Hub 374,3,3.0,3.7,Good,805.0,28.52764373073965,77.39172196636332
104928,Green Lounge 287,1,2.0,3.4,Good,106.0,28.6178951334283,77.26121336516216
104929,Spice Studio 327,7,1.0,3.8,Good,187.0,18.47021625848193,73.90467030745458
104930,Spice Bites 245,11,1.0,2.2,Average,161.0,26.849205738473092,75.78398934757496
104931,The Food Studio 444,2,1.0,1.9,Poor,34.0,28.458772047622737,77.00456280868647
104932,The Food Restaurant 778,2,2.0,3.4,Good,330.0,28.506317310281407,77.05660528892258
104933,House Kitchen 341,13,2.0,3.4,Good,682.0,25.192472869411553,55.310369671141636
104934,Royal Cafe 11,3,1.0,1.9,Poor,114.0,28.52797203917137,77.4392556868812
104935,Spice Garden 390,3,1.0,3.2,Good,278.0,28.575774700426308,77.41142623178192
104936,Barbeque Nation,2,4.0,3.3,Good,1068.0,28.454291442799047,77.01413588578761
104937,Spice Restaurant 689,11,3.0,2.9,Average,102.0,26.93959181405984,75.72885266626163
104938,Tasty Express 376,5,3.0,3.2,Good,285.0,19.169326369868557,72.94553941438542
104939,Tasty House 725,8,1.0,1.4,Poor,60.0,17.364802749495983,78.54279916506205
104940,Kitchen Restaurant 268,8,2.0,2.8,Average,79.0,17.378803084761714,78.45985533578337
104941,Curry Garden 274,2,2.0,2.7,Average,249.0,28.47336763503632,77.03327413162685
104942,Barbeque Nation,3,1.0,3.4,Good,257.0,28.587706831468914,77.38327272415223
104943,Urban Bites 936,9,1.0,2.9,Average,340.0,13.078670562806535,80.2730177786445
104944,Grill Kitchen 24,2,1.0,3.4,Good,209.0,28.485024423740988,77.01258690093243
104945,Urban Point 77,8,1.0,1.3,Poor,214.0,17.397175979043006,78.51090333152709
104946,KFC,12,4.0,3.1,Good,1427.0,23.019971601199536,72.53170784090814
104947,Subway,5,1.0,3.4,Good,715.0,19.061285244213888,72.86391493436261
104948,Urban Corner 741,7,1.0,2.8,Average,254.0,18.499077465233277,73.88727307856125
104949,Pizza Hut,8,2.0,3.7,Good,381.0,17.49229340644316,78.41762670755215
104950,Cafe Kitchen 160,9,1.0,1.8,Poor,92.0,13.02876331212616,80.28149860201577
104951,Curry Bites 895,2,2.0,3.7,Good,166.0,28.408879861181767,77.00742740362331
104952,House Kitchen 628,1,1.0,2.6,Average,295.0,28.62246591567626,77.26553747396393
104953,Starbucks,2,3.0,2.9,Average,190.0,28.466614309962715,77.03811842646859
104954,Starbucks,6,1.0,,Good,535.0,12.986522349045082,77.56705369972471
104955,Royal Kitchen 736,3,2.0,4.0,Very Good,1057.0,28.504890924390974,77.44182124442952
104956,Spice House 811,7,2.0,3.9,Good,186.0,18.484473462673655,73.85746221760292
104957,Green Corner 735,2,3.0,4.7,Excellent,20.0,28.44950761098027,77.03119400377794
104958,Pizza Hut,5,3.0,4.2,Very Good,2883.0,19.10776649836143,72.90875510010319
104959,Green Studio 838,1,2.0,0.0,Not rated,39.0,28.578279295004474,77.18779786170073
104960,Barbeque Nation,7,1.0,3.1,Good,227.0,18.5256893685914,73.9073550238185
104961,Royal Studio 295,4,2.0,3.0,Good,432.0,28.390970916130367,77.33799728050988
104962,Cafe Corner 454,1,2.0,4.5,Excellent,1409.0,28.560543168221567,77.18655575765635
104963,Domino's Pizza,1,3.0,4.1,Very Good,2120.0,28.569050731141584,77.19386455372931
104964,Subway,7,1.0,2.9,Average,108.0,18.55226217230266,73.81272646359488
104965,Grill Cafe 997,3,1.0,3.6,Good,879.0,28.514365846512355,77.40177034803658
104966,KFC,1,3.0,2.6,Average,204.0,28.65743330380762,77.20277779901016
104967,Urban Point 192,13,1.0,3.2,Good,5613.0,25.203496333303885,55.28174463498099
104968,Green Hub 405,7,1.0,2.4,Average,603.0,18.47252608204749,73.79714029062738
104969,Cafe Garden 616,13,1.0,1.9,Poor,109.0,25.221501961603753,55.25246312690843
104970,House Garden 224,3,2.0,3.7,Good,75.0,28.507453059979,77.35662609555705
104971,Kitchen Restaurant 247,3,4.0,4.2,Very Good,8.0,28.522310417197218,77.40825456186403
104972,House Bites 258,11,2.0,3.5,Good,451.0,26.952045344649544,75.76623665920896
104973,Royal Kitchen 64,4,1.0,2.9,Average,600.0,28.36376125059865,77.33426183835127
104974,Pizza Hut,6,1.0,2.2,Average,370.0,12.955863466818913,77.57594242907088
104975,Spice Cafe 774,1,1.0,2.2,Average,7.0,28.575976379907434,77.26591327453102
104976,Urban Bites 783,3,2.0,2.6,Average,33.0,28.493838347621345,77.39280595508174
104977,Curry Corner 763,1,2.0,3.0,Good,317.0,28.597338308410055,77.24105460533266
104978,Kitchen Cafe 790,1,1.0,3.7,Good,1892.0,28.58388505898954,77.20503224220485
104979,Kitchen Restaurant 698,1,2.0,3.9,Good,198.0,28.604313254191794,77.24130004826802
104980,Urban Cafe 269,1,2.0,2.1,Average,559.0,28.636259402136115,77.181945007585
104981,Kitchen Studio 367,13,1.0,0.0,Not rated,24.0,25.178519882444757,55.269330852413596
104982,Curry Express 512,1,1.0,2.5,Average,202.0,28.562513604391818,77.19272352417654
104983,Curry Express 560,6,4.0,2.0,Average,99.0,12.994051659860377,77.66000185470827
104984,Green Point 602,9,1.0,3.4,Good,839.0,13.056184745399973,80.22909869061178
104985,Starbucks,5,2.0,3.0,Good,88.0,19.13997191504773,72.95015884080817
104986,Curry Studio 333,1,2.0,3.1,Good,1448.0,28.599585135144753,77.16089970583458
104987,Tasty Studio 890,7,3.0,4.3,Very Good,157.0,18.515640868523434,73.8824599635921
104988,Curry Hub 146,5,2.0,3.3,Good,48.0,18.99535676954859,72.85593539559592
104989,Tasty House 973,7,2.0,2.9,Average,46.0,18.479739320646917,73.86562026924017
104990,McDonald's,8,3.0,3.8,Good,95.0,17.305230080744387,78.48072016846436
104991,Tasty Bites 153,13,3.0,4.1,Very Good,352.0,25.215093056236494,55.24173364471498
104992,Spice House 811,5,2.0,3.4,Good,88.0,19.073137113694486,72.88053696704807
104993,Royal Hub 608,2,1.0,3.4,Good,68.0,28.481554312365077,77.01200131304637
104994,Green Kitchen 17,6,1.0,2.9,Average,518.0,12.999859349158294,77.6145982555853
104995,Royal Garden 346,1,2.0,3.1,Good,3.0,28.647551517741956,77.17380808473412
104996,Barbeque Nation,11,2.0,3.3,Good,108.0,26.904523593447838,75.80383657596026
104997,The Food Lounge 285,1,1.0,2.5,Average,29.0,28.616889447320244,77.2392440502881
104998,Barbeque Nation,2,1.0,2.6,Average,53.0,28.479762970748258,77.02281149535274
104999,Curry House 446,9,2.0,4.1,Very Good,300.0,13.054884519303249,80.224401425897
105000,Royal Studio 993,5,1.0,4.3,Very Good,179.0,19.043169564365037,72.93833080293177
105001,Kitchen Kitchen 69,2,2.0,4.2,Very Good,156.0,28.513402353390997,77.04294460371717
105002,Bistro Studio 623,3,2.0,2.3,Average,660.0,28.472284252706736,77.36576251059189
105003,Green Lounge 966,10,2.0,2.3,Average,146.0,22.5901001429863,88.38118492041207
105004,Green House 503,2,1.0,2.2,Average,1396.0,28.471442410078982,76.96795171913232
105005,Cafe Coffee Day,10,1.0,3.1,Good,433.0,22.53328377989001,88.40507286601276
105006,Kitchen Bites 319,1,1.0,1.2,Poor,35.0,28.59052549295387,77.28335703458812
105007,Tasty Cafe 125,8,1.0,0.0,Not rated,1009.0,17.372510563950346,78.5155431255757
105008,Grill Garden 350,9,2.0,4.1,Very Good,314.0,13.090283530001734,80.23559278841569
105009,Bistro Hub 379,1,2.0,3.8,Good,2155.0,28.626208494422702,77.13938237576365
105010,Curry Kitchen 19,3,1.0,2.7,Average,116.0,28.534417465953712,77.43874070137532
105011,Tasty Point 215,1,1.0,2.7,Average,229.0,28.620493742124726,77.20383846307875
105012,Bistro Point 932,6,1.0,3.4,Good,326.0,12.994680759393196,77.58089995766487
105013,Kitchen Bites 938,4,4.0,4.2,Very Good,183.0,28.430364213044598,77.35857444382441
105014,Curry Garden 569,5,2.0,2.9,Average,835.0,19.129700724226858,72.85703678642518
105015,Kitchen Restaurant 200,1,3.0,3.2,Good,2038.0,28.650409750754477,77.23568118198905
105016,Kitchen Bites 587,1,3.0,3.0,Good,9.0,28.614522696337442,77.20983028926095
105017,Green Restaurant 608,1,2.0,2.3,Average,413.0,28.636323872365633,77.21764352287964
105018,Green Studio 577,1,2.0,3.1,Good,58.0,28.628733810078398,77.26602432341087
105019,Spice Express 524,5,1.0,2.8,Average,6.0,19.081754230312455,72.86058789709675
105020,Tasty Hub 639,10,2.0,2.4,Average,291.0,22.542199054881866,88.34358912357509
105021,Grill Studio 474,6,1.0,3.4,Good,363.0,12.97727895561001,77.58752174984907
105022,Bistro Garden 69,3,3.0,3.7,Good,475.0,28.46321629594009,77.34889896477905
105023,Green Garden 729,12,1.0,3.5,Good,309.0,23.060031381451427,72.6041748522621
105024,Domino's Pizza,7,3.0,2.9,Average,508.0,18.532662170084617,73.88482387978874
105025,Green Bites 4,12,1.0,1.7,Poor,61.0,23.016928523825516,72.57107250314166
105026,Cafe Studio 576,4,3.0,3.7,Good,282.0,28.39417486030588,77.28545617647927
105027,Cafe Coffee Day,1,1.0,2.6,Average,381.0,28.636807589269033,77.11291845423348
105028,Curry Express 620,1,2.0,2.6,Average,865.0,28.678212992807076,77.17982118565288
105029,Green Bites 193,7,2.0,2.4,Average,161.0,18.533527796382135,73.84861063670078
105030,Cafe Cafe 124,1,1.0,0.0,Not rated,68.0,28.68047867495018,77.14253008725841
105031,Spice Restaurant 907,1,2.0,4.2,Very Good,211.0,28.6413523975439,77.29630750774291
105032,Haldiram's,4,4.0,3.3,Good,41.0,28.380710912652553,77.33234310759886
105033,Tasty House 718,5,1.0,2.3,Average,390.0,19.093070523861915,72.8967547056385
105034, Spice Garden 268 ,5,3.0,3.8,Good,33.0,19.08965238313256,72.87245001729364
105035,Cafe Coffee Day,1,2.0,3.3,Good,303.0,28.58569027584253,77.23481379024162
105036,The Belgian Waffle Co,2,3.0,2.0,Average,155.0,28.445229577543216,77.0160692435915
105037,Tasty Kitchen 378,5,1.0,3.4,Good,27.0,19.061035739767583,72.87203103600703
105038,Royal Studio 641,13,2.0,4.6,Excellent,38.0,25.208307891770602,55.31997449226118
105039,Royal Cafe 455,7,3.0,0.0,Not rated,30.0,18.510598642869738,73.89512990976964
105040,Urban Garden 467,11,1.0,2.2,Average,95.0,26.921803339596686,75.78691684337936
105041,Bistro Cafe 465,8,2.0,1.3,Poor,762.0,17.40007401884528,78.55748659038935
105042,Cafe Hub 331,5,1.0,3.0,Good,151.0,19.120368395179966,72.87482914951227
105043,Urban Corner 889,1,1.0,3.6,Good,393.0,28.633119892725535,77.19129747998934
105044,Curry Express 146,6,2.0,3.3,Good,906.0,12.947032071349096,77.59904350929482
105045,Bistro House 564,5,2.0,4.1,Very Good,848.0,19.14988860200423,72.88823080174389
105046,Burger King,5,2.0,3.7,Good,201.0,19.051658646807663,72.83596578101786
105047,Tasty Hub 335,3,1.0,4.1,Very Good,91.0,28.52193426675859,77.40806189144
105048,Spice Bites 290,4,1.0,3.8,Good,387.0,28.429812353712013,77.39181375142964
105049,CAFE CORNER 905,2,1.0,2.7,Average,69.0,28.560835489076076,77.05985233354782
105050,Bistro Restaurant 731,4,2.0,3.2,Good,1759.0,28.42295549080221,77.34104241759539
105051,KFC,1,3.0,2.8,Average,493.0,28.591444634477693,77.22581408756325
105052,Royal Hub 105,8,3.0,3.3,Good,241.0,17.327623575333025,78.45177533299888
105053,Bistro Point 95,1,1.0,3.0,Good,330.0,28.554196150081385,77.17412396178057
105054,Kitchen Express 84,1,3.0,3.3,Good,232.0,28.61428353656688,77.21470894340726
105055,Urban Studio 411,3,2.0,0.0,Not rated,56.0,28.55456610193662,77.37601307424998
105056,Grill House 658,6,2.0,3.0,Good,324.0,12.92190653321548,77.54396717715099
105057,Bistro Hub 562,3,1.0,2.4,Average,112.0,28.543269027048215,77.37872922562848
105058,Green Studio 163,1,2.0,2.6,Average,1795.0,28.5679249788947,77.22477386698284
105059,Cafe Coffee Day,5,1.0,3.4,Good,80.0,19.04364583073225,72.89801057766337
105060,Domino's Pizza,2,1.0,2.1,Average,269.0,28.481611191221557,76.9974533486576
105061,Grill Corner 54,12,1.0,2.9,Average,64.0,22.99633307495809,72.56979295345694
105062,Bistro Point 491,11,1.0,3.9,Good,78.0,26.958252860669244,75.80181686670409
105063,Subway,3,1.0,3.2,Good,19.0,28.515046767808506,77.34661081488053
105064,Royal Hub 513,2,1.0,3.0,Good,291.0,28.49833046492555,76.9995647845703
105065,Tasty Bites 687,7,1.0,3.0,Good,89.0,18.599682531432208,73.85623834303016
105066,Grill Garden 505,1,2.0,2.5,Average,604.0,28.58780115177104,77.17717758601741
105067,Starbucks,3,1.0,2.4,Average,255.0,28.621811003575324,77.37952218993578
105068,Grill Kitchen 42,2,2.0,0.0,Not rated,108.0,28.459972013868477,77.11395241938916
105069,Domino's Pizza,11,1.0,3.2,Good,31.0,26.890260144456164,75.73454713425181
105070,Biryani Blues,1,4.0,4.2,Very Good,471.0,28.60353856122609,77.25886301891327
105071,Kitchen Restaurant 83,5,3.0,3.5,Good,84.0,19.061879412216854,72.88965828825368
105072,Kitchen Lounge 921,7,1.0,3.9,Good,35.0,18.569462660495986,73.81385935342907
105073,Tasty Point 156,3,2.0,0.0,Not rated,154.0,28.581624308736462,77.41475064535778
105074,House Restaurant 638,1,1.0,3.5,Good,40.0,28.659608885306923,77.21050149868111
105075,Grill Express 524,13,3.0,4.2,Very Good,16.0,25.159320548214,55.31298680439365
105076,Green Cafe 263,4,2.0,2.6,Average,807.0,28.41552559417821,77.3409172777211
105077,Kitchen Garden 403,5,1.0,2.3,Average,74.0,19.021760699144583,72.88457133420147
105078,Cafe Coffee Day,1,1.0,3.3,Good,21.0,28.64928844866096,77.19827448915481
105079,Curry Cafe 991,3,1.0,0.0,Not rated,27.0,28.51857213424623,77.4319121149157
105080,Grill House 210,3,1.0,2.8,Average,67.0,,77.37727860626363
105081,Domino's Pizza,1,2.0,3.7,Good,849.0,28.596334952269462,77.15999357761348
105082,Urban Restaurant 956,1,2.0,4.1,Very Good,27.0,28.552445146817284,77.14264445817705
105083,Green Cafe 754,9,1.0,2.8,Average,31.0,13.11368036357922,80.22744001516394
105084,Bistro Bites 220,1,1.0,2.6,Average,543.0,28.647583690132482,77.23710377651884
105085,The Food Express 475,1,1.0,3.2,Good,103.0,28.618777919283158,77.1962871960611
105086,The Belgian Waffle Co,3,1.0,2.3,Average,198.0,28.461600984408687,77.3639797457507
105087,Cafe Coffee Day,8,3.0,3.3,Good,100.0,17.411262400893428,78.47152505942282
105088,Domino's Pizza,1,1.0,3.0,Good,2177.0,28.588084416245447,77.2380305230595
105089,Green Hub 882,5,2.0,3.2,Good,36.0,19.094080170977133,72.89986619845055
105090,Curry Restaurant 398,1,1.0,3.1,Good,253.0,28.596728902029607,77.21467014946096
105091,Curry House 617,1,1.0,2.5,Average,1021.0,28.60032135922583,77.18800715846844
105092,Curry Studio 575,1,2.0,2.7,Average,102.0,28.63131661266316,77.19533065491939
105093,House Point 80,9,2.0,2.7,Average,63.0,13.053968327662488,80.26606844827182
105094,Spice Corner 635,1,1.0,1.9,Poor,356.0,28.608066055593707,77.1776875425808
105095,Domino's Pizza,1,2.0,3.4,Good,667.0,28.631735960041066,77.20513188829219
105096,Spice Garden 456,3,2.0,3.8,Good,76.0,28.61132571949107,77.35786273075485
105097,Cafe Hub 100,9,1.0,3.5,Good,1209.0,13.08009357387021,80.28350322680113
105098,Subway,1,2.0,3.0,Good,185.0,28.64328212601808,77.22573592032148
105099,Tasty Restaurant 898,2,2.0,2.7,Average,307.0,28.418486714830323,77.06570238150582
105100,The Food House 670,1,1.0,3.5,Good,1249.0,28.67321214955188,77.21811670307933
105101,Domino's Pizza,3,2.0,3.6,Good,519.0,28.507218666774925,77.3990066801492
105102,The Food Hub 270,5,1.0,3.1,Good,177.0,19.071373295925607,72.84844961372573
105103,Green Kitchen 942,5,1.0,4.1,Very Good,95.0,19.093892538093904,72.87603696674097
105104,House Corner 902,2,2.0,3.2,Good,5375.0,28.43220300269773,76.99081163976388
105105,Curry Hub 15,1,3.0,3.2,Good,67.0,28.65173179397018,77.14934996910475
105106,Starbucks,1,3.0,0.0,Not rated,133.0,28.590736742845984,77.19971952264142
105107,Biryani Blues,2,1.0,2.0,Average,264.0,28.48857183731064,77.0089682456777
105108,The Food Garden 24,1,1.0,3.4,Good,381.0,28.65126956907959,77.2303999557785
105109,Curry Kitchen 749,8,2.0,3.1,Good,2545.0,17.405245011126823,78.4530400056993
105110,Green Kitchen 408,13,1.0,3.3,Good,197.0,25.22959508387455,55.36927195493297
105111,Spice Corner 510,13,2.0,4.4,Very Good,210.0,25.29338060922056,55.25400248560999
105112,Curry House 180,10,2.0,2.9,Average,1186.0,22.587179049508148,88.36143874233147
105113,Cafe Corner 673,5,3.0,1.9,Poor,115.0,19.079844375631097,72.85786009104112
105114,Cafe Coffee Day,6,1.0,3.3,Good,556.0,12.983368152680393,77.62182380128091
105115,Bistro Studio 208,1,1.0,3.1,Good,227.0,28.658396435144102,77.20151728054859
105116, Spice Bites 279 ,5,3.0,2.9,Average,538.0,19.157524634995756,72.8434254593048
105117,Green Point 707,3,2.0,3.5,Good,481.0,28.52967369891649,77.32682821471906
105118,Spice Bites 46,3,3.0,3.9,Good,128.0,28.503566723613076,77.41108714329178
105119,Tasty Lounge 975,7,1.0,2.4,Average,15.0,18.56108923027997,73.87944334585914
105120,Green Restaurant 869,1,2.0,3.0,Good,21.0,28.566191915247867,77.22099525289894
105121,The Food Express 91,1,2.0,4.2,Very Good,22.0,28.622921557251086,77.20146647727297
105122,Curry Studio 558,11,1.0,2.5,Average,139.0,26.92306187846969,75.7761275390887
105123,The Belgian Waffle Co,1,2.0,3.2,Good,9.0,28.610143200058097,77.23621296048215
105124,Bistro Lounge 554,3,2.0,1.5,Poor,102.0,28.53380109380592,77.38746320643804
105125,Starbucks,11,1.0,0.0,Not rated,106.0,26.85456272379192,75.82665853152211
105126,Tasty Hub 595,5,1.0,3.1,Good,519.0,19.045610151912403,72.874233346005
105127,Curry Express 786,4,2.0,4.0,Very Good,407.0,28.441698178983756,77.31306355926628
105128,House Studio 692,1,2.0,2.3,Average,460.0,28.542455592212367,77.22197991668475
105129,Kitchen House 89,2,3.0,3.4,Good,319.0,28.456490202565885,77.07531093419921
105130,Royal Express 947,9,1.0,2.8,Average,111.0,13.071760194057966,80.31188595616432
105131,Curry Studio 772,5,1.0,3.6,Good,174.0,19.006264647089242,72.87601171216797
105132,House Hub 912,4,4.0,2.8,Average,57.0,28.468133175712794,77.30471939640728
105133,Haldiram's,1,3.0,3.7,Good,270.0,28.577840616773,77.16670885252098
105134,House Hub 614,1,1.0,2.6,Average,22.0,28.633112434963866,77.2332226836841
105135,House Restaurant 164,13,3.0,3.5,Good,736.0,25.18838858371184,55.2083669498991
105136,Cafe Hub 836,2,1.0,3.0,Good,52.0,28.429929907736234,77.08628266559045
105137,Bistro House 84,5,1.0,2.8,Average,202.0,19.06774068021033,72.90720963213555
105138,Urban Lounge 558,1,1.0,3.3,Good,278.0,28.60142760722747,77.18289136563041
105139,KFC,6,1.0,3.0,Good,745.0,12.965064327057247,77.63768122855457
105140,The Food Lounge 681,12,5.0,0.0,Not rated,11.0,22.99495668755334,72.59058634701228
105141,Bistro Point 701,5,2.0,3.0,Good,115.0,19.040510539816893,72.89406918676823
105142,Kitchen Studio 120,1,4.0,3.7,Good,403.0,28.649055974839285,77.19965760165557
105143,Kitchen Lounge 960,5,2.0,3.3,Good,1660.0,19.076242746776742,72.89704294953002
105144,House House 225,8,1.0,2.4,Average,145.0,17.382889028656933,78.43711280171642
105145,Bistro House 705,2,2.0,3.0,Good,82.0,28.428298267878407,77.02879986404301
105146,Urban Point 656,10,4.0,2.9,Average,2146.0,22.627703959999504,88.34010434747192
105147,Royal Restaurant 917,6,2.0,3.2,Good,496.0,12.968539999837718,77.5845180792252
105148,Bistro Corner 915,11,2.0,2.8,Average,928.0,26.846050178330938,75.76318797414108
105149,Grill Kitchen 508,5,3.0,3.9,Good,46.0,19.0856538276604,72.85538046948714
105150,KFC,1,1.0,3.4,Good,364.0,28.587153215750487,77.25409560624387
105151,The Food Point 774,1,2.0,2.6,Average,41.0,28.64577918869292,77.15884959669094
105152,Green Lounge 654,1,3.0,3.4,Good,37.0,28.65024510685495,77.22330318867311
105153,Subway,11,4.0,4.0,Very Good,449.0,26.94470268202574,75.74772588074921
105154,Domino's Pizza,7,1.0,2.9,Average,384.0,18.50425075830666,73.90295263385273
105155,Green Hub 848,6,2.0,2.7,Average,89.0,12.967648557740235,77.60957302547885
105156,Urban Kitchen 260,1,2.0,2.5,Average,934.0,28.622601196771644,77.15983585446364
105157,Urban House 968,1,1.0,3.6,Good,125.0,28.645143146106804,77.22071335966007
105158,Tasty Corner 715,7,2.0,3.8,Good,148.0,18.48407863841886,73.83234474890683
105159,Kitchen House 384,3,1.0,2.9,Average,162.0,28.5387699085699,77.39894071561281
105160,Burger King,1,1.0,0.0,Not rated,66.0,28.679277302865056,77.16250511411242
105161,Curry Bites 630,5,1.0,1.1,Poor,565.0,19.057261223889878,72.92078362039209
105162,House Studio 33,1,2.0,4.1,Very Good,60.0,28.612987523064785,77.13909066636744
105163,Kitchen Corner 262,2,1.0,2.9,Average,66.0,28.550972064422705,76.99833489973918
105164,Tasty Lounge 789,3,2.0,3.3,Good,41.0,28.527056718546007,77.35313075563447
105165,Starbucks,1,1.0,2.8,Average,1755.0,28.56004220802194,77.2222738799058
105166,Kitchen Bites 503,14,1.0,3.9,Good,141.0,51.505391677999235,-0.14503800289576219
105167,Tasty Corner 986,1,1.0,2.3,Average,57.0,28.67245253444103,77.2025460128687
105168,Urban Studio 259,1,1.0,4.0,Very Good,151.0,28.650885010983952,77.18654638841747
105169,Urban Point 742,1,2.0,3.5,Good,561.0,28.579610814327967,77.16110445799444
105170,House Kitchen 466,8,3.0,3.8,Good,476.0,17.39953881497997,78.47870102841564
105171,Kitchen Point 619,2,1.0,2.8,Average,81.0,28.453345430221493,76.98099864381079
105172,Spice Express 318,5,1.0,0.0,Not rated,54.0,19.104421180486124,72.81357869039888
105173,Bistro Studio 222,1,2.0,3.8,Good,33.0,28.592361089819786,77.23090719330698
105174,Urban Corner 701,1,1.0,3.2,Good,216.0,28.63120811960967,77.1656326865696
105175,The Belgian Waffle Co,3,4.0,0.0,Not rated,447.0,28.602358848818856,77.44199893018873
105176,Grill Studio 71,9,2.0,3.1,Good,86.0,12.991267176822003,80.32031826851221
105177,Curry Garden 714,10,1.0,2.7,Average,360.0,22.593351240798352,88.39489921115013
105178,Grill Bites 742,1,1.0,3.9,Good,102.0,28.660067347592815,77.16924744871615
105179,Biryani Blues,4,2.0,4.4,Very Good,60.0,28.354428205616713,77.39205621551136
105180,Haldiram's,11,1.0,3.0,Good,407.0,26.887179110012948,75.70496447504736
105181,Curry Garden 875,2,1.0,2.5,Average,2935.0,28.44572037262864,76.99569498556194
105182,Cafe Coffee Day,9,1.0,3.5,Good,383.0,13.057118144852593,80.29986266942393
105183,Tasty Kitchen 704,1,3.0,0.0,Not rated,53.0,28.585696521780207,77.2354143297
105184,KFC,12,2.0,3.6,Good,128.0,23.009383997838402,72.54602006884981
105185,Barbeque Nation,7,1.0,2.8,Average,1812.0,18.55020931950484,73.82920220480233
105186,Tasty Restaurant 827,12,2.0,4.2,Very Good,332.0,23.074567831323222,72.56386133929465
105187,Royal House 45,6,1.0,2.5,Average,59.0,13.017192893049232,77.591555761054
105188,Green Express 887,2,2.0,3.5,Good,179.0,28.49428302940421,77.01016950972851
105189,Curry Point 731,12,1.0,2.7,Average,213.0,23.086624028259212,72.62942984604736
105190,Bistro Kitchen 104,1,2.0,3.0,Good,313.0,28.68499646756372,77.18507290956009
105191,McDonald's,2,4.0,3.3,Good,1231.0,28.465312069096186,77.0779263535939
105192,Cafe Cafe 25,6,1.0,3.5,Good,958.0,13.021683783948674,77.60880759108504
105193,Kitchen Restaurant 441,8,1.0,3.6,Good,254.0,17.399837171948267,78.52237162956962
105194,,12,1.0,3.4,Good,180.0,23.014931633481044,72.5190780880419
105195,Kitchen Bites 557,1,1.0,0.0,Not rated,147.0,28.61215809506705,77.24497969105485
105196,Barbeque Nation,8,1.0,3.1,Good,83.0,17.420438111304144,78.52144110591307
105197,Burger King,7,3.0,4.0,Very Good,738.0,18.57169569077852,73.83338888680031
105198,Tasty Kitchen 67,1,3.0,4.0,Very Good,168.0,28.634215902780312,77.23867782565853
105199,The Belgian Waffle Co,2,1.0,1.3,Poor,221.0,28.445638674026984,76.97480306637459
105200,Tasty Lounge 942,1,2.0,3.0,Good,1482.0,28.596768237564213,77.19238801117814
105201,Royal Kitchen 25,1,2.0,3.1,Good,355.0,28.549035043137494,77.24984851376972
105202,Biryani Blues,14,2.0,3.6,Good,265.0,51.52003269111803,-0.13416906449628288
105203,Subway,6,1.0,3.0,Good,91.0,12.981851240782683,77.5853519101827
105204,Grill Express 571,7,1.0,3.5,Good,176.0,18.483837692732216,73.90585954967109
105205,Urban Bites 190,13,2.0,2.5,Average,37.0,25.221358672219235,55.20242792033366
105206,Urban Lounge 41,2,1.0,3.2,Good,354.0,28.47547166768632,77.02038239586709
105207,McDonald's,8,3.0,4.0,Very Good,15.0,17.333070065330258,78.48438877950409
105208,Bistro Restaurant 401,3,2.0,2.2,Average,490.0,28.52423896077879,77.36311405426028
105209,Domino's Pizza,10,1.0,4.6,Excellent,618.0,22.621916600152534,88.41199518598283
105210,Spice Kitchen 538,1,1.0,3.8,Good,234.0,28.591738681658175,77.17714765348464
105211,Cafe Lounge 10,12,3.0,3.4,Good,97.0,23.023117458887977,72.53998651360348
105212,Royal Express 943,1,2.0,2.7,Average,159.0,28.619515988152738,77.12247128247864
105213,Curry Point 194,2,3.0,3.3,Good,20.0,28.45857823316268,77.06547623132188
105214,Curry Studio 220,7,1.0,3.1,Good,498.0,18.54450464172656,73.84517377604458
105215,Burger King,2,2.0,3.5,Good,158.0,28.492232759623374,77.01513537468422
105216,House Lounge 880,5,2.0,4.2,Very Good,1507.0,19.12026039417405,72.87023737460797
105217,Royal Bites 131,3,3.0,3.1,Good,290.0,28.524527572512824,77.43276404374076
105218,Royal Kitchen 490,7,1.0,3.4,Good,253.0,18.538735331195834,73.91315016857065
105219,Urban Cafe 169,1,1.0,0.0,Not rated,148.0,28.643294025054814,77.14836392062689
105220,Tasty Bites 371,1,1.0,2.7,Average,48.0,28.609758329886297,77.19279776250193
105221,The Food House 62,1,3.0,3.6,Good,113.0,28.58872934067092,77.16926925931622
105222,Spice Express 800,3,3.0,3.8,Good,245.0,28.54052523654693,77.38317176961881
105223,Green Bites 744,1,4.0,3.1,Good,121.0,28.592699396396327,77.20581293756997
105224,Tasty Studio 621,2,4.0,3.3,Good,90.0,28.43485201671523,76.96644595446169
105225,Green Restaurant 930,2,1.0,3.9,Good,149.0,28.467204686785365,77.03950327352271
105226,Biryani Blues,1,1.0,3.8,Good,219.0,28.607308928862203,77.1932785598541
105227,Grill House 662,5,1.0,3.1,Good,3230.0,19.082143266315544,72.90501708733787
105228,House Hub 248,10,1.0,1.5,Poor,83.0,22.518307070107042,88.36496043065068
105229,The Food Studio 792,1,3.0,5.0,Excellent,115.0,28.607755850476728,77.14893256272161
105230,Biryani Blues,5,3.0,3.4,Good,157.0,18.996890728436775,72.89921229406455
105231,KFC,6,1.0,0.0,Not rated,588.0,12.935008543887726,77.54769781592549
105232,Bistro Hub 792,2,2.0,2.9,Average,1217.0,28.456387325698735,76.98349794615037
105233,Kitchen Garden 403,6,3.0,3.6,Good,2271.0,13.01405928976649,77.58351257274703
105234,House Express 311,2,2.0,3.5,Good,209.0,28.47828978014084,77.01662148937346
105235,Cafe Express 942,3,1.0,3.6,Good,443.0,28.53865969038762,77.32962858173413
105236,Curry Lounge 500,1,2.0,2.6,Average,42.0,28.60071392598495,77.20382703626507
105237,Bistro Cafe 712,6,1.0,2.8,Average,107.0,12.962829263856136,77.59148513894003
105238,House Cafe 614,6,2.0,4.5,Excellent,60.0,13.017302271925784,77.5901158481477
105239,Cafe Hub 481,1,1.0,3.1,Good,321.0,28.575177799134035,77.14992112231194
105240,Bistro Studio 999,2,1.0,2.9,Average,178.0,28.434106160880344,77.03163677112185
105241,Grill Cafe 647,13,4.0,3.0,Good,231.0,25.242136439345348,55.29248341028627
105242,The Belgian Waffle Co,2,2.0,0.0,Not rated,31.0,28.44746254986544,76.97946914456146
105243,The Food Garden 609,3,2.0,3.9,Good,614.0,28.603368009513737,77.35335558126543
105244,Kitchen Express 929,11,4.0,4.2,Very Good,11.0,26.936574495939034,75.81485693014977
105245,Subway,7,1.0,2.8,Average,121.0,18.56082349721692,73.91199916928285
105246,The Food Point 846,5,1.0,3.2,Good,159.0,19.01910303677191,72.87187703222408
105247,House House 286,8,3.0,4.5,Excellent,19.0,17.422079931797406,78.47096494514952
105248,Tasty Bites 675,10,1.0,3.7,Good,328.0,22.542871361086288,88.37083775151467
105249,Biryani Blues,3,3.0,2.9,Average,137.0,28.56055175995845,77.43847196222347
105250,Royal Restaurant 303,3,1.0,1.3,Poor,241.0,28.52277045447679,77.36124882801309
105251,The Belgian Waffle Co,2,1.0,3.2,Good,2216.0,28.467298119649616,77.00965908583873
105252,Grill Lounge 329,13,2.0,3.7,Good,304.0,25.166081940142124,55.25294038991113
105253,Barbeque Nation,6,1.0,2.3,Average,503.0,12.911379686026818,77.54501542966516
105254,Royal Kitchen 742,1,2.0,3.2,Good,1022.0,28.619169475066077,77.23884756838008
105255,The Food Bites 253,10,2.0,3.0,Good,322.0,22.56231700376487,88.3730398134433
105256,The Belgian Waffle Co,3,3.0,3.5,Good,65.0,28.504217153182786,77.32039537613333
105257,Royal Bites 830,1,3.0,3.0,Good,22.0,28.55502825041973,77.20860271467146
105258,Green House 496,5,1.0,3.8,Good,331.0,18.982373109011764,72.93587888111026
105259,Cafe Studio 551,2,3.0,3.5,Good,117.0,28.477824573077477,77.03623934823621
105260,The Food Cafe 74,10,2.0,2.6,Average,793.0,22.563672731290442,88.42003965013747
105261,Tasty Lounge 403,1,2.0,3.8,Good,114.0,28.592764725992456,77.18939512918544
105262,Subway,9,3.0,0.0,Not rated,88.0,13.090148402669628,80.30451649489325
105263,The Food Studio 466,5,2.0,4.0,Very Good,50.0,19.111504149110367,72.92372239003707
105264,Grill Cafe 841,1,2.0,3.8,Good,135.0,28.623334828442225,77.20645444995752
105265,Cafe House 204,13,2.0,4.1,Very Good,68.0,25.189290484187197,55.25641015712302
105266,Tasty Bites 502,4,1.0,0.0,Not rated,31.0,28.483537097329084,77.35629931517823
105267,Curry House 397,1,1.0,2.7,Average,152.0,28.591648656112852,77.22790249630441
105268,Royal Hub 126,3,2.0,3.3,Good,87.0,28.486162918245952,77.4243901372574
105269,Spice Corner 868,10,1.0,2.9,Average,4557.0,22.576093547320188,88.37835846601665
105270,KFC,1,1.0,2.6,Average,453.0,28.604955372500143,77.20621206121054
105271,The Food Hub 803,1,1.0,2.6,Average,618.0,28.647048298514665,77.20589400723685
105272,Starbucks,1,2.0,3.0,Good,151.0,28.59547989581238,77.19658245512771
105273,Green Corner 913,1,1.0,0.0,Not rated,102.0,28.608119613270816,77.22300950029569
105274,Spice Corner 115,8,2.0,3.6,Good,116.0,17.35469812870657,78.48049361531167
105275,Cafe Restaurant 284,3,1.0,3.0,Good,4630.0,28.563768048267452,77.39986781102375
105276,Green Point 226,1,2.0,3.0,Good,152.0,28.618924949936442,77.18125551049897
105277,Cafe Garden 951,1,1.0,2.3,Average,70.0,28.60426853330403,77.17919270471512
105278,Green Hub 24,2,2.0,2.4,Average,59.0,28.45425033718653,77.04704522240516
105279,Kitchen Point 176,12,1.0,4.3,Very Good,352.0,23.02175413252951,72.5849965735517
105280,Tasty Point 555,2,4.0,3.2,Good,1075.0,28.409192366484465,77.01155164777401
105281,Royal Kitchen 585,14,3.0,3.8,Good,808.0,51.548094793355126,-0.07960871337721051
105282,The Food Studio 128,3,3.0,0.0,Not rated,34.0,28.574140990910905,77.36226233292078
105283,Burger King,1,3.0,1.6,Poor,48.0,28.615323813629093,77.22430675705965
105284,Barbeque Nation,10,1.0,4.2,Very Good,1076.0,22.5702833343506,88.37991987356553
105285,Royal Point 287,3,2.0,3.6,Good,2748.0,28.500616969541326,77.39287195442687
105286, Subway ,6,2.0,2.7,Average,136.0,13.03205672368224,77.63891647274225
105287,Tasty Cafe 882,14,2.0,3.2,Good,822.0,51.559390909775026,-0.0708457006837242
105288,Tasty Studio 219,1,3.0,2.7,Average,26.0,28.627703815669296,77.16872245276839
105289,KFC,1,2.0,4.4,Very Good,82.0,28.642601683033508,77.12937159361842
105290,Curry Studio 154,7,4.0,3.0,Good,49.0,18.56346683387619,73.83957854879961
105291,Tasty Cafe 769,1,1.0,2.7,Average,272.0,28.649861451922227,77.17459726132903
105292,Grill Garden 211,1,3.0,2.9,Average,136.0,28.5839331759993,77.19370153685038
105293,Curry House 809,1,2.0,3.3,Good,250.0,28.603010572835213,77.2726833473028
105294,Kitchen Express 22,1,2.0,4.1,Very Good,1018.0,28.630286376507883,77.30338055450285
105295,Cafe House 859,8,1.0,0.0,Not rated,39.0,17.3921163726308,78.45351384982898
105296,Green Express 148,1,3.0,3.1,Good,200.0,28.64025706741569,77.21684908176327
105297,Cafe Restaurant 700,3,3.0,3.6,Good,37.0,28.558030389104726,77.39805970304995
105298,Tasty Point 224,5,1.0,3.1,Good,762.0,19.08464399648927,72.88980146272098
105299,Tasty Garden 255,3,2.0,2.6,Average,627.0,28.44436921527326,77.34303319955312
105300,Green House 615,1,1.0,4.6,Excellent,389.0,28.65494926974018,77.25225277605385
105301,Spice Bites 958,8,4.0,4.5,Excellent,281.0,17.414366253551215,78.5182681282823
105302,House Restaurant 67,1,2.0,3.3,Good,98.0,28.68632249451218,77.19219868042315
105303,Spice House 586,8,1.0,4.0,Very Good,37.0,17.368287584504998,78.52977663826859
105304,Tasty Corner 503,10,1.0,3.8,Good,304.0,22.508098285453144,88.31343390576916
105305,Curry House 92,3,2.0,3.3,Good,478.0,28.529184308087405,77.33173560307885
105306,Kitchen Point 276,4,1.0,0.0,Not rated,1123.0,28.424883811860706,77.32706960428686
105307,The Food Studio 162,3,2.0,4.2,Very Good,138.0,28.520028639834916,77.4060936231268
105308,Biryani Blues,2,3.0,0.0,Not rated,126.0,28.507512778383223,77.02086624078963
105309,Cafe Lounge 830,10,3.0,4.5,Excellent,975.0,22.549495118022154,88.40265728491059
105310,Domino's Pizza,11,1.0,2.9,Average,712.0,26.90886901367878,75.76428784984915
105311,Kitchen Corner 779,2,4.0,0.0,Not rated,41.0,28.450890352549393,77.06875335537586
105312,Starbucks,5,2.0,3.2,Good,128.0,19.173100901074804,72.90528336134328
105313,Urban Cafe 713,11,1.0,3.2,Good,94.0,26.880687281895888,75.85249962753
105314,The Food Kitchen 538,13,1.0,3.0,Good,56.0,25.22523060149154,55.20874797147326
105315,Curry Hub 301,4,1.0,2.7,Average,1026.0,28.3668577373194,77.30077804309359
105316,Burger King,3,3.0,3.2,Good,196.0,28.54750376619567,77.35928297920861
105317,Royal Point 420,1,1.0,3.9,Good,193.0,28.580493648697978,77.23619343272708
105318,Grill Kitchen 238,13,1.0,1.5,Poor,170.0,25.243298059783434,55.32585615398772
105319,Cafe Corner 587,1,2.0,2.4,Average,163.0,28.645684501553617,77.19597877947635
105320,Bistro Hub 296,5,2.0,2.7,Average,123.0,19.08550320897507,72.89867888137161
105321,Tasty Hub 242,1,3.0,2.7,Average,62.0,28.565199968482634,77.25952666474133
105322,Subway,1,2.0,4.2,Very Good,1604.0,28.61203784942059,77.2204182386605
105323,Urban Kitchen 792,2,1.0,3.8,Good,101.0,28.44885518037825,77.05115101295442
105324,McDonald's,15,3.0,3.8,Good,64.0,1.3811637502486551,103.75038622058857
105325,Curry Lounge 780,1,1.0,2.6,Average,144.0,28.582312905550612,77.26380460614159
105326,Royal Hub 547,5,2.0,4.1,Very Good,3290.0,19.116427151840337,72.86724317671506
105327,Green Corner 334,1,2.0,2.2,Average,52.0,28.647758547385372,77.30244131557532
105328,The Food Lounge 833,1,1.0,4.4,Very Good,575.0,28.565795967537362,77.17922067744753
105329,Haldiram's,3,4.0,3.2,Good,133.0,28.52781389218416,77.40760996719942
105330,Tasty Hub 172,4,2.0,3.0,Good,236.0,28.407103258554237,77.34669419060972
105331,McDonald's,1,1.0,2.7,Average,516.0,28.649108175077593,77.12144632607462
105332,,1,3.0,2.7,Average,18.0,28.589861276440438,77.2712090438329
105333,The Food Studio 252,1,2.0,4.5,Excellent,79.0,28.62116614592437,77.23500848720062
105334,Bistro Kitchen 731,1,2.0,3.7,Good,632.0,28.652367048153955,77.15669440399724
105335,House Cafe 773,13,2.0,4.0,Very Good,245.0,25.2135944259525,55.283741128704875
105336,Burger King,12,3.0,2.6,Average,207.0,22.957493766920948,72.58413849991577
105337,Cafe Coffee Day,2,1.0,3.1,Good,433.0,28.442191774739317,77.02189739310788
105338,Curry Bites 773,5,1.0,3.3,Good,61.0,19.107648134136742,72.85683812954214
105339,Grill Restaurant 414,11,2.0,3.4,Good,711.0,26.9396781414033,75.78491923833685
105340,Curry Bites 966,1,1.0,2.2,Average,406.0,28.535171326555435,77.23914660311863
105341,Cafe Cafe 736,8,2.0,0.0,Not rated,121.0,17.392025822671357,78.51543074098144
105342,Tasty Garden 537,12,1.0,3.1,Good,319.0,23.05561015962387,72.571697052926
105343,Royal Lounge 879,1,1.0,2.4,Average,654.0,28.632762357085593,77.21700279590655
105344,Spice Point 76,1,1.0,1.8,Poor,63.0,28.63677512488609,77.20455366601604
105345,Kitchen Garden 119,13,2.0,3.6,Good,454.0,25.27698107471732,55.236745851558574
105346,Tasty House 385,4,3.0,5.0,Excellent,2393.0,28.40737914011462,77.31579497749111
105347,Spice Express 499,1,1.0,2.3,Average,332.0,28.624567179078735,77.1832896895232
105348,Domino's Pizza,1,2.0,3.3,Good,140.0,28.58101765709559,77.17415629604741
105349,The Belgian Waffle Co,3,1.0,3.7,Good,3684.0,28.513286510696386,77.30633356322625
105350,Curry Cafe 810,6,2.0,2.4,Average,203.0,12.959980901674916,77.58029075740225
105351,Royal Bites 813,7,1.0,2.7,Average,936.0,18.550140397989566,73.88419153641513
105352,Green Hub 17,15,2.0,2.6,Average,94.0,1.3259336927156424,103.86260912836309
105353,Curry Garden 499,1,2.0,3.8,Good,788.0,28.65711180813606,77.22461628947633
105354,Bistro Studio 381,4,3.0,4.3,Very Good,117.0,28.370639181888894,77.2724571222081
105355,Curry Hub 426,4,1.0,3.1,Good,266.0,28.43128617160226,77.31238504151676
105356,Green Hub 919,2,2.0,2.7,Average,76.0,28.478822329561847,76.9861790017526
105357,Urban Garden 384,1,2.0,2.9,Average,1834.0,28.62291173305626,77.27582942837641
105358,Barbeque Nation,13,3.0,3.0,Good,132.0,25.239262353066643,55.25724591079178
105359,House House 80,10,1.0,2.4,Average,38.0,22.546611052102353,88.34660001860664
105360,Kitchen Lounge 565,3,1.0,2.9,Average,191.0,28.519185565399876,77.42329949531886
105361,Curry Kitchen 361,5,3.0,3.8,Good,406.0,19.042282637713917,72.8763316737024
105362,The Food Lounge 170,1,1.0,3.3,Good,179.0,28.614215420150487,77.24650743675444
105363,KFC,4,1.0,3.0,Good,63.0,28.404702026958617,77.2784905350462
105364,Starbucks,6,1.0,3.0,Good,636.0,13.00157592704757,77.59771571913424
105365,Spice Corner 522,4,3.0,3.3,Good,897.0,28.422438409170276,77.33555469957855
105366,Haldiram's,14,1.0,2.2,Average,18.0,51.53152960635351,-0.21942631249789776
105367,Curry House 343,5,3.0,3.5,Good,64.0,19.069100481563495,72.8538071042091
105368,Curry Express 637,2,2.0,2.8,Average,136.0,28.473698606621905,77.00511600551278
105369,Kitchen Corner 821,8,1.0,2.1,Average,73.0,17.44844573961208,78.48863321927386
105370,Urban Studio 777,1,1.0,3.2,Good,351.0,28.566806027064555,77.19814513832215
105371,Grill Corner 683,2,1.0,2.6,Average,1589.0,28.395131700458673,77.0369619672972
105372,Bistro Restaurant 580,2,2.0,3.3,Good,115.0,28.481791955785127,77.01839327094812
105373,Royal House 339,3,2.0,0.0,Not rated,646.0,28.505801004325242,77.4311593891823
105374,Curry Restaurant 740,8,2.0,2.6,Average,25.0,17.3366394051517,78.56057489790503
105375,Royal Hub 781,3,1.0,3.1,Good,314.0,28.554186772644623,77.33848041726841
105376,Urban Cafe 394,8,2.0,2.0,Average,66.0,17.349846834744923,78.48756422669642
105377,Green Corner 46,5,3.0,4.4,Very Good,430.0,19.129866962978507,72.9157219346566
105378,Royal Point 429,2,2.0,2.3,Average,16.0,28.464976436489163,77.001997650091
105379,Tasty Hub 438,8,3.0,3.1,Good,35.0,17.3779087958557,78.49649452148589
105380,The Food Point 1,1,1.0,3.9,Good,384.0,28.58514468538928,77.19570617069046
105381,Royal Corner 272,1,3.0,3.2,Good,82.0,28.62143159308409,77.1738800387311
105382,Urban Point 480,3,1.0,2.2,Average,97.0,28.479817753146545,77.3554132710984
105383,Royal Bites 506,1,1.0,3.5,Good,1930.0,28.52750984904843,77.12251706881855
105384,The Belgian Waffle Co,1,3.0,3.8,Good,246.0,28.559504608184216,77.21480989849142
105385,Kitchen Cafe 746,6,4.0,3.2,Good,561.0,13.011401655478503,77.6027136910467
105386,Curry Garden 591,4,2.0,2.9,Average,65.0,28.376555129939874,77.28448569816418
105387,Bistro Express 647,3,1.0,2.7,Average,30.0,28.48529242068518,77.3812061188439
105388,Grill Hub 684,13,1.0,2.9,Average,154.0,25.20169195090651,55.2203214221479
105389,Bistro Cafe 533,5,2.0,2.0,Average,21.0,19.153864067014663,72.89633862735019
105390,Cafe Point 232,10,3.0,3.3,Good,77.0,22.61081631130313,88.34987931086131
105391,Tasty Studio 279,1,1.0,4.2,Very Good,305.0,28.585884433857988,77.23597065328048
105392,Grill Garden 511,5,3.0,2.8,Average,145.0,19.04735375631987,72.86642576872143
105393,Tasty Corner 975,10,1.0,0.0,Not rated,136.0,22.544741571076003,88.32933050526913
105394,The Food Kitchen 844,5,3.0,2.6,Average,337.0,19.044140737939916,72.85894282214527
105395,Subway,7,3.0,3.8,Good,46.0,18.53943276543368,73.90948354110643
105396,Green Point 476,2,1.0,3.8,Good,63.0,28.447741803011247,77.09996254899808
105397,Urban Restaurant 556,1,1.0,3.8,Good,13.0,28.57494010429284,77.15625407151488
105398,Tasty Restaurant 410,3,3.0,2.6,Average,100.0,28.488730650711897,77.42270015796119
105399,Kitchen Garden 84,2,2.0,3.5,Good,488.0,28.540036176322467,76.98781063681848
105400,Cafe Studio 972,10,2.0,4.1,Very Good,1430.0,22.598456117748196,88.33730407004596
105401,Urban Express 949,1,2.0,3.5,Good,246.0,28.583936845120625,77.21631431058782
105402,Tasty House 835,13,1.0,3.3,Good,1035.0,25.24723258136119,55.28792686301523
105403,Tasty Studio 32,13,3.0,3.1,Good,287.0,25.164466378905306,55.245312935172215
105404,Kitchen Kitchen 316,1,1.0,3.1,Good,203.0,28.609101132729254,77.23035519859937
105405,Barbeque Nation,2,3.0,4.2,Very Good,105.0,28.450870253432196,77.06804780745667
105406,Tasty Cafe 220,11,1.0,3.2,Good,9.0,26.918781415838588,75.81279667179317
105407,Green Garden 250,13,2.0,2.4,Average,704.0,25.17182642280791,55.2369821162361
105408,Royal Express 164,3,1.0,0.0,Not rated,84.0,28.53999719370869,77.3754356237471
105409,Cafe House 874,1,1.0,3.8,Good,1177.0,28.552706712452657,77.239633592015
105410,KFC,4,1.0,3.2,Good,55.0,28.39571438300934,77.3720986572085
105411,Starbucks,6,2.0,0.0,Not rated,1874.0,13.01833307693774,77.55011688427858
105412,Haldiram's,1,2.0,0.0,Not rated,65.0,28.649787336961566,77.21959666616432
105413,Urban Restaurant 664,7,3.0,4.2,Very Good,95.0,18.49603950673486,73.88240045753615
105414,,1,1.0,4.1,Very Good,169.0,28.560492244101496,77.16012235291429
105415,McDonald's,1,2.0,4.0,Very Good,268.0,28.537489928832052,77.2446608509499
105416,Cafe Coffee Day,2,2.0,4.1,Very Good,203.0,28.481111479967804,77.10061995016221
105417,Kitchen Bites 703,2,1.0,2.8,Average,87.0,28.469243633643856,77.04983397674403
105418,Bistro Express 683,1,1.0,2.7,Average,17.0,28.627398561579007,77.22879914597546
105419,Spice Hub 915,3,2.0,3.1,Good,65.0,28.59467109812459,77.3647066886248
105420,Urban Corner 597,1,1.0,3.0,Good,667.0,28.619251298565732,77.19183787019321
105421,Domino's Pizza,1,1.0,3.9,Good,70.0,,77.18634674316505
105422,Green Hub 919,1,2.0,4.0,Very Good,25.0,28.56499171429002,77.17804528937894
105423,Curry Kitchen 274,13,1.0,3.4,Good,50.0,25.26163779742082,55.26232498638541
105424,Cafe Lounge 74,2,2.0,2.3,Average,133.0,28.4537614763433,77.03742186399374
105425,The Food Hub 67,3,3.0,2.3,Average,57.0,28.50690933693007,77.36098414750681
105426,The Food Hub 659,5,2.0,3.4,Good,134.0,19.08327498251786,72.86554095499913
105427,Grill Kitchen 509,14,2.0,3.8,Good,76.0,51.57741090643191,-0.11663707933530178
105428,Bistro Garden 33,1,1.0,2.9,Average,601.0,28.688631971641946,77.1349132510203
105429,Kitchen Bites 167,6,3.0,4.6,Excellent,457.0,12.937636014853732,77.62782456062813
105430,Curry Express 975,7,1.0,2.3,Average,2388.0,18.56153800628072,73.86415647573344
105431,The Food Bites 723,5,2.0,2.4,Average,94.0,19.087750600922803,72.88563467913626
105432,Tasty Point 814,1,4.0,3.2,Good,127.0,28.648465726448638,77.24947244201165
105433,The Food Bites 335,6,2.0,0.0,Not rated,395.0,12.981285070812197,77.62743506776039
105434,Barbeque Nation,1,2.0,3.5,Good,316.0,28.635420971082848,77.23025491195834
105435,McDonald's,5,1.0,2.7,Average,50.0,19.122245683700257,72.88748740526428
105436,Domino's Pizza,7,1.0,2.0,Average,280.0,18.459179059067466,73.8563580436105
105437,Urban Hub 111,1,3.0,4.0,Very Good,356.0,28.626513089136107,77.1886685966889
105438,Royal Hub 741,9,1.0,1.9,Poor,14.0,13.041767073095153,80.23707322871066
105439,Pizza Hut,1,2.0,2.5,Average,69.0,28.597674024522266,77.22255620464415
105440,Cafe Point 736,9,1.0,1.9,Poor,173.0,13.08273399495589,80.28449358521937
105441,Tasty Kitchen 953,3,3.0,3.5,Good,1185.0,28.500225878167797,77.39594003532746
105442,House Lounge 747,1,1.0,3.1,Good,426.0,28.59355142712122,77.161959937875
105443,Bistro Point 918,1,2.0,4.4,Very Good,117.0,28.56487492385681,77.11606763022563
105444,Spice Express 161,12,2.0,3.8,Good,85.0,23.001735201374128,72.57334589482258
105445,Kitchen Kitchen 51,1,2.0,4.1,Very Good,601.0,28.631814802894038,77.14481343641953
105446,Cafe Coffee Day,1,1.0,3.2,Good,8.0,28.644190843055167,77.22012686640008
105447,Curry Studio 675,2,2.0,2.6,Average,58.0,28.43257174367129,77.09480246728812
105448,Bistro Express 461,5,1.0,3.1,Good,1036.0,19.12247269680992,72.88929286934743
105449,Pizza Hut,4,1.0,3.4,Good,275.0,28.429108447852833,77.3025214992901
105450,Bistro House 675,1,1.0,3.5,Good,75.0,28.664068617507695,77.17239577473885
105451,Cafe Restaurant 189,1,2.0,2.9,Average,37.0,28.55192277433692,77.18881615375719
105452,McDonald's,1,1.0,3.3,Good,531.0,28.62479378064535,77.20770842548457
105453,Tasty Kitchen 499,1,4.0,3.0,Good,191.0,28.635292460183386,77.24655206806514
105454,Kitchen Hub 44,2,2.0,2.5,Average,118.0,28.39935165751533,77.03150869111194
105455,Green Lounge 619,6,1.0,2.3,Average,238.0,13.056098676206144,77.58438987860814
105456,The Food Point 739,1,2.0,3.2,Good,223.0,28.591620311015475,77.2325572318367
105457,Domino's Pizza,2,3.0,2.6,Average,178.0,28.478535054165267,77.07826166779934
105458,House Express 729,2,1.0,2.7,Average,31.0,28.491936046422587,77.03757384049946
105459,Cafe Express 346,13,2.0,0.0,Not rated,24.0,25.208341400971054,55.27749300986341
105460,Barbeque Nation,13,5.0,2.5,Average,397.0,25.253303982536107,55.21270163782446
105461,Grill Point 217,8,1.0,2.7,Average,327.0,17.45483246203449,78.43903739752582
105462,The Belgian Waffle Co,1,3.0,3.4,Good,306.0,28.575063592112713,77.15685640622868
105463,Bistro Restaurant 518,1,1.0,3.2,Good,87.0,28.617965112492854,77.20230512454161
105464,Tasty Lounge 605,1,1.0,2.7,Average,424.0,28.64594868996387,77.17981744148497
105465,Cafe Point 446,1,3.0,3.9,Good,133.0,28.556743645030704,77.19163837633371
105466,Bistro Corner 466,3,2.0,3.6,Good,1011.0,28.572749564940608,77.36137342692349
105467,Cafe Lounge 298,8,3.0,4.1,Very Good,87.0,17.444728749644348,78.46016385650542
105468,Curry Corner 292,10,2.0,3.1,Good,92.0,22.61753604018202,88.29900545432636
105469,Tasty Cafe 643,9,2.0,,Average,140.0,13.098045571045677,80.27839975812374
105470,Urban Studio 850,2,3.0,3.0,Good,502.0,28.513381087241328,77.05110539210466
105471,,6,1.0,3.2,Good,174.0,12.984110794636694,77.59704001312605
105472,Pizza Hut,1,3.0,3.2,Good,190.0,28.567713413813863,77.2217708134348
105473,Green Studio 272,1,2.0,2.8,Average,102.0,28.5956336911218,77.22527778190184
105474,House Corner 837,6,1.0,2.7,Average,227.0,12.962653156219437,77.60948157556197
105475,Biryani Blues,1,2.0,2.8,Average,152.0,28.611661736915902,77.23862787842026
105476,The Food Corner 544,2,1.0,0.0,Not rated,33.0,28.4562019585289,77.06827481864886
105477,Subway,2,2.0,2.3,Average,175.0,28.447661238750186,77.08184174353659
105478,Curry Point 407,6,2.0,3.4,Good,229.0,12.979259523338667,77.52719841277545
105479,Domino's Pizza,8,4.0,4.0,Very Good,4093.0,17.437648270644676,78.50305099553684
105480,The Food Lounge 834,1,1.0,2.6,Average,74.0,28.62139393800645,77.16664753203914
105481,Tasty Corner 514,8,2.0,4.4,Very Good,82.0,17.40700507686387,78.53591542116035
105482,Bistro Bites 807,1,1.0,3.0,Good,246.0,28.537112747750072,77.2113120307735
105483,Cafe Bites 53,3,2.0,2.2,Average,42.0,28.53990920146652,77.40067161776747
105484,Cafe Point 547,7,2.0,3.0,Good,45.0,18.558439218163116,73.86080266066618
105485,The Food Kitchen 876,6,2.0,3.2,Good,30.0,13.015239752378749,77.60196317921552
105486,Burger King,14,3.0,3.7,Good,77.0,51.54747858627488,-0.07014257401167212
105487,Kitchen Hub 559,1,3.0,3.2,Good,71.0,28.62451940501376,77.25238741810745
105488,Spice Bites 440,6,1.0,2.3,Average,30.0,12.986087733113456,77.65075635624167
105489,The Belgian Waffle Co,5,1.0,2.3,Average,109.0,19.05245475688544,72.87088563590424
105490,Curry Corner 102,11,2.0,0.0,Not rated,4.0,26.941975642001324,75.71293443323745
105491,Starbucks,1,2.0,2.8,Average,308.0,28.590541216337368,77.23515532041831
105492,Royal Bites 300,7,1.0,2.3,Average,74.0,18.54423129759949,73.81762330355771
105493,Tasty Hub 928,5,2.0,2.7,Average,97.0,19.077452953010038,72.86502831574488
105494,Bistro Hub 371,1,1.0,3.4,Good,396.0,28.614422955493886,77.20682552604814
105495,Cafe Coffee Day,3,1.0,4.1,Very Good,353.0,28.57054346551987,77.39107093524399
105496,Grill Restaurant 562,2,3.0,3.9,Good,96.0,28.479142243023205,77.04913207618432
105497,Urban Hub 895,5,1.0,3.8,Good,365.0,19.08589090961108,72.84538105501414
105498,Domino's Pizza,10,1.0,3.6,Good,1377.0,22.55517956206775,88.3858284978055
105499,Urban Garden 989,5,1.0,3.5,Good,54.0,19.132080963221146,72.87104048053726
105500,Barbeque Nation,5,3.0,3.2,Good,466.0,19.087653721558752,72.96877463387426
105501,Grill Lounge 477,4,4.0,3.7,Good,50.0,28.435058556446428,77.26214408421022
105502,Curry Bites 630,1,2.0,2.9,Average,740.0,28.616733148882798,77.2134622296916
105503,Urban Express 808,1,1.0,2.9,Average,69.0,28.589619369400367,77.23051976431466
105504,McDonald's,3,3.0,3.4,Good,74.0,28.5479230896802,77.37660779750372
105505,Green Lounge 968,1,2.0,3.7,Good,854.0,28.593048194758378,77.18891651671859
105506,Spice Cafe 824,1,3.0,0.0,Not rated,221.0,28.62922222326178,77.25535925902635
105507,Urban Kitchen 167,3,2.0,3.1,Good,76.0,28.421214455199436,77.42043377220934
105508,McDonald's,1,1.0,3.0,Good,204.0,28.599871511680202,77.1810425932949
105509,Bistro Lounge 199,1,2.0,0.0,Not rated,37.0,28.61339779582896,77.1570977355732
105510,House Express 31,3,1.0,3.4,Good,25.0,28.502095006844797,77.41159521982864
105511,Tasty House 107,1,1.0,2.0,Average,177.0,28.626632376437147,77.22029718395699
105512,Tasty Point 172,11,3.0,2.7,Average,104.0,26.897622168574447,75.80728275373352
105513,The Belgian Waffle Co,10,3.0,4.1,Very Good,68.0,22.572393164508483,88.35930787561445
105514,Cafe Restaurant 715,6,2.0,3.2,Good,929.0,12.952296601135673,77.62465705605987
105515,Starbucks,1,2.0,2.9,Average,54.0,28.647916884739328,77.26501300649271
105516,The Belgian Waffle Co,8,1.0,2.8,Average,199.0,17.40410901430539,78.54026594065859
105517,Curry Lounge 790,8,1.0,2.8,Average,642.0,17.39542670849352,78.45803788779918
105518,Kitchen Bites 378,8,1.0,3.4,Good,138.0,17.387169679218342,78.57418605440404
105519,Domino's Pizza,1,2.0,2.5,Average,62.0,28.702472123265718,77.23203627565722
105520,Subway,6,2.0,3.2,Good,264.0,12.96609065778106,77.54467254138365
105521,Pizza Hut,9,1.0,3.2,Good,321.0,13.058308976957091,80.286006295818
105522,The Belgian Waffle Co,5,4.0,3.9,Good,635.0,19.034942869977996,72.8857327764114
105523,House Express 426,6,1.0,3.1,Good,1846.0,13.003287428950253,77.59051943342483
105524,Spice Express 883,3,3.0,3.7,Good,114.0,28.592592658667446,77.38388239865273
105525,Royal Kitchen 609,4,2.0,2.8,Average,212.0,28.379218039080353,77.34237721346835
105526,Urban Cafe 140,1,1.0,2.4,Average,31.0,28.603928616240257,77.23371433220336
105527,Grill Lounge 744,5,3.0,5.0,Excellent,622.0,19.06341994299086,72.8571663565513
105528,Urban Cafe 831,1,2.0,3.0,Good,219.0,28.60955661105886,77.19024544136927
105529,The Belgian Waffle Co,3,2.0,3.1,Good,142.0,28.473627975397335,77.37087490669636
105530,The Food Lounge 842,1,2.0,3.6,Good,91.0,28.642135416788495,77.20288261340856
105531,Spice Kitchen 57,4,1.0,4.0,Very Good,140.0,28.45055854518597,77.34882560641354
105532,House Hub 713,1,2.0,2.8,Average,223.0,28.54724059236217,77.25108902140187
105533,Tasty Hub 288,6,3.0,2.8,Average,49.0,13.033127727577593,77.58709987800962
105534,Tasty Kitchen 999,8,1.0,0.0,Not rated,61.0,17.44161383321702,78.52516250413295
105535,Urban Studio 316,1,1.0,4.0,Very Good,221.0,28.50645522603549,77.22445928665974
105536,Tasty Corner 27,1,3.0,0.0,Not rated,13.0,28.53783386218014,77.21365655587836
105537,Kitchen Hub 729,1,1.0,3.0,Good,46.0,28.609247455421933,77.2743636055822
105538,McDonald's,10,2.0,2.6,Average,69.0,22.618661414537815,88.37541903297993
105539,Cafe Cafe 873,4,2.0,2.3,Average,1060.0,28.4190419763881,77.31306124517592
105540,KFC,3,2.0,3.0,Good,61.0,28.536248452839104,77.42024953320401
105541,Cafe Coffee Day,1,1.0,2.4,Average,142.0,28.633978172172334,77.16592015339869
105542,Kitchen Kitchen 188,6,1.0,2.6,Average,43.0,12.943316702675727,77.5869228047257
105543,Cafe Kitchen 238,10,1.0,4.3,Very Good,87.0,22.617307589967652,88.37306180158295
105544,Cafe Coffee Day,9,2.0,3.5,Good,32.0,13.079073417390092,80.29587799786148
105545,Grill Lounge 935,5,2.0,3.8,Good,480.0,19.018844019345742,72.88613718148694
105546,Bistro Lounge 958,1,2.0,3.7,Good,38.0,28.58605828109303,77.16388316613764
105547, Bistro Lounge 305 ,1,2.0,3.1,Good,553.0,28.626815302253856,77.17802661526765
105548,House Garden 103,1,1.0,2.7,Average,292.0,28.60376122269949,77.19391476060837
105549,Spice Garden 941,1,1.0,3.2,Good,165.0,28.600135755991374,77.21745508856567
105550,Urban Bites 342,1,3.0,3.5,Good,629.0,28.621002645828156,77.16360764408684
105551,Spice Hub 71,1,2.0,2.8,Average,8062.0,28.626451855493727,77.25831827219163
105552,Biryani Blues,2,1.0,3.1,Good,323.0,28.416436659492817,77.03755178155397
105553,Barbeque Nation,12,1.0,2.5,Average,38.0,23.065322208924446,72.58140032155157
105554,Pizza Hut,5,1.0,2.9,Average,1095.0,19.071410738543992,72.87163930766108
105555,Urban Garden 163,9,1.0,2.8,Average,210.0,13.09738902159232,80.22018370548106
105556,Grill Point 84,6,3.0,2.6,Average,2232.0,12.975008367304737,77.59777839596421
105557,Royal Bites 941,1,3.0,1.9,Poor,72.0,28.599545913961556,77.2351881908263
105558,Urban Bites 832,7,3.0,2.8,Average,827.0,18.55230753005063,73.85133570309091
105559,Subway,1,3.0,4.6,Excellent,247.0,28.61674092224145,77.24642053475587
105560,Royal Hub 756,5,3.0,0.0,Not rated,2492.0,19.078566115954604,72.87551862587343
105561,House Lounge 245,2,2.0,3.7,Good,142.0,28.372395720235144,77.05096091410661
105562,Spice Bites 536,15,1.0,1.6,Poor,5453.0,1.3807983195588747,103.81592454734817
105563,Cafe Restaurant 795,1,3.0,2.7,Average,282.0,28.60793132195329,77.22227715265839
105564,Curry Lounge 244,1,1.0,2.1,Average,411.0,28.640322633993332,77.23938440083145
105565,Subway,12,1.0,2.9,Average,1427.0,23.080073646579677,72.5335854926626
105566,Tasty Point 845,1,1.0,4.6,Excellent,92.0,28.642717830005907,77.23165609385165
105567,Kitchen Hub 415,6,2.0,3.5,Good,652.0,12.973495296425108,77.63150086047207
105568,Tasty Cafe 295,7,1.0,4.1,Very Good,153.0,18.51037505097182,73.93336357169711
105569,Cafe Kitchen 724,9,1.0,2.8,Average,201.0,13.171100311729322,80.27319031341496
105570,House Cafe 510,13,2.0,4.1,Very Good,246.0,25.221718485983303,55.197327781068715
105571,KFC,13,3.0,4.7,Excellent,517.0,25.212137053085357,55.20847071554896
105572,Green Restaurant 260,1,2.0,3.1,Good,345.0,28.607497104228276,77.17794952949333
105573,Cafe Hub 834,9,3.0,3.0,Good,84.0,13.05132051324936,80.31558477348082
105574,URBAN BITES 255,6,1.0,2.1,Average,167.0,12.903325960844105,77.67148635920476
105575,Domino's Pizza,6,1.0,2.8,Average,9.0,13.024841170176432,77.58037413734299
105576,Subway,1,2.0,3.3,Good,641.0,28.586621592659903,77.21086381090946
105577,Bistro Kitchen 701,6,2.0,4.5,Excellent,2013.0,12.964938955650254,77.50425649606242
105578,Green Garden 983,14,2.0,2.4,Average,193.0,51.503687953329965,-0.10500213026132059
105579,Domino's Pizza,11,3.0,3.4,Good,25.0,26.962558777569097,75.79200451043432
105580,Bistro Kitchen 850,3,2.0,2.0,Average,353.0,28.50867978330793,77.38224891901883
105581,Tasty Kitchen 350,1,4.0,3.3,Good,71.0,28.622907206298418,77.17527509024933
105582,McDonald's,2,1.0,3.2,Good,228.0,28.477425716885094,77.01426583407594
105583,The Belgian Waffle Co,9,1.0,3.3,Good,438.0,13.03424416312538,80.22361677698318
105584,Kitchen Express 421,6,2.0,3.6,Good,393.0,12.919853753656076,77.56447342678034
105585,Grill Bites 282,3,1.0,0.0,Not rated,347.0,28.510474315996,77.34652813827174
105586,Green Bites 150,1,1.0,3.4,Good,228.0,28.622428448532613,77.17340718993844
105587,Pizza Hut,3,1.0,3.0,Good,216.0,28.5395771563323,77.35056991237066
105588,The Belgian Waffle Co,3,1.0,2.3,Average,375.0,28.531332110284882,77.41119731503511
105589,House Point 502,11,1.0,1.8,Poor,122.0,26.935233509984524,75.7470560205944
105590,The Food House 51,6,1.0,0.0,Not rated,38.0,12.941612153592269,77.59276937746368
105591,Tasty Studio 163,1,2.0,0.0,Not rated,158.0,28.60793093177474,77.17078156095465
105592,Domino's Pizza,4,2.0,4.0,Very Good,52.0,28.404926013002783,77.28095414383273
105593,Grill Garden 209,1,2.0,3.1,Good,160.0,28.584857433378865,77.1707760350105
105594,The Food Hub 291,13,2.0,3.1,Good,31.0,25.28535932329481,55.30501647584531
105595,Tasty Corner 485,2,1.0,3.3,Good,92.0,28.383884670393805,77.02021095787727
105596,Grill Kitchen 601,3,1.0,2.8,Average,87.0,28.57892382912743,77.36484902288234
105597,The Food Bites 230,2,1.0,3.5,Good,56.0,28.48750252744482,76.99145593500337
105598,Bistro Garden 860,6,3.0,4.7,Excellent,1001.0,12.999890066169936,77.54754833733614
105599,Tasty Garden 165,6,2.0,4.6,Excellent,884.0,12.974954698717355,77.56945740084433
105600,Curry Hub 18,7,1.0,3.1,Good,920.0,18.567075250068612,73.80642019376407
105601,House Studio 394,1,1.0,3.2,Good,143.0,28.59820741410163,77.1937882388026
105602,Haldiram's,1,4.0,4.6,Excellent,144.0,28.62763537170233,77.18422630183235
105603,Royal Kitchen 275,1,2.0,3.1,Good,486.0,28.61646201489234,77.18172714943572
105604,Grill Garden 707,6,3.0,3.8,Good,243.0,12.963469118327488,77.6379379248581
105605,The Belgian Waffle Co,1,1.0,2.3,Average,174.0,28.61816482021066,77.20045906993971
105606,The Food Restaurant 414,5,1.0,2.8,Average,6.0,19.042793431909935,72.87132706240288
105607,Biryani Blues,10,3.0,4.2,Very Good,583.0,22.549358858995298,88.40876931615114
105608,Urban Point 921,10,2.0,2.7,Average,355.0,22.62791098136886,88.31634408820373
105609,Green Bites 954,3,2.0,3.1,Good,176.0,28.636355923295703,77.3739537044312
105610,Cafe Cafe 819,3,2.0,2.2,Average,404.0,28.553698436535917,77.33677686097855
105611,Royal Bites 509,1,2.0,4.5,Excellent,513.0,28.64307453158601,77.21145958428082
105612,Spice Hub 982,6,2.0,4.0,Very Good,90.0,12.980421101981687,77.6158500350239
105613,Starbucks,9,1.0,3.1,Good,135.0,13.098626909563809,80.18582847472304
105614,Tasty Cafe 350,1,1.0,3.3,Good,52.0,28.63293271501966,77.23909969743454
105615,Subway,2,3.0,3.7,Good,1263.0,28.495739995158306,77.03748634676012
105616,Starbucks,9,1.0,3.9,Good,720.0,13.136493243613854,80.27197697377069
105617,Tasty Garden 713,10,2.0,2.9,Average,61.0,22.5416455051499,88.32043537915675
105618,Cafe Point 644,1,2.0,0.0,Not rated,195.0,28.712872948336567,77.23601802361941
105619,Cafe Cafe 578,5,4.0,4.3,Very Good,328.0,19.080839413632333,72.93660122128918
105620,Tasty Studio 640,1,1.0,3.8,Good,88.0,28.618750862317114,77.19473789217682
105621,Subway,1,1.0,1.5,Poor,146.0,28.599448173017915,77.19788917223413
105622,Kitchen Express 483,11,3.0,3.0,Good,509.0,26.898082129266722,75.7880961283758
105623,Grill Express 505,9,3.0,2.7,Average,527.0,13.10427298163053,80.2567190022214
105624,Haldiram's,7,2.0,3.3,Good,3432.0,18.542700483544404,73.85046424947242
105625, KFC ,1,2.0,1.9,Poor,153.0,28.633682828493264,77.2449973593164
105626,McDonald's,9,1.0,1.7,Poor,97.0,13.066780751789908,80.26837906984207
105627,Domino's Pizza,3,2.0,4.6,Excellent,500.0,28.4409585857914,77.40115172059649
105628,Burger King,2,3.0,3.8,Good,165.0,28.396656324031802,77.09776150708488
105629,Bistro Kitchen 106,4,3.0,3.5,Good,93.0,28.409365074806967,77.36905074142544
105630,Grill Studio 736,1,1.0,3.2,Good,57.0,28.62565584681321,77.172366159346
105631,Starbucks,7,1.0,3.1,Good,2.0,18.505710647763113,73.9177510337452
105632,Pizza Hut,5,2.0,3.8,Good,520.0,19.05174842195255,72.92589143920547
105633,Cafe Coffee Day,1,4.0,3.2,Good,23.0,28.62428426231892,77.26130354507774
105634,Biryani Blues,1,2.0,0.0,Not rated,29.0,28.61013290492172,77.18710762390938
105635,The Food Bites 603,1,1.0,3.1,Good,256.0,28.597222756261264,77.21640440543226
105636,Green Kitchen 349,1,1.0,2.3,Average,99.0,28.557357295164127,77.19529323442462
105637,Cafe Kitchen 96,5,2.0,4.0,Very Good,3186.0,19.04646228908433,72.88193608605796
105638,Cafe Lounge 765,9,1.0,2.7,Average,24.0,13.115340735754662,80.33201220859188
105639,Green Corner 488,1,3.0,4.1,Very Good,3642.0,28.580207851713013,77.21390203749543
105640,Grill Hub 674,1,2.0,3.3,Good,1044.0,28.637127906613145,77.14880266096236
105641,Bistro Corner 949,5,2.0,4.3,Very Good,722.0,19.12452414344317,72.86464116520803
105642,Green House 909,9,1.0,2.3,Average,902.0,13.05501282236532,80.24779140033434
105643,Urban Lounge 597,2,3.0,2.7,Average,270.0,28.44393711563318,77.08924361526351
105644,Biryani Blues,2,1.0,2.4,Average,18.0,28.494057249017683,76.9981410009265
105645,Tasty Restaurant 358,5,1.0,0.0,Not rated,171.0,19.119149111260732,72.8634485327806
105646,Curry Lounge 713,1,3.0,4.4,Very Good,37.0,28.59133218785099,77.19595951266982
105647,Starbucks,1,3.0,4.4,Very Good,122.0,28.557153525464923,77.26498622811246
105648,The Belgian Waffle Co,7,3.0,1.9,Poor,124.0,18.564320674405554,73.89031326429108
105649,House Garden 198,5,1.0,3.2,Good,58.0,19.09643501518738,72.89757920358208
105650,McDonald's,5,1.0,0.9,Poor,358.0,19.09002204040555,72.885851319188
105651,Domino's Pizza,7,1.0,3.5,Good,148.0,18.552445725155092,73.86422783697037
105652,Green Point 203,6,1.0,3.7,Good,338.0,12.930121198932312,77.59726519116768
105653,Barbeque Nation,1,3.0,3.4,Good,187.0,28.627591966245273,77.28093541801239
105654,Barbeque Nation,2,1.0,3.1,Good,208.0,28.449515671605795,76.98225266110353
105655,McDonald's,1,2.0,3.2,Good,60.0,28.63499645368869,77.11220930636566
105656,Starbucks,1,1.0,2.5,Average,35.0,28.64186634288954,77.22450573498745
105657,Green Express 643,6,1.0,3.3,Good,153.0,13.005779365839341,77.6436954113472
105658,The Food Bites 443,10,4.0,3.4,Good,56.0,22.593549634150747,88.37039436333987
105659,KFC,13,1.0,3.6,Good,1134.0,25.213573914268895,55.201497047548784
105660,Royal Studio 388,5,1.0,2.9,Average,30.0,19.08594568997441,72.90380364377772
105661,Pizza Hut,1,1.0,2.4,Average,2833.0,28.626736749975763,77.17172902848138
105662,McDonald's,1,1.0,2.0,Average,203.0,28.59204929520428,77.16407305803217
105663,Tasty Kitchen 87,9,2.0,2.0,Average,152.0,13.069732625488873,80.23647791224924
105664,Green Kitchen 158,5,1.0,3.9,Good,108.0,19.090081782496195,72.82139707331645
105665,Tasty Point 717,5,2.0,2.9,Average,387.0,19.09876679950214,72.88481682500418
105666,The Food Restaurant 533,8,3.0,3.6,Good,153.0,17.36221524980144,78.46402565056047
105667, House Lounge 973 ,6,2.0,4.4,Very Good,345.0,12.933917880629135,77.5480327003139
105668,Cafe Cafe 338,9,1.0,2.6,Average,456.0,13.024064531944106,80.3539957511409
105669,Royal Cafe 546,1,2.0,2.8,Average,384.0,28.569753264735915,77.1904015922704
105670,Green Studio 436,7,1.0,2.9,Average,802.0,18.50151549228701,73.8585102047912
105671,Barbeque Nation,9,2.0,3.2,Good,356.0,13.067068466879459,80.32509104896121
105672,The Food Cafe 220,1,2.0,4.4,Very Good,72.0,28.60400071277674,77.23271225110535
105673,Spice Point 416,6,1.0,0.0,Not rated,6.0,12.929424355582254,77.66139595234054
105674,Grill Studio 950,1,3.0,3.8,Good,270.0,28.55046101748502,77.1846360328097
105675,Biryani Blues,13,3.0,4.3,Very Good,307.0,25.209229718363638,55.30745999038553
105676,Starbucks,1,3.0,3.3,Good,2066.0,28.618343894448557,77.22616884140612
105677,Domino's Pizza,5,1.0,3.2,Good,157.0,19.09774675096018,72.91252630322911
105678,Starbucks,1,2.0,3.0,Good,278.0,28.6424263306212,77.23855306147343
105679,Urban Lounge 491,7,3.0,2.6,Average,421.0,18.534132532510483,73.82968126112027
105680,House Cafe 730,1,1.0,3.8,Good,394.0,28.6179133672435,77.30781994160185
105681,Royal Corner 531,1,3.0,3.7,Good,583.0,28.64456021215374,77.12987681978697
105682,Subway,3,1.0,3.0,Good,62.0,28.585342064710414,77.36075173488368
105683,Green Corner 521,11,1.0,3.0,Good,51.0,26.88871633201341,75.81113956741615
105684,Grill Kitchen 248,1,2.0,2.2,Average,102.0,28.64085912350097,77.21917266989058
105685,Urban Express 538,1,2.0,2.6,Average,10.0,28.59205381595043,77.21368692443399
105686,The Food Garden 341,7,3.0,3.6,Good,189.0,18.5280662043948,73.88174463643963
105687,Royal Corner 438,3,3.0,3.1,Good,78.0,28.572933889517014,77.3615028568456
105688,Green Hub 823,11,1.0,2.9,Average,254.0,26.902821629358943,75.81669698801633
105689,Bistro Bites 92,1,1.0,2.9,Average,122.0,28.580577309784704,77.20447826306773
105690,Cafe Studio 74,6,3.0,3.0,Good,48.0,12.955527580384544,77.64363357472052
105691,House Lounge 83,1,1.0,2.4,Average,785.0,28.580543312508514,77.1983382536276
105692,Kitchen Studio 169,1,2.0,2.2,Average,161.0,28.576302552257385,77.22537321100157
105693,Kitchen Corner 34,6,2.0,3.1,Good,523.0,13.013830068931064,77.61691126486721
105694,Spice Bites 708,5,1.0,3.4,Good,239.0,19.094632979221224,72.90938128776985
105695,Starbucks,7,1.0,1.9,Poor,244.0,18.495215619979795,73.85800803590081
105696,Pizza Hut,1,2.0,3.2,Good,33.0,28.57944629538418,77.19897185914571
105697,Starbucks,3,3.0,3.6,Good,982.0,28.503460764059685,
105698,Cafe Kitchen 85,2,2.0,2.6,Average,478.0,28.43430956336362,77.04361578331616
105699,Curry Kitchen 450,14,2.0,4.1,Very Good,216.0,51.547743037423324,-0.19420609545828882
105700,Grill Bites 381,1,2.0,2.9,Average,244.0,28.61004685092129,77.21981186789937
105701,The Belgian Waffle Co,1,1.0,2.9,Average,596.0,28.688506503278987,77.22241530866015
105702,Cafe Corner 737,2,1.0,2.9,Average,107.0,28.45810912771893,77.09219057555462
105703,Pizza Hut,5,1.0,1.8,Poor,18.0,19.055852431360407,72.85457701035828
105704,House Kitchen 814,1,1.0,3.7,Good,130.0,28.64637192281011,77.21557013726614
105705,House Garden 771,11,1.0,2.4,Average,184.0,26.853945016505993,75.79286719806902
105706,Royal Kitchen 559,1,1.0,2.8,Average,160.0,28.62049569241192,77.17028819518085
105707,Cafe Bites 591,11,1.0,3.4,Good,987.0,26.869973904141958,75.78710724554834
105708,The Food Studio 535,1,1.0,3.9,Good,63.0,28.537525449650083,77.16204554215639
105709,Urban Hub 180,6,2.0,2.5,Average,55.0,12.967482330005511,77.62830376225416
105710,The Food Lounge 637,11,2.0,2.9,Average,45.0,26.94161716879702,75.80797555599241
105711,Kitchen House 481,1,1.0,3.9,Good,362.0,28.621387408845703,77.22410493118352
105712,Burger King,13,4.0,3.9,Good,31.0,25.208080738053372,55.24850637141004
105713,Spice Cafe 51,3,1.0,3.4,Good,481.0,28.444542659020772,77.44065676511248
105714,Cafe Coffee Day,12,3.0,2.7,Average,50.0,23.017076273473393,72.53343194710486
105715,Tasty Express 652,6,1.0,2.8,Average,63.0,12.966518396918868,77.59635068445796
105716,Kitchen Restaurant 529,1,3.0,3.3,Good,1700.0,28.63564416244879,77.1680782705798
105717,Royal House 387,1,1.0,2.4,Average,712.0,28.576865397626467,77.2025876945856
105718,Green House 153,1,2.0,2.1,Average,165.0,28.642937950458993,77.25348693058793
105719,Grill Point 330,1,1.0,2.7,Average,31.0,28.59607178124871,77.22553427568211
105720,Spice Express 318,1,2.0,4.1,Very Good,2751.0,28.603424507404096,77.1767641623587
105721,Cafe House 748,1,1.0,3.0,Good,136.0,28.63237788178969,77.19072744805754
105722,Starbucks,2,1.0,3.9,Good,289.0,28.41787010243529,77.01331828621029
105723,Barbeque Nation,8,2.0,3.3,Good,581.0,17.41384722343995,78.45749950984182
105724,Subway,1,1.0,2.5,Average,13.0,28.56648754759253,77.21854060823703
105725,Cafe Cafe 572,1,3.0,4.2,Very Good,101.0,28.636831142243288,77.28543374299569
105726,Kitchen Corner 791,6,1.0,3.1,Good,163.0,12.963358512248634,77.57501996439763
105727,House Lounge 190,1,2.0,3.8,Good,244.0,28.608518057329437,77.27654357075734
105728,Domino's Pizza,1,2.0,2.5,Average,30.0,28.5066201429654,77.2088734356141
105729,Spice Kitchen 887,1,1.0,0.0,Not rated,135.0,28.593223456691515,77.22027591443943
105730,Grill Kitchen 912,11,1.0,3.7,Good,211.0,26.90504222535785,75.79643023134348
105731,Grill Restaurant 6,9,2.0,3.4,Good,1528.0,13.136901849297951,80.21132765907795
105732,Bistro Garden 986,2,3.0,2.9,Average,594.0,28.458242809951795,77.04251423858693
105733,Royal Lounge 972,6,3.0,3.4,Good,135.0,12.948746112229973,77.50947865945287
105734,Green Lounge 199,4,1.0,3.4,Good,148.0,28.438078037193836,77.3251227759905
105735,Green Lounge 664,6,2.0,3.4,Good,675.0,12.953919266036385,77.60029756053812
105736,Cafe Coffee Day,6,1.0,3.4,Good,271.0,13.007727436744153,77.54087797833334
105737,House Kitchen 145,5,1.0,3.7,Good,36.0,19.08514722863448,72.87996698188091
105738,Cafe Bites 303,1,2.0,2.8,Average,2282.0,28.582415516504845,77.19874912321569
105739,Grill Cafe 661,1,1.0,2.2,Average,42.0,28.646725293865348,77.20362094844785
105740,Bistro Garden 418,3,1.0,3.0,Good,3861.0,28.55653626758108,77.38597500277022
105741,Spice Point 901,10,1.0,0.0,Not rated,153.0,22.60394975981761,88.3432829673938
105742,Bistro Hub 378,5,2.0,3.7,Good,91.0,19.06962593192045,72.88034948504604
105743,Grill House 220,9,3.0,2.7,Average,8.0,13.103739589759837,80.300998208695
105744,Cafe Coffee Day,14,2.0,0.0,Not rated,237.0,51.5746170936662,-0.13616336496687276
105745,Domino's Pizza,1,2.0,0.0,Not rated,12.0,28.619899038755218,77.2072411856417
105746,The Food Bites 400,6,3.0,3.4,Good,297.0,12.957647509345962,77.61732060143042
105747,Pizza Hut,6,2.0,0.0,Not rated,1009.0,13.025638586519214,77.67403575192161
105748,Spice Hub 413,14,1.0,2.5,Average,37.0,51.53074881471752,-0.1345481888909693
105749,Bistro Bites 378,14,1.0,2.6,Average,401.0,51.491632960227406,-0.18737957353564713
105750,House Hub 301,6,1.0,0.0,Not rated,32.0,13.032329431008915,77.56321593625692
105751,Starbucks,1,2.0,4.1,Very Good,914.0,28.57178040537461,77.23008552821668
105752,KFC,8,3.0,3.4,Good,206.0,17.403520764055678,78.5396418495565
105753,The Food House 812,1,1.0,2.1,Average,139.0,28.654027103129373,77.17590031418494
105754,The Food Lounge 590,8,1.0,3.2,Good,823.0,17.422511074045918,78.48518030620383
105755,Grill Lounge 939,11,3.0,0.0,Not rated,196.0,26.880901081115923,75.78797501313596
105756,Green Restaurant 112,2,3.0,3.4,Good,69.0,28.416080387333782,76.99969126179876
105757,Grill Restaurant 513,5,2.0,4.2,Very Good,2117.0,19.08403272166848,72.93143316691888
105758,The Food Express 743,3,1.0,3.5,Good,28.0,28.560166189790895,77.4317426467773
105759,Curry Cafe 852,3,1.0,2.3,Average,210.0,28.497771426884842,77.40304536688495
105760,House Restaurant 349,1,1.0,2.6,Average,57.0,28.62446239869962,77.19430334361361
105761,The Belgian Waffle Co,8,1.0,3.1,Good,27.0,17.333987974103653,78.52016795108402
105762,The Food Point 210,12,1.0,1.9,Poor,33.0,23.059629550909435,72.5893877598297
105763,Green Express 199,12,2.0,3.4,Good,178.0,23.002505110087835,72.55610354932261
105764,The Food Cafe 323,1,1.0,1.9,Poor,211.0,28.608159061044155,77.2430013888112
105765,Urban House 746,10,1.0,3.7,Good,763.0,22.6028510982793,88.37682314966844
105766,McDonald's,7,1.0,0.0,Not rated,569.0,18.547392118659833,73.79857577855121
105767,Urban Kitchen 729,1,2.0,3.5,Good,275.0,28.630488116191234,77.17427207995219
105768,Grill Studio 739,1,2.0,2.8,Average,95.0,28.649931878459697,77.16247136394342
105769,Urban Lounge 50,1,2.0,0.0,Not rated,329.0,28.62821663097295,77.2450920177934
105770,Green Point 608,11,1.0,2.7,Average,75.0,26.963063647362574,75.76272480111766
105771,The Belgian Waffle Co,5,1.0,2.3,Average,20.0,19.01612255651412,72.89965101711186
105772,Subway,7,1.0,2.8,Average,539.0,18.51831516413626,73.93271554839426
105773,The Belgian Waffle Co,1,1.0,3.5,Good,1017.0,28.610327695790076,77.23679471417313
105774,Green Corner 904,7,3.0,3.4,Good,68.0,18.51273602457479,73.84203608113313
105775,Spice Restaurant 79,1,4.0,4.5,Excellent,2810.0,28.63131000789726,77.18297132992633
105776,Cafe Lounge 509,2,2.0,3.7,Good,421.0,28.46698986006514,77.01587783859635
105777,Kitchen House 98,5,3.0,,Good,357.0,19.1048687057569,72.84172834090108
105778,Grill House 798,1,2.0,2.2,Average,76.0,28.572464441849796,77.16894312943849
105779,Grill Corner 11,9,1.0,0.0,Not rated,321.0,13.162927407412836,80.24252623612925
105780,Green Corner 831,1,4.0,2.9,Average,25.0,28.600215976131484,77.22762734302447
105781,KFC,6,1.0,2.9,Average,111.0,12.981636472704169,77.57636996876066
105782,Tasty Kitchen 563,2,2.0,2.7,Average,65.0,28.45228154492509,77.01871506393655
105783,Biryani Blues,5,1.0,2.8,Average,32.0,19.07883733278678,72.89412152791603
105784,Spice Point 705,1,1.0,3.7,Good,597.0,28.595178132451878,77.23445331021924
105785,Curry Bites 720,1,2.0,3.5,Good,297.0,28.621103105482504,77.14147413171611
105786,Bistro Garden 843,11,1.0,3.7,Good,555.0,26.932703385813006,75.72698335450409
105787,Urban Restaurant 930,1,1.0,2.0,Average,98.0,28.529839311068173,77.19548888131214
105788,Spice Cafe 697,9,1.0,3.0,Good,596.0,13.071200827266306,80.23168145786593
105789,Pizza Hut,15,1.0,3.6,Good,218.0,1.3392697170202577,103.84970875399883
105790,Kitchen Hub 908,1,4.0,4.6,Excellent,137.0,28.69513739787409,77.1927652914502
105791,Cafe Coffee Day,1,3.0,2.4,Average,68.0,28.644002491303528,77.27191642990735
105792,Urban Lounge 655,6,2.0,3.0,Good,14.0,13.024102086666819,77.57752289170254
105793,The Food Kitchen 553,13,1.0,3.7,Good,870.0,25.22433405535694,55.2816017945598
105794,Green House 543,11,3.0,0.0,Not rated,334.0,26.915282519575708,75.763952892559
105795,Spice Cafe 143,3,1.0,2.4,Average,5926.0,28.54824550702514,77.40806589511578
105796,Tasty Point 175,8,1.0,2.0,Average,91.0,17.42430410376765,78.50453602501523
105797,Royal Point 622,1,1.0,2.4,Average,66.0,28.67515414020058,77.24007125798434
105798,Royal Kitchen 246,13,3.0,2.3,Average,17.0,25.21537179112752,55.266100173016284
105799,Kitchen Express 429,13,1.0,3.0,Good,578.0,25.182997400988523,55.31526214416728
105800,Cafe Coffee Day,1,1.0,3.6,Good,494.0,28.64626010154888,77.2194870856012
105801,Bistro Restaurant 878,1,2.0,2.4,Average,1061.0,28.584038913690417,77.1864896851094
105802,Royal Lounge 549,1,1.0,3.2,Good,57.0,28.62756393015206,77.18673974127304
105803,Bistro Corner 850,1,2.0,3.7,Good,497.0,28.637745980127672,77.23450878969913
105804,Spice Express 244,9,2.0,3.2,Good,94.0,13.07891733985273,80.31494909593462
105805,Tasty House 446,2,1.0,2.0,Average,749.0,28.427831286527578,76.98732781365592
105806,Bistro Corner 532,1,1.0,3.3,Good,363.0,28.597990708834086,77.23528433452559
105807,Urban Restaurant 132,2,1.0,3.0,Good,24.0,28.44842527475335,76.97457754019426
105808,Spice Corner 967,14,3.0,3.3,Good,157.0,51.470524261984785,-0.1494119144928302
105809,Domino's Pizza,5,3.0,3.0,Good,15.0,19.062486634550343,72.89484067977936
105810,Green Express 400,2,1.0,3.1,Good,41.0,28.408681256965487,76.99693705560733
105811,Cafe Kitchen 838,1,1.0,3.3,Good,46.0,28.634589477968436,77.26030138991479
105812,Spice House 158,14,1.0,4.6,Excellent,111.0,51.51906692520093,-0.10649970236784725
105813,Urban Express 963,9,2.0,3.3,Good,133.0,13.091999441798404,80.22934669250398
105814,Urban Hub 787,1,2.0,4.2,Very Good,278.0,28.600393583339606,77.23194129697761
105815,Pizza Hut,1,1.0,3.2,Good,210.0,28.605078284283053,77.1627871054198
105816,Tasty Lounge 564,1,2.0,3.1,Good,172.0,28.584886910852877,77.20912948778481
105817,Biryani Blues,1,2.0,3.3,Good,281.0,28.631580975321477,77.23970618948267
105818,The Belgian Waffle Co,5,3.0,2.6,Average,33.0,19.0284755986297,72.90252544754468
105819,Tasty Lounge 660,11,1.0,3.2,Good,199.0,26.91533174815483,75.7842776984276
105820,Cafe Point 538,3,1.0,1.7,Poor,786.0,28.513320588662786,77.37894985649822
105821,The Food Restaurant 987,9,1.0,2.4,Average,124.0,13.144205863382796,80.23017699413933
105822,Subway,3,3.0,3.5,Good,360.0,28.55393739029932,77.39739076374595
105823,Grill Corner 813,6,3.0,4.2,Very Good,374.0,12.971584410187564,77.62275708363292
105824,Curry Point 351,7,2.0,4.1,Very Good,651.0,18.481689187976176,73.9289654220642
105825,Curry Bites 935,1,1.0,2.8,Average,238.0,28.56617683053135,77.19303535773463
105826,Grill Hub 418,2,1.0,3.1,Good,512.0,28.4768530091125,77.05623325268773
105827,Subway,5,1.0,3.6,Good,374.0,19.138957836209627,72.90445666254544
105828,Cafe Restaurant 128,1,2.0,2.3,Average,339.0,28.628213368742543,77.19232280389878
105829,The Belgian Waffle Co,2,1.0,3.3,Good,323.0,28.46563516827499,77.05183381105427
105830,Bistro Restaurant 19,4,1.0,2.5,Average,44.0,28.41554113662855,77.28922760336623
105831,Spice Lounge 378,15,2.0,3.1,Good,41.0,1.355705652167475,103.82879573457068
105832,Cafe Restaurant 67,3,1.0,2.7,Average,104.0,28.54261683237359,77.38360472766406
105833,The Food Cafe 187,9,2.0,3.5,Good,1352.0,13.05871943241931,80.28622424191644
105834,Bistro Studio 262,3,1.0,3.4,Good,153.0,28.5014251480838,77.40931089062322
105835,Royal House 775,8,3.0,4.0,Very Good,319.0,17.38882316321693,78.46819472528226
105836,Cafe Cafe 966,5,2.0,3.4,Good,16.0,19.128269620000722,72.87736143374231
105837,Cafe Cafe 828,10,3.0,3.5,Good,247.0,22.599796072168118,88.35939785002576
105838,House Garden 851,2,2.0,4.4,Very Good,263.0,28.41633019520047,76.98846886300406
105839,Cafe Cafe 764,5,4.0,2.6,Average,5.0,19.067068375833095,72.86475767572175
105840,House Studio 92,5,3.0,4.5,Excellent,348.0,19.101514877927666,72.85743328938594
105841,The Food Hub 549,2,2.0,3.0,Good,22.0,28.51259042512043,76.98715129567744
105842,Cafe House 653,1,3.0,3.8,Good,83.0,28.67659506087895,77.18086616609315
105843,Green Hub 339,1,1.0,2.8,Average,577.0,28.606524930912034,77.1999610098246
105844,The Food Corner 791,1,1.0,2.5,Average,189.0,28.64274808346673,77.21092584380621
105845,The Food Cafe 634,10,1.0,3.3,Good,106.0,22.581324509249466,88.32037135859335
105846,Green Hub 912,1,2.0,3.9,Good,108.0,28.60970952816638,77.25101047599173
105847,McDonald's,1,2.0,3.5,Good,115.0,28.616082133896395,77.23046717181602
105848,Green Garden 800,7,3.0,3.0,Good,212.0,18.523011884714816,73.85371799449463
105849,Burger King,1,1.0,5.0,Excellent,60.0,28.655030731355158,77.16633764795232
105850,Grill Corner 418,3,1.0,3.8,Good,846.0,28.486343564874193,77.38356081118356
105851,Spice Lounge 485,1,1.0,3.6,Good,47.0,28.630285115740953,77.19943596657347
105852,The Belgian Waffle Co,13,2.0,3.0,Good,20.0,25.258679628601143,55.23298326822935
105853,Burger King,9,1.0,2.6,Average,550.0,13.132812563374157,80.23003855021864
105854,Spice Bites 453,10,3.0,3.2,Good,105.0,22.592514070547345,88.39072602736607
105855,Subway,2,1.0,3.7,Good,221.0,28.433003235672448,77.01526003293202
105856,Bistro Point 533,8,1.0,0.0,Not rated,204.0,17.412187240376944,78.5176949440692
105857,Kitchen Bites 679,1,3.0,2.7,Average,66.0,28.660272903918624,77.20853905819315
105858,Kitchen Bites 250,1,2.0,3.6,Good,235.0,28.595870086701332,77.23530878520869
105859,Grill Hub 674,1,1.0,3.2,Good,409.0,28.626416377144164,77.23414143760245
105860,Spice Garden 848,5,2.0,2.7,Average,1271.0,19.06881555266601,72.89403306941867
105861,Pizza Hut,3,1.0,2.3,Average,78.0,28.514010448224067,77.43239179554264
105862,House Kitchen 146,4,4.0,4.5,Excellent,135.0,28.39786905158049,77.32131149482665
105863,Cafe Cafe 445,1,2.0,3.4,Good,384.0,28.61839857026579,77.15668426004117
105864,Grill Hub 416,2,1.0,2.1,Average,185.0,28.427361738819958,76.97986747052201
105865,Kitchen Lounge 693,7,2.0,2.4,Average,128.0,18.482526147714335,73.83385202769512
105866,The Belgian Waffle Co,3,1.0,2.8,Average,1220.0,28.504363788271924,77.4169681716346
105867,Grill House 587,7,3.0,3.9,Good,25.0,18.531876526223012,73.8426980610724
105868,Tasty Bites 75,1,3.0,3.8,Good,35.0,28.56259654805635,77.21618577908386
105869,Green Corner 576,9,3.0,4.1,Very Good,27.0,13.005105716319765,80.28944869352325
105870,Tasty Kitchen 689,5,1.0,2.0,Average,627.0,19.124037633827896,72.88345410014468
105871,Royal Point 827,1,1.0,3.1,Good,338.0,28.57843724964297,77.12881052556435
105872,Cafe Express 946,1,1.0,3.9,Good,38.0,28.607109680721724,77.16745804417097
105873,The Food Point 796,5,2.0,4.1,Very Good,190.0,19.10828011348069,72.93950703154435
105874,Grill Hub 247,9,2.0,3.4,Good,183.0,13.032360919937759,80.28211210167628
105875,,2,2.0,4.7,Excellent,15.0,28.409119538555764,76.93211165967136
105876,Spice Corner 853,1,3.0,3.8,Good,262.0,28.591759590349643,77.21144024186279
105877,Curry Point 2,10,1.0,3.7,Good,46.0,22.606245663590887,88.42699224739161
105878,Haldiram's,6,1.0,3.0,Good,421.0,12.970842372255309,77.6041828702629
105879,Tasty House 65,3,1.0,2.5,Average,37.0,28.535217335745145,77.3925538637063
105880,Urban House 516,3,1.0,2.4,Average,200.0,28.525160193182643,77.32700732678427
105881,KFC,1,1.0,3.1,Good,898.0,28.633574716616636,77.19951913720004
105882,Cafe Express 844,5,2.0,3.1,Good,601.0,19.12611462743616,72.82018723292119
105883,Spice Corner 969,2,1.0,1.9,Poor,257.0,28.563940857721445,76.98381402662419
105884,Haldiram's,15,1.0,2.3,Average,134.0,1.3469170028743491,103.76900882933091
105885,The Belgian Waffle Co,3,2.0,3.0,Good,26.0,28.588908175280167,77.45188040083357
105886,The Food Bites 622,3,1.0,3.5,Good,112.0,28.570474268223396,77.41648128949335
105887,Starbucks,5,2.0,3.2,Good,137.0,19.08534480242806,72.92673439661799
105888,Curry House 793,11,1.0,3.0,Good,120.0,26.83505022584133,75.74097859876231
105889,The Belgian Waffle Co,8,2.0,2.6,Average,23.0,17.37177394927657,78.49337678537965
105890,Cafe Studio 658,3,3.0,3.4,Good,327.0,28.523660785927195,77.35571672276691
105891,Royal Corner 748,7,1.0,3.9,Good,48.0,18.532958028910777,73.82516081445264
105892,House Garden 277,5,2.0,3.3,Good,1285.0,19.06908866285425,72.89413051184708
105893,Barbeque Nation,3,3.0,2.4,Average,183.0,28.515788037622052,77.3972581138694
105894,Cafe Garden 401,1,2.0,2.4,Average,519.0,28.684950348069524,77.21901805137743
105895,Starbucks,3,1.0,3.4,Good,630.0,28.581286201565323,77.34703562241998
105896,Royal Restaurant 413,1,1.0,0.0,Not rated,1208.0,28.5431011758203,77.21346571037618
105897,Tasty Bites 134,11,2.0,3.2,Good,228.0,26.902561941646855,75.79946971554446
105898,Kitchen Corner 569,2,3.0,3.0,Good,106.0,28.481582299844714,77.00296800460491
105899,Bistro Studio 743,12,1.0,3.3,Good,117.0,23.069081735025417,72.56188225071784
105900,Curry House 946,4,1.0,2.8,Average,1081.0,28.394200813466586,77.26021470644372
105901,McDonald's,5,1.0,2.9,Average,32.0,19.068462034941057,72.802249944753
105902,Cafe Kitchen 788,4,1.0,2.4,Average,50.0,28.41221745646633,77.3880911957104
105903,Spice House 960,1,1.0,3.6,Good,267.0,28.63706466145604,77.21616926844493
105904,Grill Garden 69,2,1.0,2.9,Average,140.0,28.405756208971383,77.0140378981797
105905,Green Point 465,1,1.0,3.4,Good,637.0,28.54336177539102,77.236938220972
105906,McDonald's,5,1.0,2.2,Average,27.0,19.11990926122179,72.84724613741913
105907,Kitchen Express 733,3,3.0,4.5,Excellent,222.0,28.500847383442114,77.39485542172064
105908,Green Express 938,8,1.0,3.8,Good,164.0,17.459293084318936,78.52541877687906
105909,Urban Studio 558,1,1.0,1.8,Poor,35.0,28.583674958898968,77.17042770647016
105910,Curry Corner 210,1,1.0,0.0,Not rated,269.0,28.60742647873779,77.1917799399026
105911,Royal Bites 105,2,3.0,3.7,Good,181.0,28.47240099210438,76.97827329787688
105912,McDonald's,11,2.0,2.3,Average,126.0,26.83778151017606,75.81653273309632
105913,KFC,6,3.0,3.3,Good,66.0,13.071853694300195,77.60178814448236
105914,Burger King,2,1.0,3.3,Good,117.0,28.44567511047288,77.06760911751478
105915,Haldiram's,4,3.0,3.3,Good,51.0,28.379552085264727,77.34729883121702
105916,Kitchen Hub 479,1,1.0,3.4,Good,559.0,28.573077137517668,77.19985039166272
105917,Cafe Express 386,14,1.0,2.5,Average,567.0,51.5200613718154,-0.11342269584061343
105918,Subway,6,2.0,1.7,Poor,1068.0,12.981779902777012,77.60935142860265
105919,House Lounge 304,1,3.0,4.0,Very Good,373.0,28.574257957477176,77.23467097865132
105920,Cafe Corner 744,5,3.0,4.0,Very Good,142.0,19.027982043088716,72.92902455534279
105921,Cafe Express 49,1,3.0,5.0,Excellent,150.0,28.65083396955501,77.17083322484274
105922,Burger King,13,3.0,0.0,Not rated,166.0,25.181850240181017,55.20512881924793
105923,Spice Kitchen 442,1,1.0,3.5,Good,249.0,28.553664430528602,77.17220712393609
105924,Spice Point 463,6,1.0,1.7,Poor,105.0,12.9664227383619,77.61114735699256
105925,Cafe Coffee Day,1,,4.1,Very Good,159.0,28.59983958116407,77.22348155346025
105926,Tasty Studio 548,7,3.0,3.7,Good,878.0,18.58865104729451,73.83679155576738
105927,McDonald's,8,1.0,2.4,Average,88.0,17.36672353261305,78.47718797561271
105928,Bistro Studio 684,6,3.0,3.9,Good,1142.0,12.960812089080306,77.5653996058063
105929,Royal Kitchen 15,5,1.0,2.6,Average,200.0,19.083680966481204,72.87395170144622
105930,House Kitchen 900,10,1.0,3.2,Good,114.0,22.552619602183942,88.33961953763544
105931,Cafe Lounge 848,1,1.0,3.1,Good,66.0,28.6293334893145,77.26628830538415
105932,The Belgian Waffle Co,2,1.0,4.1,Very Good,182.0,28.423909480824236,77.07289934287071
105933,Haldiram's,1,3.0,4.6,Excellent,464.0,28.605524052978122,77.23433260589732
105934,Tasty Hub 587,14,1.0,2.6,Average,99.0,51.52163848701003,-0.12670626260738507
105935,Bistro Studio 804,2,1.0,3.7,Good,588.0,28.49931730919241,77.06647195597593
105936,Cafe Studio 240,7,1.0,3.2,Good,106.0,18.499883449343763,73.86015585459968
105937,Green Lounge 249,6,1.0,2.1,Average,122.0,12.950665563918355,77.6002411646772
105938,Grill Hub 557,1,1.0,2.5,Average,31.0,28.667843105412317,77.148520734174
105939,Kitchen House 30,1,1.0,4.5,Excellent,487.0,28.594586289804706,77.21812370175354
105940,Cafe Studio 983,1,3.0,3.6,Good,142.0,28.61191404793131,77.16380886060004
105941,Curry Restaurant 603,2,1.0,3.6,Good,1430.0,28.519446346841676,77.01250097471926
105942,House House 413,1,1.0,2.9,Average,411.0,28.616261007973975,77.21491379313811
105943,Urban Studio 490,1,2.0,2.8,Average,185.0,28.605228560702713,77.1775457600203
105944,Tasty Studio 242,10,1.0,0.0,Not rated,416.0,22.5665393988377,88.38065501771288
105945,Grill Hub 881,13,1.0,2.8,Average,276.0,25.178884179921255,55.307610569272
105946,Kitchen Corner 386,2,2.0,0.0,Not rated,317.0,28.475277415854677,76.99566661437493
105947,Urban Bites 861,2,1.0,2.3,Average,50.0,28.42715921136718,77.03070870663562
105948,Subway,1,2.0,3.7,Good,361.0,28.641147809583,77.16537383086234
105949,Kitchen Bites 164,6,2.0,0.0,Not rated,168.0,12.972132542915634,77.55375766847
105950,Burger King,9,3.0,3.4,Good,27.0,13.090941580161987,80.28155122256565
105951,House Express 16,1,4.0,3.8,Good,1365.0,28.6744395497186,77.2339702797647
105952,Grill Studio 960,1,1.0,3.2,Good,42.0,28.56318223316863,77.15617675041189
105953,Cafe Coffee Day,8,1.0,3.7,Good,40.0,17.38585476970884,78.5584030231579
105954,Royal Restaurant 75,5,1.0,2.3,Average,4.0,19.09833285989881,72.86030931924013
105955,Royal Kitchen 585,1,1.0,3.4,Good,343.0,28.592331822007235,77.21625906327085
105956,Biryani Blues,5,3.0,3.9,Good,27.0,19.10928906953886,72.85900589313219
105957,Curry Cafe 978,1,2.0,3.8,Good,108.0,28.59483598276235,77.19904619302321
105958,Biryani Blues,2,2.0,2.3,Average,425.0,28.469706807265066,77.07974213041216
105959,House Garden 241,8,2.0,3.4,Good,241.0,17.380677696870556,78.53939149529634
105960,Cafe Lounge 296,8,1.0,4.1,Very Good,101.0,17.39066247850276,78.42893456234923
105961,Spice Hub 130,2,2.0,3.1,Good,24.0,28.46208820554982,77.00687174797936
105962,Spice Express 818,12,3.0,3.7,Good,177.0,23.021381200819185,72.67467242230383
105963,Biryani Blues,2,2.0,3.7,Good,591.0,28.442928652672506,77.01144434927777
105964,Green Bites 862,8,1.0,2.3,Average,358.0,17.361735332381123,78.50149384506153
105965,Bistro Cafe 734,3,2.0,4.4,Very Good,2211.0,28.546559504153468,77.43077352844858
105966,Grill Garden 664,11,1.0,3.3,Good,82.0,26.91424471468946,75.81716378378823
105967,Biryani Blues,11,2.0,3.5,Good,37.0,26.888176573192762,75.68868554800976
105968,Bistro Cafe 525,1,2.0,2.1,Average,210.0,28.62591844569382,77.22068874045705
105969,Urban Bites 87,12,1.0,3.5,Good,253.0,23.006310633091296,72.63262578608929
105970,Curry Bites 559,9,2.0,3.5,Good,193.0,13.13714039987093,80.27172891763192
105971,Spice Restaurant 671,8,3.0,4.5,Excellent,95.0,,78.45025867766104
105972,Kitchen Hub 241,1,1.0,2.8,Average,6.0,28.662516639657607,77.17322602076347
105973,Tasty Studio 400,8,3.0,2.8,Average,47.0,17.43166635872064,78.47973258691123
105974,Grill Bites 192,9,2.0,2.8,Average,334.0,13.111195858286695,80.29433273836017
105975,Biryani Blues,1,2.0,2.9,Average,242.0,28.606555895694214,77.31013727282102
105976,Tasty Kitchen 987,12,3.0,0.0,Not rated,300.0,22.95603288661148,72.56125739814559
105977,Bistro Bites 680,1,2.0,4.0,Very Good,334.0,28.578024793162673,77.22866887730403
105978,Curry Cafe 545,1,3.0,4.3,Very Good,581.0,28.59021411839333,77.15493963597805
105979,Grill Hub 878,4,1.0,0.0,Not rated,234.0,28.451170799183277,77.25882657479892
105980,Tasty Lounge 510,5,1.0,2.7,Average,167.0,19.084964618014855,72.86030814754346
105981,Royal Hub 328,6,2.0,2.0,Average,144.0,12.948516679133505,77.61019033261645
105982,Green Studio 768,1,3.0,3.9,Good,5.0,28.54931847806728,77.20597859628359
105983,The Belgian Waffle Co,13,3.0,4.5,Excellent,106.0,25.285935142496445,55.272664110395226
105984,House Lounge 1,1,2.0,2.8,Average,77.0,28.632565974458704,77.19939280509492
105985,Royal Bites 641,1,2.0,0.0,Not rated,78.0,28.645697844169998,77.20802905212275
105986,Kitchen Corner 713,1,1.0,3.3,Good,58.0,28.595151879933674,77.19871571285564
105987,Spice Bites 917,5,4.0,4.7,Excellent,817.0,19.071148570526802,72.83046254164277
105988,Tasty House 746,12,1.0,3.1,Good,59.0,23.01046470908177,72.5191973244513
105989,House Studio 583,6,2.0,3.3,Good,738.0,12.973851785863653,77.64217905016966
105990,The Belgian Waffle Co,9,2.0,3.3,Good,55.0,13.147302550685016,80.24188723130897
105991,Cafe Coffee Day,1,2.0,2.3,Average,70.0,28.571750160896038,77.20058090283085
105992,Royal Restaurant 351,4,1.0,0.0,Not rated,38.0,28.407455754564584,77.35944824035722
105993,The Food Garden 187,3,4.0,3.1,Good,95.0,28.54813060859379,77.38156320623588
105994,Tasty Studio 608,3,2.0,3.9,Good,926.0,28.53141139544685,77.42171192352176
105995,Royal Express 847,1,3.0,3.2,Good,120.0,28.64873636969746,77.1779188328155
105996,The Food Hub 654,6,1.0,2.7,Average,111.0,12.910852445212376,77.64903854123077
105997,Royal Bites 546,3,2.0,2.8,Average,65.0,28.601431916522454,77.39894558828816
105998,The Food House 851,8,2.0,3.1,Good,128.0,17.337031827781146,78.48576048734125
105999,Green Lounge 984,3,2.0,4.3,Very Good,303.0,28.49594623156986,77.3852314692678
106000,Cafe Kitchen 349,1,3.0,3.3,Good,142.0,28.598169139031743,77.23577649829856
106001,The Food Kitchen 701,6,1.0,2.5,Average,129.0,12.948934491483591,77.60286803663298
106002,Kitchen Hub 546,1,1.0,3.0,Good,620.0,28.62875762097711,77.09709263537042
106003,Bistro Studio 183,10,2.0,4.3,Very Good,326.0,22.583404213988356,88.34821865774455
106004,Kitchen House 172,5,1.0,2.7,Average,38.0,19.079974494831905,72.8889692451156
106005,Royal House 969,1,4.0,2.8,Average,149.0,28.564274139870147,77.1751127448527
106006,Bistro Point 352,13,1.0,2.7,Average,83.0,25.19991916513268,55.25316546051601
106007,House Express 105,4,2.0,3.3,Good,356.0,28.409590639677738,77.3042196846993
106008,Haldiram's,1,1.0,3.4,Good,216.0,28.657029603864093,77.26482418784752
106009,Starbucks,5,2.0,3.9,Good,872.0,19.08298052424213,72.89862338516231
106010,Kitchen Corner 975,1,1.0,2.3,Average,59.0,28.627293010105838,77.22051654227391
106011,Grill Garden 980,8,1.0,2.4,Average,119.0,17.453687319699217,78.44589747482826
106012,Grill Express 17,9,1.0,2.8,Average,44.0,13.042096265467247,80.24673583911915
106013,Curry Bites 295,13,1.0,3.4,Good,180.0,25.191216232831078,55.3005591435049
106014,Green Corner 199,3,4.0,2.8,Average,24.0,28.495745254548925,77.41410370841675
106015,Cafe Kitchen 899,3,1.0,2.6,Average,238.0,28.591728178945697,77.34128175276116
106016,Grill Cafe 77,7,2.0,2.8,Average,155.0,18.579019528118813,73.90567923780188
106017,Urban Studio 614,1,4.0,4.2,Very Good,275.0,28.667398410685262,77.17887751041529
106018,Spice Point 535,4,3.0,3.7,Good,544.0,28.428058900713076,77.33034078285365
106019,Kitchen Cafe 242,4,4.0,4.2,Very Good,300.0,28.42221755979534,77.41347269998973
106020,Spice Kitchen 859,1,4.0,4.5,Excellent,49.0,28.59786854882959,77.1943567722714
106021,Tasty Garden 91,2,2.0,3.0,Good,86.0,28.486430163282304,77.0324636740925
106022,Curry Kitchen 335,10,2.0,2.4,Average,138.0,22.527752125959818,88.34434233814744
106023,Green Kitchen 222,10,1.0,2.2,Average,96.0,22.527632695392033,88.37003388637557
106024,Kitchen Cafe 908,1,1.0,1.8,Poor,103.0,28.5992044668599,77.25887941905125
106025,Burger King,1,3.0,3.1,Good,1351.0,28.679945035225387,77.20219098452903
106026,Grill Kitchen 244,1,2.0,3.0,Good,197.0,28.59592906387643,77.19869925136416
106027,Curry Express 47,10,2.0,3.7,Good,327.0,22.55935674355209,88.4025242550727
106028,Biryani Blues,1,2.0,3.2,Good,14.0,28.623972025882097,77.16478692343092
106029,Royal Restaurant 886,7,1.0,2.7,Average,414.0,18.551851457228977,73.85960913093045
106030,Urban Garden 974,1,3.0,3.3,Good,6574.0,28.657720725872387,77.18353071203902
106031,Urban Corner 795,5,2.0,2.5,Average,838.0,19.036786832119834,72.86937076288862
106032,Curry House 631,2,1.0,0.0,Not rated,51.0,28.456116380321205,76.99554287841138
106033,Urban Restaurant 606,8,3.0,2.9,Average,2949.0,17.392857973173026,78.43669156681507
106034,Grill Corner 620,1,1.0,2.3,Average,154.0,28.625266793621677,77.1317024977784
106035, Royal Studio 7 ,5,2.0,3.7,Good,298.0,19.106302774825608,72.86185468643833
106036,Royal Point 865,1,2.0,3.6,Good,142.0,28.642602939620723,77.2169781822772
106037,Grill Express 412,7,1.0,1.9,Poor,94.0,18.52129230772278,73.88516338491661
106038,McDonald's,10,3.0,4.0,Very Good,13.0,22.612933271257187,88.31715856576822
106039,Grill House 427,1,2.0,2.7,Average,436.0,28.647807476197325,77.21433062238185
106040,Pizza Hut,10,1.0,2.8,Average,114.0,22.60369336734724,88.38347391975782
106041,Cafe Lounge 426,5,1.0,3.1,Good,140.0,19.05749170149484,72.89030694063312
106042,Curry Lounge 453,1,3.0,3.8,Good,292.0,28.63885142203827,77.21802127711607
106043,Royal Hub 505,3,1.0,3.3,Good,110.0,28.57762486861731,77.31531848025467
106044,Grill Express 759,1,3.0,3.4,Good,264.0,28.595915260265585,77.20481420462185
106045,The Food Lounge 648,6,1.0,2.7,Average,733.0,12.976204563705867,77.59172025015015
106046,Cafe House 988,7,2.0,3.5,Good,322.0,18.57516611666976,73.8757883777493
106047,Kitchen Restaurant 862,1,3.0,3.3,Good,153.0,28.627777162500745,77.25756227957666
106048,Royal Lounge 132,3,1.0,4.2,Very Good,194.0,28.532425182749947,77.38193039645023
106049,Cafe Kitchen 991,9,2.0,3.6,Good,255.0,13.133856127239996,80.25862660520247
106050,Starbucks,12,2.0,2.6,Average,56.0,23.006032531383948,72.57596856483862
106051,Kitchen Corner 140,4,2.0,0.0,Not rated,116.0,28.349535602214456,77.31856235736849
106052,Spice Corner 44,12,2.0,3.2,Good,428.0,22.99522912924303,72.58653626990943
106053,Cafe Coffee Day,4,2.0,,Very Good,242.0,28.448660329019134,77.3363178337251
106054,Green Cafe 663,2,2.0,4.1,Very Good,130.0,28.47772427826334,77.02043595422043
106055,Urban Point 135,9,3.0,3.1,Good,124.0,13.085083902253205,80.2881733994016
106056,Urban Express 890,3,2.0,2.6,Average,360.0,28.57263953317785,77.38334294611028
106057,Green Corner 332,3,1.0,2.3,Average,37.0,28.541340051336967,77.34023428088052
106058,Spice Lounge 209,3,4.0,3.8,Good,74.0,28.52771817102708,77.35053232290593
106059,Tasty Lounge 756,9,1.0,4.5,Excellent,32.0,13.111929216661927,80.18897573749116
106060,KFC,9,1.0,3.4,Good,198.0,13.069329118440356,80.32889478952393
106061,The Food Lounge 538,2,1.0,2.0,Average,410.0,28.476658615907,77.07158391668038
106062,Tasty Cafe 635,2,1.0,2.5,Average,824.0,28.431684379254442,77.0628146198182
106063,Curry Hub 512,3,1.0,2.6,Average,1105.0,28.49859082817598,77.38342645670487
106064,Bistro Point 434,5,1.0,2.5,Average,65.0,19.045699539512658,72.9118836977452
106065,House Studio 737,1,1.0,2.7,Average,222.0,28.612987736957635,77.24042252921586
106066,House House 154,8,2.0,3.4,Good,115.0,17.36232166771836,78.4358039294557
106067,Royal Express 867,3,1.0,3.4,Good,1491.0,28.51380437529926,77.3634818357575
106068,Bistro Restaurant 172,2,1.0,3.7,Good,1036.0,28.454129543731078,77.04541196099682
106069,The Food Point 973,1,1.0,3.3,Good,229.0,28.61137228466442,77.19188180658378
106070,Grill Point 825,1,1.0,1.7,Poor,60.0,28.559613209339176,77.18424662045719
106071,Bistro Lounge 828,12,1.0,2.3,Average,2.0,22.93421518687358,72.60022658842355
106072,Bistro Hub 195,1,2.0,3.1,Good,29.0,28.62789888673966,77.1800091179588
106073,Royal Point 622,1,4.0,3.7,Good,20.0,28.618772741213075,77.29585608150062
106074,The Belgian Waffle Co,3,3.0,4.0,Very Good,35.0,28.487541776128502,77.446799533269
106075,Cafe Coffee Day,1,3.0,3.4,Good,1991.0,28.629169740349692,77.20152887644576
106076,Spice House 757,1,1.0,3.0,Good,34.0,28.629105824068414,77.25273622734102
106077,KFC,1,1.0,3.2,Good,48.0,28.603322563798468,77.21552869212101
106078,Tasty Garden 502,4,1.0,2.8,Average,52.0,28.4774778209239,77.30324586950677
106079,Starbucks,5,3.0,3.5,Good,5004.0,19.120422408073527,72.94693238028384
106080,Kitchen Corner 546,2,1.0,3.7,Good,187.0,28.44553250468298,77.04026645762161
106081,Barbeque Nation,3,2.0,0.0,Not rated,311.0,28.52218526271388,77.35969257973919
106082,Bistro Kitchen 682,13,1.0,0.0,Not rated,112.0,25.153774176614597,55.28690207395462
106083,Royal Express 492,2,1.0,3.0,Good,14.0,28.502365405105138,77.0853108849419
106084,The Food Restaurant 997,1,4.0,4.4,Very Good,1609.0,28.622538701852587,77.2090823349543
106085,House Garden 496,1,2.0,2.5,Average,257.0,28.642707134212163,77.2163349364455
106086,McDonald's,3,3.0,4.6,Excellent,212.0,28.460811698451863,77.38050942864632
106087,Spice Express 146,7,2.0,2.4,Average,1377.0,18.547613503197404,73.86901910647774
106088,Grill Bites 760,1,3.0,3.0,Good,112.0,28.596062364127864,77.17477734157309
106089,House Lounge 247,6,2.0,3.7,Good,169.0,12.992050651337852,77.56675670800925
106090,Tasty Corner 563,1,4.0,4.3,Very Good,150.0,28.632142849438875,77.19701788642013
106091,Bistro Studio 984,2,1.0,2.1,Average,548.0,28.45877738539994,77.03246892607365
106092,Barbeque Nation,8,2.0,2.5,Average,431.0,17.360593239857717,78.52563518692396
106093,Barbeque Nation,2,2.0,3.4,Good,269.0,28.473460156372614,77.02144922267549
106094,Green Studio 807,5,1.0,4.5,Excellent,65.0,19.04674310393195,72.90666062962924
106095,Green Cafe 672,1,3.0,4.2,Very Good,142.0,28.650670086512342,77.19359010870684
106096,Royal Corner 334,7,4.0,3.4,Good,51.0,18.495142271819155,73.87730448610935
106097, McDonald's ,1,2.0,1.6,Poor,545.0,28.614696022491653,77.25096441033993
106098,Cafe Cafe 220,9,1.0,3.1,Good,24.0,13.056597251107531,80.26666978733618
106099,Royal Kitchen 751,1,2.0,3.4,Good,1395.0,28.619455771652895,77.22129435440162
106100,Kitchen Bites 875,10,3.0,3.2,Good,910.0,22.536488378241483,88.3433781579485
106101,House Garden 242,2,2.0,2.6,Average,50.0,28.43117995982475,77.04712542692045
106102,Royal Point 919,7,1.0,3.1,Good,105.0,18.600708532802056,73.75864954731779
106103,The Belgian Waffle Co,1,2.0,2.6,Average,65.0,28.64344760477839,77.15209181008275
106104,Green Cafe 877,11,1.0,4.2,Very Good,388.0,26.925330729961498,75.807347987023
106105,Green Express 570,1,3.0,4.4,Very Good,1385.0,28.631894093788308,77.15174159415776
106106,The Food House 126,1,1.0,3.4,Good,837.0,28.62459742293477,77.19188710791379
106107,House Studio 755,3,2.0,3.3,Good,108.0,28.53238877887758,77.44011826170923
106108,Curry Point 166,1,3.0,3.0,Good,835.0,28.640385206424888,77.23923691103478
106109,The Food Point 965,1,1.0,3.0,Good,753.0,28.58495553563626,77.29282170917575
106110,Pizza Hut,12,1.0,4.1,Very Good,175.0,23.07834373606098,72.57403859719575
106111,The Food Cafe 831,13,1.0,3.6,Good,196.0,25.209011725033367,55.26790426067425
106112,Curry Cafe 733,2,1.0,3.1,Good,1223.0,28.487559684412172,77.02695506086575
106113,Royal Studio 619,11,1.0,3.6,Good,746.0,26.96746839014814,75.7549305870243
106114,Cafe Studio 3,4,,4.0,Very Good,1003.0,28.42609226145879,77.31033890507999
106115,McDonald's,1,3.0,3.7,Good,5144.0,28.585532910716772,77.16488155735263
106116,Royal Corner 340,6,3.0,4.0,Very Good,430.0,13.014284046698165,77.63565811997113
106117,Cafe Studio 778,6,3.0,3.7,Good,305.0,13.030966671380419,77.6204456870824
106118,Curry Restaurant 116,14,1.0,3.6,Good,1085.0,51.43927172429703,-0.1684167575439875
106119,Starbucks,1,1.0,3.1,Good,2136.0,28.61033441094119,77.18572368851076
106120,Kitchen Hub 594,6,1.0,2.8,Average,77.0,12.98180033924326,77.6082700951456
106121,Grill Point 134,1,3.0,3.0,Good,135.0,28.604658077512543,77.2184890263245
106122,The Belgian Waffle Co,1,2.0,2.8,Average,46.0,28.57029202290564,77.17226733807502
106123,Urban Hub 813,1,1.0,2.0,Average,214.0,28.582993125547386,77.21131376156112
106124,Bistro Restaurant 884,15,1.0,2.4,Average,463.0,1.287380654371047,103.83979591841513
106125,Subway,8,2.0,2.6,Average,48.0,17.418428803827968,78.50770077307754
106126,Domino's Pizza,8,2.0,2.9,Average,702.0,17.433074491456328,78.5456629601193
106127,Grill Studio 622,4,3.0,4.4,Very Good,134.0,28.4564869895463,77.3265521718647
106128,HOUSE STUDIO 532,1,1.0,2.9,Average,87.0,28.612865048758383,77.16557005603181
106129,Cafe Studio 358,1,3.0,3.6,Good,816.0,28.623417091756185,77.17174127563958
106130,Bistro Restaurant 740,1,1.0,3.2,Good,83.0,28.65134731197075,77.2529663231429
106131,Kitchen Bites 527,2,2.0,4.2,Very Good,39.0,28.45134899004276,77.08298287181591
106132,Green Bites 548,7,3.0,3.0,Good,441.0,18.487175141814387,73.85547955917812
106133,Spice Corner 207,4,3.0,3.3,Good,157.0,28.38892491024252,77.33118324809017
106134,Cafe Coffee Day,1,1.0,2.9,Average,761.0,28.620044175449713,77.21225696113805
106135,Burger King,1,1.0,3.7,Good,575.0,28.588922654054326,77.19856648529583
106136,Cafe Cafe 329,1,2.0,4.1,Very Good,24.0,28.630465391601668,77.15681301491746
106137,KFC,2,1.0,3.3,Good,963.0,28.412071376976037,77.04330456519308
106138,Royal Point 893,12,2.0,4.0,Very Good,2332.0,23.014007137602487,72.63376826792678
106139,Urban Corner 798,5,4.0,3.7,Good,739.0,19.09019423849537,72.88365756628185
106140,Biryani Blues,8,1.0,2.9,Average,652.0,17.389637909410354,78.47613168558058
106141,Starbucks,3,2.0,4.0,Very Good,159.0,28.50977074705333,77.37589129520568
106142,Bistro Express 680,2,1.0,3.3,Good,102.0,28.485226670718752,77.04399222136583
106143,Cafe Coffee Day,1,3.0,2.9,Average,222.0,28.623087123758623,77.24928869959828
106144,Cafe Coffee Day,10,4.0,4.2,Very Good,716.0,22.499485120579326,88.38254357800531
106145,Bistro Lounge 198,8,2.0,3.1,Good,544.0,17.40093611919577,78.42126165714065
106146,Subway,1,1.0,2.8,Average,96.0,28.59912308654382,77.26998311154802
106147,Cafe House 482,4,3.0,4.0,Very Good,110.0,28.390526230143607,77.3469642732644
106148,The Belgian Waffle Co,3,2.0,3.1,Good,27.0,28.506452603325755,77.38469623398213
106149,Urban Cafe 991,5,1.0,3.3,Good,417.0,19.040894040391702,72.85913896584965
106150,Burger King,12,3.0,3.8,Good,127.0,23.029730412954088,72.5557639934723
106151,McDonald's,5,4.0,3.1,Good,122.0,19.095110915150773,72.90789261439333
106152,Urban Point 162,4,2.0,3.5,Good,1685.0,28.414261032107888,77.24865856783444
106153,The Belgian Waffle Co,1,2.0,4.1,Very Good,468.0,28.647130872034143,77.22697975274959
106154,Curry House 478,1,1.0,2.4,Average,228.0,28.634249160949945,77.21881913107761
106155,Royal Corner 118,1,2.0,3.5,Good,548.0,28.543656327723287,77.2183305768826
106156,Bistro Bites 92,1,1.0,2.5,Average,921.0,28.581821802904777,77.16830244619356
106157,Burger King,7,1.0,3.7,Good,26.0,18.56199467275141,73.79705789913285
106158,Royal Hub 43,7,1.0,3.7,Good,100.0,18.475971575060324,73.93525354202222
106159,Starbucks,1,1.0,2.8,Average,124.0,28.518174019723332,77.21365266739959
106160,McDonald's,9,1.0,4.4,Very Good,69.0,13.146800751087222,80.33845845789651
106161,House Restaurant 948,1,2.0,3.9,Good,152.0,28.62428143856864,77.24061704906796
106162,Curry Point 203,1,2.0,3.7,Good,29.0,28.58999301198631,77.21293449523709
106163,Bistro Restaurant 220,1,2.0,3.6,Good,629.0,28.58420603127108,77.21711644891177
106164,Biryani Blues,2,1.0,3.6,Good,104.0,28.48152921554316,77.06441171230331
106165,Burger King,1,1.0,2.4,Average,196.0,28.630629925817576,77.25074772411038
106166,Grill Corner 677,3,3.0,3.5,Good,207.0,28.546952081898183,77.40765972570131
106167,The Belgian Waffle Co,2,2.0,3.4,Good,381.0,28.45289376640427,77.06484702109911
106168,The Food Lounge 107,14,4.0,3.3,Good,8.0,51.46257959246789,-0.0878882722890641
106169,Cafe Coffee Day,1,1.0,3.3,Good,326.0,28.612641231736127,77.220537688283
106170,KFC,1,2.0,4.0,Very Good,153.0,28.651180076048313,77.18786717690182
106171,Grill Bites 405,1,1.0,2.7,Average,271.0,28.59493171527299,77.22639937950295
106172,Royal Express 881,5,2.0,3.2,Good,41.0,19.09703740739788,72.85150977677348
106173,The Belgian Waffle Co,1,3.0,2.9,Average,285.0,28.599737905932688,77.19568602370651
106174,Royal Hub 611,9,4.0,2.4,Average,773.0,13.11074354491795,80.28461415859432
106175,Royal Corner 861,4,4.0,4.1,Very Good,281.0,28.37460187961213,77.31502712242387
106176,Green Restaurant 868,4,1.0,3.0,Good,71.0,28.409379066751118,77.36384360073697
106177,Kitchen Restaurant 390,5,2.0,3.2,Good,78.0,19.09197658170518,72.8545852822755
106178,Urban Restaurant 754,1,2.0,0.0,Not rated,184.0,28.590259231895867,77.13451530521432
106179,Green Restaurant 683,1,2.0,3.1,Good,362.0,28.62659146846525,77.2548512424859
106180,Kitchen Hub 798,1,1.0,3.7,Good,317.0,28.6128656894239,77.21066305397764
106181,Curry Corner 795,5,3.0,3.4,Good,181.0,19.07445455217947,72.8810272402604
106182,Barbeque Nation,1,3.0,3.4,Good,245.0,28.59017861747596,77.18140549969998
106183, Cafe Coffee Day ,1,1.0,3.1,Good,164.0,28.648806989656887,77.14307277809169
106184,Pizza Hut,13,1.0,2.2,Average,90.0,25.171720473825804,55.24214077195132
106185,Grill Express 397,1,1.0,3.4,Good,490.0,28.62369176592231,77.22895027050731
106186,Royal Point 867,8,2.0,2.4,Average,224.0,17.355277719393552,78.47965947874445
106187,KFC,8,1.0,2.4,Average,765.0,17.382684013323495,78.47506044802347
106188,Royal Corner 145,1,3.0,2.7,Average,658.0,28.636400196663335,77.14952409225499
106189,Spice House 127,1,2.0,3.1,Good,251.0,28.603790204232546,77.2723948599004
106190,Royal Studio 237,1,2.0,3.0,Good,366.0,28.506233135644397,77.20692465064687
106191,The Food Corner 171,6,2.0,3.2,Good,55.0,12.92453564074534,77.67656726118982
106192,Spice Studio 737,6,1.0,2.4,Average,138.0,12.896070072911037,77.60743709533257
106193,Urban House 437,8,3.0,4.1,Very Good,340.0,17.387376853806803,78.54098761533292
106194,Spice House 234,12,2.0,3.7,Good,28.0,23.02232456883313,72.54627733928358
106195,Cafe Coffee Day,6,4.0,3.5,Good,332.0,12.9593281568185,77.54159682631973
106196,Urban Express 328,1,2.0,2.9,Average,51.0,28.591974026412572,77.20247259813323
106197,Royal Bites 647,1,2.0,2.8,Average,57.0,28.62163961540241,77.22860036265158
106198,Green Restaurant 728,9,1.0,2.8,Average,85.0,13.032043830774667,80.2941013803587
106199,Spice Point 61,1,2.0,2.3,Average,143.0,28.647361965126734,77.22280836205725
106200,Biryani Blues,1,2.0,2.6,Average,30.0,28.616529200773726,77.28921201005163
106201,Tasty Studio 578,6,3.0,4.0,Very Good,633.0,12.938532164171782,77.60831407537079
106202,House Studio 378,2,3.0,0.0,Not rated,112.0,28.44485531839435,77.01574710995169
106203,The Food Cafe 67,11,1.0,4.1,Very Good,2460.0,26.907803321469302,75.77912582859285
106204,Cafe Bites 798,6,4.0,3.4,Good,276.0,12.923272445104583,77.56641368708914
106205,Kitchen Garden 436,1,4.0,3.4,Good,388.0,28.63738072974299,77.21926109233787
106206,Green Garden 492,12,1.0,2.7,Average,56.0,23.05629147901163,72.60925478565065
106207,Royal Garden 473,1,3.0,3.2,Good,41.0,28.618009482072974,77.25831435715597
106208,Urban Corner 569,2,1.0,2.6,Average,345.0,28.492419190958,77.01621108975007
106209,KFC,2,2.0,3.4,Good,48.0,28.552250300162665,77.0247500287274
106210,Grill Kitchen 40,1,1.0,3.0,Good,388.0,28.548156233282374,77.18654425813102
106211,Starbucks,3,4.0,3.3,Good,1570.0,28.537316720742467,77.42489110781227
106212,Grill Point 103,1,1.0,0.0,Not rated,293.0,28.566890881665987,77.16578971576584
106213,The Food Kitchen 501,2,2.0,4.4,Very Good,483.0,28.51412509803307,77.00133003946186
106214,Haldiram's,2,1.0,3.8,Good,290.0,28.46812081921126,76.88107931429103
106215,Domino's Pizza,8,1.0,3.4,Good,117.0,17.360566665229314,78.4454267262177
106216,Bistro Bites 376,8,2.0,3.7,Good,176.0,17.375887489802583,78.46601279335262
106217,Royal Cafe 32,1,1.0,4.2,Very Good,111.0,28.66067049181252,77.19112290366562
106218,Urban Express 722,2,2.0,3.7,Good,39.0,28.47532996394437,76.98127914871637
106219,KFC,2,4.0,3.2,Good,190.0,28.479762202636493,76.98705514711041
106220,Domino's Pizza,1,3.0,3.7,Good,811.0,28.66598277887671,77.25315494322864
106221,Urban Point 56,8,3.0,3.8,Good,41.0,17.418403004139606,78.45940256793317
106222,Green Express 82,6,1.0,0.0,Not rated,517.0,13.010940264852117,77.53127569689491
106223,The Food Express 994,1,,2.8,Average,763.0,28.609478246830875,77.17250044684455
106224,The Food Studio 308,2,2.0,3.9,Good,348.0,28.380614041563426,76.99056553667396
106225,Burger King,1,1.0,1.8,Poor,221.0,28.6175247211475,77.20653781053174
106226,Starbucks,5,4.0,2.8,Average,132.0,19.052743962296006,72.89028657235622
106227,Domino's Pizza,1,1.0,2.9,Average,179.0,28.641500472153986,77.16162465536001
106228,Royal Express 545,14,3.0,0.0,Not rated,50.0,51.44543885322569,-0.11728942068960717
106229,House Express 458,8,1.0,2.1,Average,148.0,17.413988235078467,78.53569087010166
106230,Tasty Cafe 260,2,3.0,3.3,Good,221.0,28.466098929851753,77.0621608943157
106231,Green Kitchen 575,5,1.0,3.7,Good,2133.0,19.088382925429254,72.89797279852772
106232,Subway,11,1.0,3.0,Good,353.0,26.93405664568565,75.80157028668779
106233,Green Cafe 413,5,2.0,3.8,Good,159.0,19.07500374877285,72.86660931127567
106234,Barbeque Nation,1,1.0,2.6,Average,140.0,28.602245390255106,77.25866063432696
106235,Tasty House 448,2,2.0,2.7,Average,66.0,28.499224202532726,77.04162338850603
106236,Urban Express 600,9,2.0,3.8,Good,104.0,13.10346058482354,80.24254674497725
106237,Subway,6,1.0,3.2,Good,568.0,12.995709418765987,77.58932316217683
106238,Bistro Studio 20,6,3.0,0.0,Not rated,48.0,12.968711638228315,77.57095050125376
106239,Cafe Coffee Day,10,2.0,0.0,Not rated,41.0,22.576433569658192,88.35903963724151
106240,Tasty Kitchen 319,11,2.0,4.2,Very Good,108.0,26.911936591982997,75.8298413539585
106241,House Cafe 26,11,2.0,2.6,Average,64.0,26.85135447652218,75.78113009604614
106242,Urban Corner 458,1,2.0,3.8,Good,849.0,28.565560623353687,77.18118914886276
106243,House Studio 128,4,1.0,2.7,Average,194.0,28.40458858177072,77.35422379679125
106244,Spice Corner 767,7,1.0,3.0,Good,122.0,18.454690144158096,73.9013784864208
106245,Cafe Point 557,7,2.0,3.4,Good,197.0,18.51654514117122,73.82921256968407
106246,Grill Kitchen 841,5,1.0,1.6,Poor,167.0,19.04470091318684,72.92949799521223
106247,Bistro Restaurant 647,1,1.0,2.0,Average,54.0,28.611240814537517,77.24268768222608
106248,Cafe Corner 323,8,2.0,3.3,Good,32.0,17.390950125941245,78.46738296281268
106249,Bistro Kitchen 325,7,2.0,2.7,Average,868.0,18.455362353638755,73.89936128453274
106250,Spice Garden 626,1,1.0,3.6,Good,683.0,28.62527768451396,77.16588364671973
106251,,3,1.0,2.0,Average,224.0,28.51976597468308,
106252,Cafe Studio 952,1,1.0,3.4,Good,600.0,28.532601802161366,77.17067699510399
106253,Cafe Lounge 505,2,1.0,2.1,Average,1563.0,28.443369186266786,76.99241780764473
106254,House Kitchen 204,1,1.0,2.8,Average,85.0,28.627188519561823,77.23878814598878
106255,Curry Bites 124,2,1.0,2.3,Average,36.0,28.445301169286516,77.02608736325544
106256,Tasty Cafe 570,5,4.0,4.8,Excellent,591.0,19.059667197835243,72.8388123213946
106257,Urban House 930,5,2.0,2.3,Average,23.0,19.08138529789461,72.85706383891232
106258,Urban Hub 222,6,1.0,2.9,Average,178.0,12.95482650106118,77.57133770389137
106259,Spice Studio 492,9,1.0,1.9,Poor,94.0,13.073349675286222,80.2794798274548
106260,Green Point 851,1,2.0,4.2,Very Good,526.0,28.56747386653333,77.2885591476719
106261,Pizza Hut,1,1.0,3.3,Good,101.0,28.595760049812323,77.21620083855717
106262,Green Restaurant 706,9,3.0,3.5,Good,871.0,13.148642776131274,80.28021761830102
106263,House Cafe 610,1,3.0,4.4,Very Good,93.0,28.620144537613,77.26294053522396
106264,Cafe Kitchen 626,13,2.0,3.3,Good,449.0,25.214219349993886,55.25180015735164
106265,Spice Kitchen 729,9,1.0,3.1,Good,77.0,13.0602064500653,80.31735077036993
106266,The Food Hub 905,3,3.0,3.5,Good,385.0,28.52168594977443,77.37614243197105
106267,House Hub 27,14,4.0,4.0,Very Good,61.0,51.49940302690397,-0.14040707441812383
106268,Domino's Pizza,1,2.0,2.9,Average,165.0,28.64449692563432,77.19746062999725
106269,Grill Hub 109,1,2.0,0.0,Not rated,469.0,28.65585968249826,77.20525445750343
106270,Domino's Pizza,5,1.0,3.5,Good,224.0,19.060097736699266,72.87157730352583
106271,House Bites 676,2,1.0,3.2,Good,798.0,28.45868034791063,77.03913894501112
106272,The Belgian Waffle Co,11,2.0,3.1,Good,172.0,26.904173835713678,75.77245001028903
106273,Urban Lounge 967,1,3.0,2.5,Average,82.0,28.640582730580764,77.21251591017092
106274,Urban Point 379,5,2.0,4.2,Very Good,281.0,19.092400535085282,72.82129215805024
106275,Cafe Cafe 526,5,3.0,3.0,Good,377.0,19.07285162755856,72.90508457300368
106276,Cafe Studio 923,6,1.0,3.6,Good,18.0,13.006937613823489,77.63422090290729
106277,KFC,1,1.0,3.1,Good,342.0,28.632033975392943,77.21675491990861
106278,Barbeque Nation,2,2.0,2.4,Average,47.0,28.432510633510542,77.05277493801917
106279,Bistro Lounge 516,9,1.0,3.8,Good,47.0,13.082987426192496,80.24138987307363
106280,The Food Bites 521,1,2.0,3.4,Good,372.0,28.6077217992438,77.2621153889751
106281,KFC,9,1.0,3.9,Good,1131.0,13.048124403181296,80.27735681758817
106282,Tasty Garden 312,5,3.0,3.3,Good,243.0,19.068114161170467,72.82152043074095
106283,Royal Kitchen 463,8,3.0,3.9,Good,39.0,17.42486806369451,78.52923858554497
106284,Kitchen Lounge 526,7,2.0,2.1,Average,61.0,18.558721931158644,73.8818206866747
106285,Green Cafe 451,1,1.0,2.7,Average,96.0,28.64586373900935,77.27450711792778
106286,Kitchen Studio 955,5,2.0,2.4,Average,195.0,19.10327003320905,72.93593553938267
106287,McDonald's,10,4.0,3.4,Good,173.0,22.57987941479908,88.4108635537209
106288,Domino's Pizza,3,2.0,3.5,Good,361.0,28.514452306238574,77.40758929208347
106289,Spice House 486,13,1.0,2.6,Average,556.0,25.22453150757226,55.2957559706967
106290,House Kitchen 849,3,1.0,3.6,Good,305.0,28.47787855668897,77.35324759532226
106291,Green House 577,1,1.0,2.4,Average,468.0,28.59038413055608,77.19930490541114
106292,Biryani Blues,2,1.0,3.6,Good,141.0,28.498166473359852,77.1310481880736
106293,House Bites 87,12,3.0,4.3,Very Good,14269.0,23.00527663218592,72.51093160428003
106294,Grill Studio 691,1,3.0,4.1,Very Good,442.0,28.63629916328813,77.21985845081203
106295,The Food Hub 615,10,1.0,2.8,Average,391.0,22.55989293604985,88.36251940824613
106296,Grill Lounge 155,10,1.0,1.6,Poor,1151.0,22.59185586549028,88.39376708973623
106297,Tasty Cafe 966,2,1.0,3.4,Good,212.0,28.405596770702765,77.03355157528968
106298,Curry Bites 651,1,3.0,3.3,Good,83.0,28.65841296058047,77.25150997914872
106299,Domino's Pizza,7,2.0,2.6,Average,816.0,18.481341565367757,73.85723011287621
106300,Green Restaurant 121,1,2.0,2.8,Average,918.0,28.566235739979952,77.2360992817885
106301,Urban Cafe 434,8,1.0,3.9,Good,257.0,17.427632137616648,78.49949892439452
106302,Burger King,3,2.0,2.5,Average,1407.0,28.535401331551192,77.38079353275106
106303,Haldiram's,3,1.0,3.3,Good,167.0,28.524781337892698,77.37580881737937
106304,Royal Studio 291,8,1.0,3.1,Good,570.0,17.439867611079702,78.53142513493088
106305,Bistro Lounge 572,2,2.0,3.0,Good,1157.0,28.485087857457117,77.0484731352765
106306,Starbucks,3,2.0,3.6,Good,224.0,28.519767468158705,77.42586707839676
106307,Urban Studio 595,2,1.0,4.1,Very Good,392.0,28.454796502919713,77.0705178218169
106308,House Bites 657,2,1.0,2.8,Average,600.0,28.497086897118706,77.00847746018728
106309,The Food Bites 47,4,1.0,2.8,Average,105.0,28.375174846731746,77.30832106860117
106310,Tasty Restaurant 656,8,1.0,3.4,Good,68.0,17.435520970168636,78.47477186356562
106311,Cafe House 393,2,2.0,3.8,Good,1099.0,28.443982427217318,77.0626895131065
106312,Bistro Garden 959,4,3.0,3.3,Good,272.0,28.378397866765017,77.32098058625596
106313,Spice Garden 464,6,1.0,2.8,Average,88.0,13.009641964893113,77.6010141136829
106314,ROYAL KITCHEN 455,1,1.0,1.6,Poor,143.0,28.639611198194807,77.17208390869865
106315,Haldiram's,1,1.0,2.5,Average,294.0,28.551719227388773,77.23784126800724
106316,Tasty Hub 164,12,2.0,2.5,Average,21.0,23.01876112315188,72.60140014389158
106317,Kitchen Cafe 779,7,1.0,3.4,Good,465.0,18.481718051580106,73.87633535621535
106318,House House 282,5,2.0,3.0,Good,290.0,19.103941845311862,72.88339844037228
106319,Royal Corner 515,6,1.0,2.8,Average,1319.0,13.031786474836109,77.63111360809934
106320,Green Garden 548,1,2.0,3.2,Good,138.0,28.6327201645164,77.20728468910413
106321,Bistro Lounge 234,5,3.0,2.8,Average,932.0,19.04941163165945,72.92738568443197
106322,Tasty Hub 265,4,3.0,4.4,Very Good,224.0,28.440047930005683,77.34282081521026
106323,Royal Lounge 456,4,4.0,0.0,Not rated,107.0,28.407137576722054,77.27362218309565
106324,Urban House 23,2,3.0,4.5,Excellent,344.0,28.456917530250102,77.02192572898268
106325,Urban Kitchen 308,1,3.0,3.8,Good,2842.0,28.596914685162947,77.22037265985547
106326,KFC,1,1.0,3.0,Good,36.0,28.617563965376476,77.18461775527321
106327,Bistro Point 367,12,1.0,4.0,Very Good,402.0,23.020015876228555,72.60918461013998
106328,Cafe Bites 835,2,1.0,2.6,Average,168.0,28.375353090943307,76.95743722270475
106329,Subway,3,2.0,2.6,Average,153.0,28.53640529551529,77.41913274513765
106330,Urban Point 219,1,3.0,3.0,Good,360.0,28.609083400508865,77.23316225175087
106331,Tasty Corner 350,1,1.0,3.3,Good,741.0,28.626038662850274,77.1394376916735
106332,Subway,7,2.0,2.7,Average,316.0,18.450164374129688,73.86032266006359
106333,Cafe Coffee Day,4,2.0,3.1,Good,833.0,28.426820096009113,77.30257592874545
106334,Grill Kitchen 411,4,3.0,2.4,Average,111.0,28.409901253103207,77.3674135433397
106335,Bistro Corner 932,1,2.0,3.5,Good,182.0,28.63122974148928,77.1796877554286
106336,Cafe Coffee Day,7,4.0,2.6,Average,45.0,18.463380551155613,73.88467108952385
106337,Curry Hub 269,1,1.0,0.0,Not rated,1073.0,28.57068481545841,77.24394122071848
106338,KFC,1,1.0,3.8,Good,164.0,28.5482754623887,77.19525923264824
106339,House Corner 894,3,2.0,4.0,Very Good,149.0,28.54062111003148,77.43642093992555
106340,Cafe Coffee Day,1,1.0,3.2,Good,388.0,28.601822554750566,77.19445669046466
106341,Cafe House 412,1,1.0,0.0,Not rated,359.0,28.608860142578347,77.25563890785818
106342,Curry Restaurant 496,6,2.0,2.9,Average,71.0,12.92286420211392,77.68575261503305
106343,Bistro Kitchen 791,6,2.0,2.7,Average,718.0,12.929255879652173,77.62715840065519
106344,Bistro Garden 609,9,2.0,3.0,Good,119.0,12.995336784642951,80.29212594482965
106345,Grill Bites 43,2,1.0,2.0,Average,835.0,28.412405829945804,77.01004101049223
106346,Bistro Corner 888,1,2.0,3.4,Good,96.0,28.59114873371047,77.27399687145699
106347,Grill Hub 100,1,1.0,3.0,Good,436.0,28.592957825167478,77.24008825026426
106348,Curry Garden 424,14,1.0,2.4,Average,160.0,51.505033130271215,-0.14391519498672864
106349,Urban Point 860,5,2.0,4.2,Very Good,55.0,19.102657049412446,72.9301690283529
106350,Royal House 642,6,1.0,3.4,Good,32.0,12.947485695211778,77.59844596979167
106351,The Food Lounge 433,1,1.0,3.4,Good,75.0,28.631007617951212,77.23268962523267
106352,Grill Cafe 825,4,2.0,2.9,Average,589.0,28.43613913545488,77.3034358892765
106353,Bistro Cafe 406,1,1.0,3.0,Good,15.0,28.65415133195804,77.17614946035485
106354,Grill Studio 320,5,4.0,4.0,Very Good,329.0,19.0931425177979,72.84666914619237
106355,Tasty Cafe 320,11,2.0,3.3,Good,253.0,26.914965068873443,75.77395152978174
106356,Urban Express 349,13,4.0,4.6,Excellent,30.0,25.166998697514053,
106357,Kitchen Bites 51,4,1.0,2.9,Average,62.0,28.41843784182343,77.30736683413815
106358,Biryani Blues,3,2.0,2.9,Average,62.0,28.52232991206918,77.36330469068916
106359,Biryani Blues,12,1.0,0.0,Not rated,96.0,23.070677071215556,72.53811109353292
106360,Spice Bites 800,6,3.0,2.6,Average,997.0,12.974794409516456,77.63892684768173
106361,Kitchen Point 714,1,1.0,3.6,Good,761.0,28.60830108777777,77.2047125164142
106362,Bistro Corner 360,3,1.0,2.2,Average,93.0,28.585057492045834,77.3224823154496
106363,Barbeque Nation,1,3.0,3.8,Good,73.0,28.59701686267338,77.20872894971022
106364,The Belgian Waffle Co,3,1.0,2.6,Average,22.0,28.53538813213021,77.37646144143089
106365,Green Cafe 551,3,1.0,3.3,Good,115.0,28.6058287265807,77.39815625231638
106366,Grill House 213,5,1.0,3.6,Good,64.0,19.085318242225675,72.85784714102617
106367,Green House 727,2,2.0,3.3,Good,177.0,28.498879849949354,77.07164065393032
106368,Urban Lounge 594,1,1.0,2.2,Average,146.0,28.666532653987982,77.20363129795437
106369,Kitchen Cafe 58,3,1.0,2.4,Average,84.0,28.516184785583224,77.38363604673017
106370,Spice Corner 26,9,1.0,2.5,Average,88.0,13.114507117707621,80.2596384478859
106371,House Cafe 309,6,2.0,2.0,Average,58.0,12.959953792222757,77.61117910631825
106372,The Food Lounge 995,2,2.0,3.9,Good,111.0,28.530897865844405,77.0404226462589
106373,Royal Corner 301,12,1.0,3.1,Good,1071.0,23.073026759763952,72.55772050727776
106374,Tasty Bites 886,11,1.0,2.3,Average,285.0,26.938415233561017,75.78813494135727
106375,Bistro Lounge 629,1,1.0,3.9,Good,412.0,28.650460919149307,77.20014451667821
106376,,1,1.0,2.5,Average,552.0,28.589554314967966,77.23873978371162
106377,Tasty Garden 166,7,1.0,3.2,Good,577.0,18.580514168789286,73.81159242240163
106378,Cafe Coffee Day,9,2.0,2.7,Average,967.0,13.051046658360663,80.25877874944891
106379,Kitchen Studio 775,13,2.0,0.0,Not rated,187.0,25.219046150641113,55.26395580037794
106380,Grill Corner 585,10,4.0,2.7,Average,210.0,22.547611395433997,88.41271387923925
106381,The Food Express 988,5,1.0,2.7,Average,77.0,19.1061135671,72.91883703923057
106382,Haldiram's,4,2.0,3.8,Good,74.0,28.469977585690827,77.33152538592603
106383,Spice House 134,1,2.0,3.4,Good,572.0,28.62970400366685,77.17419551919929
106384,Kitchen Garden 819,1,2.0,3.3,Good,161.0,28.624927852872098,77.21100345354513
106385,Tasty Hub 875,3,3.0,2.1,Average,26.0,28.53152337155541,77.45678765462118
106386,Tasty Express 718,5,1.0,3.8,Good,15.0,19.079516173545734,72.87249568818916
106387,Urban House 648,5,1.0,3.1,Good,2608.0,19.0642491615722,72.88220163660452
106388,Cafe Express 235,7,2.0,3.1,Good,51.0,18.57756721532088,73.86322437607241
106389,Spice Restaurant 955,1,1.0,3.7,Good,86.0,28.641689060947773,77.17925801386623
106390,Royal Hub 122,5,1.0,3.8,Good,964.0,19.063840713007902,72.84938586351886
106391,Cafe Coffee Day,1,1.0,3.8,Good,45.0,28.616013826128217,77.18064990873954
106392,Barbeque Nation,2,1.0,2.8,Average,323.0,28.561556162543067,77.0161604601132
106393,Curry Restaurant 673,7,2.0,,Average,1521.0,18.529925373751222,73.87217707941831
106394,Tasty Hub 783,6,1.0,3.6,Good,2791.0,13.022453294802023,77.600547759698
106395,Urban House 29,14,1.0,2.1,Average,81.0,51.487220450493886,-0.11004174267718533
106396,McDonald's,1,2.0,4.5,Excellent,238.0,28.630475889956404,77.284614376638
106397,Urban Kitchen 382,3,2.0,3.2,Good,110.0,28.513642506799915,77.4818200373809
106398,Grill Garden 547,2,4.0,2.9,Average,166.0,28.440764131978618,77.02988437161171
106399,House House 62,3,1.0,2.2,Average,740.0,28.563280971795308,77.4233116138415
106400,Haldiram's,10,4.0,2.8,Average,28.0,22.541254241454954,88.38696867255806
106401,Barbeque Nation,6,2.0,3.3,Good,418.0,12.929878685586592,77.6322929249336
106402,Tasty Studio 729,10,3.0,0.0,Not rated,70.0,22.596582955568003,88.4003592340346
106403,Grill Hub 201,1,1.0,2.2,Average,808.0,28.596813416453514,77.19051258907886
106404,Royal Cafe 610,10,2.0,3.0,Good,901.0,22.562799981414305,88.43324637663191
106405,Kitchen Studio 954,1,3.0,2.5,Average,93.0,28.550860958765835,77.26258843831128
106406,Spice Garden 457,10,3.0,3.8,Good,180.0,22.528174600420527,88.39773017466719
106407,Starbucks,2,1.0,3.0,Good,531.0,28.467223742379833,77.05059830606577
106408,The Food Hub 654,1,1.0,2.8,Average,569.0,28.605724797163322,77.22294400335514
106409,,4,2.0,0.0,Not rated,4.0,28.440721144500454,77.3249831396124
106410,McDonald's,12,3.0,3.2,Good,553.0,22.99100974533968,72.59896779504476
106411,Haldiram's,1,1.0,2.7,Average,1276.0,28.608087836590347,77.21788137440701
106412,Bistro Studio 351,2,2.0,3.4,Good,261.0,28.46112698007785,77.03982914894463
106413,Pizza Hut,10,2.0,3.3,Good,610.0,22.565455506145106,88.36472584634427
106414,Bistro House 888,2,3.0,3.9,Good,,28.480412790625117,77.02192738397783
106415,Spice Studio 568,1,2.0,2.9,Average,224.0,28.575897834119854,77.27605074822752
106416,House Hub 378,2,1.0,1.8,Poor,370.0,28.477430365226056,77.03397309475102
106417,Grill Hub 318,2,4.0,4.2,Very Good,230.0,28.499368721436024,77.01663629042069
106418,The Belgian Waffle Co,11,2.0,2.6,Average,149.0,26.883583332935643,75.79747960099203
106419,Green Lounge 333,8,2.0,2.5,Average,68.0,17.399023415397398,78.44880378623334
106420,Kitchen Garden 49,3,1.0,3.0,Good,216.0,28.548008213006547,77.42832484903961
106421,Burger King,14,2.0,3.4,Good,2011.0,51.52800754122753,-0.12297127326364947
106422,House Express 293,3,1.0,2.7,Average,52.0,28.53555218991402,77.3839399977944
106423,Kitchen Restaurant 150,1,1.0,2.6,Average,344.0,28.66354023186815,77.19835438847355
106424,Urban Kitchen 144,1,2.0,2.9,Average,254.0,28.687760062004337,77.15815005368208
106425,Royal Restaurant 459,3,2.0,4.1,Very Good,1401.0,28.557377951704343,77.45929390519744
106426,Grill Cafe 784,1,2.0,3.2,Good,1454.0,28.624886925630186,77.2203646453524
106427,Curry Bites 963,12,1.0,,Average,48.0,23.02298227298409,72.63919574596532
106428,Urban Studio 449,8,2.0,2.6,Average,77.0,17.339026137671013,78.48232210988793
106429,Tasty Point 249,1,1.0,2.8,Average,87.0,28.56394052133179,77.22963825421537
106430,House Bites 695,5,2.0,0.0,Not rated,49.0,19.03561121106851,72.90811947815506
106431,Curry Hub 32,7,1.0,3.3,Good,113.0,18.529700872908897,73.87854215706612
106432,Haldiram's,12,2.0,3.3,Good,287.0,23.015754455081183,72.56029310890152
106433,House Hub 840,10,3.0,2.9,Average,58.0,22.626049077674324,88.30660558505569
106434,Barbeque Nation,4,1.0,2.7,Average,67.0,28.321218459249195,77.40148074367738
106435,Spice Bites 556,8,1.0,3.5,Good,72.0,17.386425456627464,78.46580088496617
106436,KFC,5,2.0,2.5,Average,288.0,19.09116863210254,72.97116936998324
106437,Tasty Point 847,5,2.0,2.9,Average,157.0,19.107418928670153,72.86124328159029
106438,Pizza Hut,1,2.0,3.6,Good,146.0,28.61891631882364,77.26191761139701
106439,Green Corner 396,1,2.0,3.8,Good,72.0,28.626667834397793,77.23414069997503
106440,Green Express 737,4,1.0,2.9,Average,22.0,28.415061116221754,77.34454177735702
106441,Royal Garden 640,1,1.0,2.7,Average,1253.0,28.629291330089433,77.19167171695682
106442,Kitchen Point 903,1,1.0,2.1,Average,99.0,28.613225129658673,77.19943096247887
106443,Spice Restaurant 807,7,1.0,3.3,Good,5508.0,18.5944662487514,73.84762777910107
106444,Urban Lounge 71,1,2.0,4.1,Very Good,582.0,28.63412455849286,77.21861691033257
106445,Tasty Studio 486,5,1.0,4.7,Excellent,2491.0,19.082908631511863,72.87473426109624
106446,Grill Kitchen 863,4,3.0,3.7,Good,703.0,28.38306564290864,77.30356491971047
106447,Royal Garden 261,13,3.0,3.4,Good,231.0,25.192819756803264,55.2422565706204
106448,House Express 268,3,3.0,2.8,Average,78.0,28.588354212250557,77.36590541826892
106449,Spice Lounge 216,1,3.0,2.2,Average,43.0,28.526925844137004,77.22768099347337
106450,Kitchen Restaurant 68,5,1.0,3.1,Good,721.0,19.07798796403494,72.85313502391631
106451,Cafe Point 462,9,3.0,4.9,Excellent,368.0,13.081827699251747,80.23223344995732
106452,Grill Kitchen 16,15,1.0,3.8,Good,448.0,1.36960296860322,103.82473535477949
106453,House Restaurant 686,3,1.0,3.7,Good,562.0,28.544782539463487,77.31463095059853
106454,House Cafe 127,1,3.0,3.6,Good,310.0,28.666953386934612,77.20877608449138
106455,Barbeque Nation,11,1.0,3.2,Good,100.0,26.91583721509877,75.79005932158839
106456,Grill Bites 262,1,4.0,2.0,Average,495.0,28.61165621198932,77.22870141191149
106457,Bistro House 824,5,2.0,3.7,Good,158.0,19.109312676460686,72.88963856836492
106458,Cafe House 601,2,2.0,2.8,Average,186.0,28.513149089949916,76.98187300306326
106459,Royal Restaurant 614,1,1.0,2.5,Average,382.0,28.637939643044714,77.20248228942903
106460,Pizza Hut,2,2.0,3.0,Good,161.0,28.494904031290964,77.04944728421795
106461,Bistro Hub 858,1,1.0,2.8,Average,17.0,28.606290851869275,77.22363141128533
106462,The Food Studio 698,6,3.0,2.9,Average,625.0,12.97598916821487,77.56723453528085
106463,Burger King,12,1.0,3.0,Good,836.0,23.07450062257599,72.58595662159925
106464,KFC,1,2.0,2.8,Average,16.0,28.63233490110904,77.24102112381316
106465,Cafe Lounge 766,8,1.0,3.1,Good,48.0,17.376528954348302,78.45252953373263
106466,Bistro Garden 180,1,1.0,2.0,Average,1754.0,28.615039269417558,77.14039181914856
106467,Green Lounge 665,4,2.0,3.1,Good,237.0,28.44520029516066,77.37989221852426
106468,Barbeque Nation,1,1.0,2.3,Average,149.0,28.653317945361348,77.22003672199273
106469,Subway,12,2.0,2.8,Average,97.0,22.99302541004331,72.55539478598881
106470,KFC,8,1.0,3.1,Good,49.0,17.397690694626643,78.46949556467638
106471,KFC,6,1.0,2.0,Average,109.0,12.971325500510634,77.59973766881333
106472,House Lounge 512,9,2.0,2.7,Average,551.0,13.080406245316372,80.30713564436826
106473,McDonald's,6,1.0,3.4,Good,186.0,13.018160778265075,77.5417574152095
106474,Cafe Point 177,13,1.0,2.1,Average,306.0,25.19648616510371,55.25676694040617
106475,Grill Corner 729,7,3.0,4.6,Excellent,2251.0,18.50025480138537,73.91458885969841
106476,Green Hub 150,11,1.0,3.8,Good,100.0,26.883875304347104,75.8161616634537
106477,KFC,4,1.0,0.0,Not rated,131.0,28.4027908574078,77.34367577021942
106478,Subway,1,1.0,2.5,Average,547.0,28.588166380592767,77.22326937789826
106479,Domino's Pizza,4,1.0,3.1,Good,55.0,28.37863263831113,77.32866684467864
106480,Starbucks,1,2.0,0.0,Not rated,112.0,28.582751045601654,77.19261387136625
106481,Curry House 389,5,1.0,1.7,Poor,1358.0,19.046931005356264,72.85816242188527
106482,Domino's Pizza,3,3.0,3.1,Good,116.0,28.50887086638439,77.41921463566462
106483,House Cafe 688,5,1.0,2.9,Average,647.0,19.08996684525805,72.85881373526395
106484,House Studio 733,1,1.0,3.1,Good,149.0,28.54530061170875,77.21893414036282
106485,Spice Lounge 86,1,1.0,2.6,Average,1512.0,28.589338636320576,77.21431074219637
106486,Green Express 393,3,2.0,4.0,Very Good,27.0,28.531995453242462,77.46771606538695
106487,The Food Corner 940,12,4.0,2.6,Average,172.0,23.062701861706234,72.56578521962821
106488,Grill Garden 951,2,2.0,2.5,Average,24.0,28.45089255363232,77.06749621592883
106489,Green Bites 967,2,4.0,3.9,Good,88.0,28.454133682124105,77.05135567869824
106490,Haldiram's,7,1.0,2.2,Average,60.0,18.517321865360763,73.85259649894057
106491,Curry Garden 432,5,1.0,2.2,Average,104.0,19.01217093211778,72.83416044324838
106492,Grill Bites 142,1,1.0,3.1,Good,40.0,28.636968258532374,77.20714627546617
106493,Cafe Coffee Day,2,1.0,2.3,Average,136.0,28.481109754957398,77.05807327493615
106494,Cafe Express 853,1,1.0,2.9,Average,302.0,28.642407365575036,77.16613138469198
106495,Urban Corner 4,13,1.0,2.5,Average,22.0,25.292504681855988,55.30004983255374
106496,Domino's Pizza,1,1.0,2.4,Average,69.0,28.568451743895448,77.25600104046474
106497,Tasty Hub 4,2,1.0,1.6,Poor,3066.0,28.4074190667388,77.02996024744692
106498,The Food Express 976,1,1.0,3.1,Good,268.0,28.638605356010967,77.24097938454983
106499,Tasty Studio 855,1,1.0,2.2,Average,15.0,28.602087881458502,77.2139089069024
106500,Domino's Pizza,8,3.0,3.3,Good,32.0,17.350503011126207,78.50669835043243
106501,Spice House 444,1,1.0,2.7,Average,216.0,28.60401031362627,77.26127531000144
106502,House House 433,1,2.0,3.1,Good,201.0,28.59225797312179,77.15461084174144
106503,Urban Corner 927,3,2.0,3.1,Good,85.0,28.5958671973729,77.36421733875187
106504,Kitchen Garden 889,1,1.0,3.1,Good,2761.0,28.693063430640816,77.25277385032732
106505,KFC,1,1.0,0.0,Not rated,2376.0,28.55665535480298,77.25922922069564
106506,Green Garden 2,8,1.0,3.8,Good,149.0,17.33332079153567,78.4374225921921
106507,Grill Express 103,8,2.0,2.0,Average,416.0,17.358422119837886,78.54138062592325
106508,Cafe Garden 791,11,1.0,2.9,Average,540.0,,75.6972751204316
106509,Spice Lounge 630,10,1.0,3.5,Good,727.0,22.545465884365555,88.38579563315433
106510,Haldiram's,6,1.0,3.3,Good,83.0,12.964801803715977,77.60225779998673
106511,Tasty House 562,1,3.0,0.0,Not rated,1016.0,28.598260781974734,77.18334105752209
106512,Haldiram's,8,1.0,2.5,Average,143.0,17.337623559248666,78.46319588567258
106513,Haldiram's,9,2.0,2.5,Average,264.0,13.046761711569761,80.24848607022551
106514,Cafe Cafe 415,8,2.0,3.6,Good,199.0,17.439121859127336,78.47955466527537
106515,Biryani Blues,4,3.0,0.0,Not rated,75.0,28.396389311364285,77.38731123811071
106516,Spice Lounge 240,1,2.0,3.4,Good,269.0,28.59959791879309,77.2378086273116
106517,Grill Lounge 533,9,2.0,3.4,Good,43.0,13.02948469989604,80.32090414455243
106518,Cafe Kitchen 484,7,3.0,4.9,Excellent,22.0,18.504187414544354,73.84542729957904
106519,House Bites 657,14,2.0,3.4,Good,145.0,51.541031585034865,-0.11974093765799929
106520,Cafe Kitchen 373,1,1.0,2.5,Average,51.0,28.63474430174643,77.17149418770092
106521,Biryani Blues,1,1.0,2.1,Average,283.0,28.642288475429076,77.19925443477345
106522,Kitchen Studio 865,1,3.0,3.2,Good,313.0,28.57177410233733,77.18966251480275
106523,Barbeque Nation,8,3.0,3.3,Good,189.0,17.342313381080867,78.50380237284588
106524,Spice Restaurant 609,1,2.0,1.8,Poor,852.0,28.653570250276093,77.18426009635796
106525,Domino's Pizza,1,2.0,2.7,Average,161.0,28.64281959489537,77.17970972738114
106526,Royal House 903,15,2.0,3.4,Good,30.0,1.3430538033364525,103.83367228217358
106527,Kitchen Studio 870,1,1.0,2.7,Average,123.0,28.643756409395717,77.20712690615949
106528,Grill Cafe 573,9,2.0,3.8,Good,897.0,13.040595126971118,80.24618130795005
106529, Royal House 16 ,2,1.0,2.0,Average,13.0,28.415943616227086,76.99696745541077
106530,Urban Lounge 876,9,4.0,4.0,Very Good,192.0,13.026088859661986,80.24616955785723
106531,Biryani Blues,5,2.0,3.8,Good,426.0,19.088651465155127,72.90621150844146
106532,Royal Kitchen 803,11,2.0,3.8,Good,5717.0,26.919985125605333,75.80191348498269
106533,Kitchen Lounge 322,11,1.0,2.0,Average,632.0,26.894115421793668,75.76086880061882
106534,Urban Studio 499,1,1.0,3.2,Good,214.0,28.586586258663598,77.18396132126718
106535,Bistro Kitchen 688,1,1.0,2.6,Average,305.0,28.698409201135203,77.1688433344287
106536,Curry Garden 395,1,2.0,,Not rated,8.0,28.604830415224406,77.19523596070245
106537,Urban Kitchen 555,6,2.0,2.9,Average,45.0,13.02018234550869,77.59890339884622
106538,House Lounge 149,10,1.0,2.4,Average,344.0,22.56747780479427,88.33313705306455
106539,Cafe Restaurant 607,3,2.0,3.8,Good,254.0,28.517975055227396,77.46755597460304
106540,Royal House 273,5,3.0,0.0,Not rated,129.0,19.125583082843225,72.89953238522665
106541,McDonald's,1,1.0,2.3,Average,155.0,28.64154874421456,77.20787385598793
106542,Curry Express 525,8,2.0,2.7,Average,162.0,17.384156184195085,78.4896775418744
106543,Curry Corner 831,13,2.0,3.0,Good,198.0,25.24447999391134,55.222100839785746
106544,The Food Restaurant 749,1,2.0,3.2,Good,48.0,28.702110728066135,77.16703402845701
106545,Royal Kitchen 844,3,2.0,3.9,Good,159.0,28.509867632171723,77.4373012240047
106546,House Garden 382,1,2.0,3.6,Good,41.0,28.630410782636083,77.26622845902635
106547,Spice Express 446,5,4.0,3.6,Good,91.0,19.06167764426904,72.8001612999563
106548,Royal Corner 866,3,1.0,2.8,Average,743.0,28.502791064273108,77.40746344567327
106549,Royal Express 509,1,2.0,2.0,Average,111.0,28.580220662485935,77.25735734759495
106550,Bistro Cafe 19,3,1.0,3.8,Good,437.0,28.59123166011065,77.37903902649798
106551,Spice Kitchen 648,2,1.0,2.7,Average,188.0,28.395633378744275,77.07977702357447
106552,Bistro Express 420,4,1.0,4.0,Very Good,134.0,28.42667507754634,77.34465716493462
106553,Spice Studio 176,5,1.0,3.1,Good,50.0,19.047116492283294,72.89348185698151
106554,McDonald's,1,4.0,4.9,Excellent,160.0,28.67593732330488,77.20043696892539
106555,Curry Hub 516,7,4.0,,Very Good,272.0,18.5108423172873,73.85992384729389
106556, Haldiram's ,7,1.0,2.1,Average,295.0,18.50765973143512,73.84104051010479
106557,Bistro Garden 6,2,2.0,2.8,Average,194.0,28.5144328256573,77.03697600071116
106558,Barbeque Nation,1,2.0,3.1,Good,400.0,28.64458800288093,77.21784813768225
106559,Grill Hub 165,7,3.0,2.8,Average,24.0,18.53979794445269,73.84149993252633
106560,Bistro Studio 247,13,2.0,3.0,Good,514.0,25.233003418442703,55.20265379725753
106561,Burger King,1,1.0,0.0,Not rated,21.0,28.5759854243932,77.2021754166274
106562,Haldiram's,1,2.0,3.2,Good,622.0,28.639859962193835,77.17337443602183
106563,Kitchen Corner 494,1,2.0,3.4,Good,356.0,28.606933102503877,77.16976947061711
106564,Pizza Hut,5,2.0,2.5,Average,15.0,19.08863236447068,72.85355006500923
106565,House Restaurant 772,1,3.0,4.7,Excellent,636.0,28.630859352419147,77.23794088322674
106566,Urban Kitchen 589,2,3.0,3.4,Good,659.0,28.420632182087743,76.98771040677488
106567,Spice Cafe 183,6,2.0,2.7,Average,785.0,12.99238379085443,77.5635405724353
106568,Urban Bites 89,5,2.0,2.1,Average,54.0,19.069477494851004,72.90243708295107
106569,Tasty Kitchen 766,2,4.0,3.6,Good,248.0,28.41610274939081,76.99980236584467
106570,Bistro Express 233,2,1.0,2.8,Average,397.0,28.45437019677148,76.9871479998433
106571,Curry Corner 841,5,1.0,3.5,Good,488.0,19.076700878994032,72.90600927503438
106572,Green Corner 34,1,1.0,2.9,Average,284.0,28.63467711619438,77.20446870675951
106573,Tasty Cafe 322,1,3.0,2.6,Average,93.0,28.530309813676745,77.21128689746999
106574,Spice Studio 263,10,2.0,4.3,Very Good,797.0,22.586184768045683,88.35606462731602
106575,House Kitchen 899,1,1.0,3.3,Good,644.0,28.595984898010762,77.2238158013726
106576,The Food Lounge 729,6,4.0,3.4,Good,156.0,12.999945570624368,77.61859155365194
106577,The Food Point 831,11,2.0,3.3,Good,69.0,26.912334684880054,75.78299546989554
106578,Cafe Lounge 480,1,3.0,3.7,Good,81.0,28.602231647347576,77.15656487555405
106579,Grill Cafe 219,2,1.0,2.1,Average,786.0,28.45328748613033,77.03701184828368
106580,Tasty Express 135,5,2.0,3.3,Good,610.0,19.08766934097669,72.86579978135838
106581,The Food Studio 785,10,2.0,0.0,Not rated,87.0,22.6043768292685,88.39390496719635
106582,Starbucks,12,2.0,3.5,Good,151.0,22.991311104581374,72.5400536195106
106583,Biryani Blues,7,2.0,2.7,Average,17.0,18.50837190491987,73.84569618706307
106584,Grill Hub 486,1,,3.0,Good,156.0,28.665327111778655,77.1571346602226
106585,Cafe Coffee Day,6,1.0,4.1,Very Good,50.0,12.958961090734956,77.62201044391429
106586,Urban Point 924,2,3.0,4.2,Very Good,276.0,28.472353740578534,77.06948724272327
106587,Urban Corner 265,3,1.0,0.9,Poor,482.0,28.49230328218098,77.37392007854754
106588,Royal Express 794,1,1.0,3.8,Good,60.0,28.55389224480928,77.20220713652272
106589,Cafe House 228,1,1.0,3.0,Good,234.0,28.577492829723322,77.18066122991684
106590,Urban Studio 914,8,1.0,2.5,Average,543.0,17.360853778039385,78.46173609961639
106591,Bistro Express 449,3,1.0,2.3,Average,196.0,28.571896890741666,77.41527462474964
106592,Green Express 893,1,3.0,2.8,Average,86.0,28.65413341919406,77.19135469283792
106593,Tasty Lounge 62,2,2.0,2.8,Average,168.0,,77.04323024782533
106594,The Food Lounge 446,10,1.0,2.3,Average,494.0,22.553656420124785,88.36336694858794
106595,Burger King,7,2.0,2.3,Average,207.0,18.544822628896416,73.88296968117174
106596,Cafe Lounge 225,1,1.0,2.3,Average,148.0,28.610212640644907,77.19526605723672
106597,The Food Garden 954,1,1.0,3.2,Good,772.0,28.66655954630361,77.24698583534139
106598,Green Lounge 311,1,2.0,3.2,Good,346.0,28.637472532974595,77.27464077368822
106599,Kitchen Point 392,11,2.0,3.6,Good,44.0,26.903031021349893,75.7277877562526
106600,House Garden 416,5,3.0,3.4,Good,418.0,19.069746572010484,72.87447407343912
106601,Grill Corner 339,4,1.0,2.2,Average,478.0,28.40691235585883,77.3145526252014
106602,Curry Studio 950,5,2.0,3.5,Good,41.0,19.04639149111337,72.85265004685513
106603,Spice House 369,2,2.0,2.5,Average,9.0,28.49237249474773,77.04086277139515
106604,Kitchen Express 82,8,4.0,4.0,Very Good,59.0,17.410985008620955,78.52592090309966
106605,Tasty Hub 211,4,1.0,2.2,Average,128.0,28.424799476867832,77.24870932561132
106606, Bistro Corner 609 ,1,2.0,2.8,Average,588.0,28.622390114127494,77.13726105177366
106607,Pizza Hut,1,2.0,3.0,Good,57.0,28.578263077733844,77.26700999956778
106608,Kitchen Kitchen 44,4,4.0,4.0,Very Good,434.0,28.42654676196996,77.3094138919358
106609,Bistro Garden 749,12,1.0,3.1,Good,4.0,23.027018586543267,72.57453100015873
106610,Biryani Blues,1,2.0,0.0,Not rated,112.0,28.683979418324107,77.17160352356332
106611,Subway,10,1.0,4.2,Very Good,136.0,22.527334811572988,88.36545161161335
106612,KFC,8,2.0,0.0,Not rated,1240.0,17.359684661423877,78.53461064038392
106613,Curry Lounge 964,1,1.0,2.3,Average,14.0,28.5583674405009,77.2263748522867
106614,Cafe Bites 20,1,1.0,2.3,Average,146.0,28.606269307288155,77.21574605279852
106615,Cafe Coffee Day,1,2.0,2.0,Average,13.0,28.55296852212016,77.14705007199639
106616,Curry Bites 399,7,1.0,2.5,Average,78.0,18.5618925572659,73.88269423555633
106617,Starbucks,1,1.0,3.4,Good,22.0,28.652128305810457,77.20933554096719
106618,The Belgian Waffle Co,2,1.0,2.6,Average,2829.0,28.453912880756327,77.00532012074329
106619,Starbucks,3,1.0,2.8,Average,106.0,28.500019737411936,77.41348779771079
106620,Green Express 838,7,4.0,2.5,Average,119.0,18.467056410800424,73.8270250446593
106621,The Food Restaurant 964,1,2.0,2.7,Average,154.0,28.589264738487586,77.22862706462539
106622,McDonald's,2,3.0,3.1,Good,43.0,28.481387998031927,77.06919100558413
106623,Urban Bites 139,3,1.0,3.4,Good,711.0,28.507953155850352,77.39639750603239
106624,Pizza Hut,4,3.0,2.3,Average,332.0,28.475700166160234,77.30296018919547
106625,Cafe Express 893,9,2.0,2.9,Average,536.0,13.134874340396436,80.25067469849908
106626,Spice Hub 881,1,2.0,3.9,Good,46.0,28.613928838019156,77.22239398703083
106627,Bistro Corner 81,8,2.0,2.9,Average,704.0,17.368834611067935,78.4715790004265
106628,Kitchen Point 884,6,2.0,1.8,Poor,478.0,12.951678143508875,77.67742714659941
106629,ROYAL EXPRESS 990,5,2.0,4.0,Very Good,162.0,19.13194318661841,72.82817093059772
106630,House Bites 603,6,1.0,3.5,Good,595.0,12.948615663395495,77.59005832532453
106631,House Cafe 348,2,1.0,3.6,Good,279.0,28.492202913345665,77.03613999828035
106632,Cafe Coffee Day,1,2.0,2.1,Average,19.0,28.614662727457393,77.2143731060291
106633,Barbeque Nation,6,2.0,4.2,Very Good,180.0,12.996574677487347,77.57497363124513
106634,Barbeque Nation,4,1.0,2.5,Average,85.0,28.380186094795093,77.36092918898916
106635,Royal Studio 610,5,1.0,2.7,Average,181.0,19.06434784915674,72.90103985152251
106636,Kitchen Restaurant 761,2,2.0,0.0,Not rated,322.0,28.45865361181037,77.0524925419556
106637,Kitchen Bites 29,11,3.0,4.0,Very Good,27.0,26.89030216838153,75.76392259922676
106638,House Kitchen 50,5,1.0,2.9,Average,97.0,19.11972284592811,72.86360418975717
106639,Burger King,1,1.0,3.3,Good,66.0,28.58714921546169,77.22608873318387
106640,House Cafe 222,3,3.0,0.0,Not rated,34.0,28.515303875043642,77.35248231076172
106641,Bistro Corner 209,7,2.0,3.1,Good,63.0,18.56795450082698,73.87999481006078
106642,Cafe Kitchen 4,8,1.0,2.4,Average,166.0,17.425772453287845,78.48316673266996
106643,Royal Corner 900,3,3.0,4.6,Excellent,476.0,28.591079257031396,77.42826084647317
106644,Domino's Pizza,11,2.0,2.2,Average,225.0,26.84561043925729,75.77233331524852
106645,Bistro Garden 66,1,2.0,3.5,Good,245.0,28.620925296216466,77.27249620866145
106646,Cafe Coffee Day,2,4.0,3.8,Good,451.0,28.462659846362087,77.0409676068609
106647,Urban Point 670,11,4.0,4.4,Very Good,4644.0,26.892739349044398,75.80551511964568
106648,Cafe Cafe 914,11,1.0,3.9,Good,251.0,26.923756078645003,75.76306000417479
106649,Haldiram's,6,1.0,0.0,Not rated,322.0,12.960349539437722,77.60346691083338
106650,Green Express 703,10,1.0,3.3,Good,620.0,22.5782697293941,88.34467684037833
106651,Royal Corner 371,1,1.0,4.1,Very Good,2047.0,28.73296564467735,77.15508774888633
106652,Spice Corner 418,10,1.0,3.0,Good,350.0,22.583699576744497,88.35705210725489
106653,Cafe Cafe 14,1,1.0,2.3,Average,51.0,28.6264696059336,77.24969860620395
106654,Tasty Cafe 439,1,4.0,3.4,Good,278.0,28.642642676725554,77.20675578954841
106655,Grill Corner 76,1,3.0,2.6,Average,218.0,28.62022255858487,77.19870493210023
106656,Bistro Studio 489,2,2.0,3.4,Good,526.0,28.421068856334397,77.01584039424918
106657,Bistro Point 491,1,2.0,3.9,Good,71.0,28.556265089479986,77.28745540317594
106658,Bistro Bites 129,1,1.0,2.9,Average,829.0,28.612874812805433,77.23029477616595
106659,Green Bites 199,1,1.0,1.9,Poor,137.0,28.604481114006937,77.15334979203877
106660,The Food Garden 595,1,1.0,3.7,Good,580.0,28.545173927102642,77.1899899033843
106661,Kitchen Point 22,5,2.0,2.0,Average,205.0,19.1330287463068,72.86367139653699
106662,Barbeque Nation,3,1.0,2.0,Average,162.0,28.539245106517793,77.36575775263653
106663,Royal Express 336,2,3.0,3.3,Good,249.0,28.509880272413252,77.0288524827304
106664,McDonald's,7,2.0,3.4,Good,440.0,18.442284820056773,73.83661370316698
106665,Spice Kitchen 506,11,1.0,3.3,Good,2152.0,26.96344704695145,75.76935362477124
106666,Burger King,7,1.0,3.0,Good,13.0,18.503417822201733,73.86207315532691
106667,Royal House 189,2,2.0,4.3,Very Good,455.0,28.503570525864752,76.97267472343029
106668,Curry Lounge 261,7,3.0,3.4,Good,200.0,18.527920396583337,73.78141250977382
106669,Domino's Pizza,1,2.0,3.9,Good,170.0,28.62976397931719,77.25249876642064
106670,House Cafe 720,1,1.0,3.5,Good,10.0,28.629808096409743,77.23830300453301
106671,Green Point 316,2,2.0,0.0,Not rated,185.0,28.444620180566094,77.03951123008915
106672,Urban Kitchen 16,8,1.0,2.9,Average,145.0,17.36237198420957,78.49736339241278
106673,Spice Cafe 41,1,4.0,5.0,Excellent,95.0,28.60125939336771,77.20237616011805
106674,Tasty Bites 48,1,2.0,2.9,Average,179.0,28.562383177709524,77.3145588177087
106675,Spice Bites 783,1,2.0,2.8,Average,115.0,28.59707513937073,77.21575340641596
106676,Grill House 523,10,1.0,3.1,Good,20.0,22.548212299118973,88.45518337567634
106677,Spice Hub 908,5,2.0,2.9,Average,190.0,19.023643312656564,72.94989825624864
106678,Urban House 403,1,1.0,2.5,Average,322.0,28.629953319650177,77.2251577689021
106679,Royal Cafe 950,5,1.0,2.7,Average,82.0,19.076270110117648,72.87035038936953
106680,The Belgian Waffle Co,4,1.0,3.9,Good,294.0,28.4175114813161,77.31836040054836
106681,Curry Express 773,6,3.0,3.3,Good,212.0,12.996010777701162,77.5805710512082
106682,Cafe Lounge 809,1,2.0,2.3,Average,551.0,28.60557489799725,77.22513506728743
106683,Curry Express 878,10,1.0,2.0,Average,122.0,22.539744925534848,88.3874828185097
106684,Royal Kitchen 176,1,3.0,4.8,Excellent,704.0,28.624537970815762,77.16615338461762
106685,Cafe House 320,6,1.0,2.9,Average,115.0,12.869323118683571,77.68610632106578
106686,Domino's Pizza,1,1.0,3.3,Good,2175.0,28.61011667179795,77.18166561162106
106687,Subway,2,1.0,2.5,Average,90.0,28.486280901818045,76.93257879697656
106688,Royal Corner 906,2,2.0,3.4,Good,80.0,28.496142384184335,77.02373707780218
106689,Curry Express 363,4,2.0,4.1,Very Good,195.0,28.3903694871993,77.2776045750852
106690,Urban Garden 474,1,2.0,2.8,Average,67.0,28.535451446890175,77.20713001678719
106691,Spice Restaurant 611,8,2.0,3.5,Good,40.0,17.292835694899114,78.48918237977333
106692,Barbeque Nation,1,1.0,2.1,Average,354.0,28.636231823741024,77.22458485185315
106693,Pizza Hut,6,3.0,4.7,Excellent,5.0,12.95921059279127,77.62980492310358
106694,Green Restaurant 770,8,1.0,3.2,Good,74.0,17.455605467635618,78.45143838440725
106695,Royal Point 442,5,3.0,0.0,Not rated,16.0,19.026611372777957,72.86498324244768
106696,Royal Kitchen 663,7,2.0,3.0,Good,208.0,18.532381756616385,73.88044913579138
106697,Bistro Bites 176,6,2.0,2.9,Average,11.0,13.02978230723419,77.57159053614969
106698,Haldiram's,2,2.0,2.9,Average,337.0,28.466726167542202,76.96089114134877
106699,Grill Cafe 932,8,2.0,1.6,Poor,290.0,17.32928226829081,78.50837877632522
106700,Spice Bites 375,1,1.0,2.9,Average,22.0,28.710941394908698,77.18921613378546
106701,Tasty Kitchen 792,5,3.0,3.3,Good,236.0,19.131320560996617,72.8555865641525
106702,Burger King,7,1.0,3.3,Good,354.0,18.512446389443788,73.86090230818746
106703,Pizza Hut,2,1.0,2.7,Average,528.0,28.48816339271428,77.02674483992928
106704,Grill Kitchen 748,1,2.0,2.7,Average,25.0,28.642938140602414,77.24390268649874
106705,Kitchen Cafe 768,3,2.0,3.2,Good,24.0,28.55796198797031,77.34728307006951
106706,Curry Hub 721,9,1.0,2.0,Average,914.0,13.034338932885444,80.34987537035069
106707,Tasty Lounge 530,12,3.0,3.5,Good,69.0,23.033845516739188,72.52190506586912
106708,Domino's Pizza,4,4.0,2.4,Average,78.0,28.460025049555732,77.30422877992133
106709,Kitchen Point 491,6,2.0,3.9,Good,468.0,12.989258452551276,77.56420167076291
106710,Bistro Cafe 879,11,2.0,3.6,Good,46.0,26.926300285080767,75.78924390852193
106711,Haldiram's,1,2.0,2.6,Average,114.0,28.595111147079805,77.20965709438441
106712,Cafe Hub 521,1,1.0,3.4,Good,579.0,28.582260746532032,77.21482284831657
106713,Curry Hub 823,6,2.0,3.3,Good,31.0,12.916561891478468,77.60374655297467
106714,Kitchen Garden 888,9,3.0,2.7,Average,87.0,13.10921126092747,80.31642389293702
106715,KFC,10,4.0,2.3,Average,36.0,22.564869048324656,88.36938245630274
106716,Royal Hub 740,2,3.0,3.6,Good,75.0,28.412551713595885,77.07519261019378
106717,Royal Corner 56,1,1.0,2.5,Average,686.0,28.64807430332775,77.14773609963348
106718,Subway,3,1.0,3.7,Good,1176.0,28.514958112216338,77.31454811388636
106719,Grill Hub 641,1,1.0,3.0,Good,240.0,28.583874728491548,77.21344624303251
106720,Green Hub 679,1,1.0,2.5,Average,303.0,28.596531319520142,77.22044486411565
106721,Spice Garden 91,8,1.0,4.2,Very Good,426.0,17.378241875905612,78.46801495137849
106722,,1,1.0,3.4,Good,82.0,28.629930772468022,77.20864518845707
106723,McDonald's,9,2.0,0.8,Poor,144.0,13.052064024315374,80.30833651889289
106724,Grill Restaurant 113,3,2.0,2.9,Average,33.0,28.570863085642262,77.41446213020573
106725,Pizza Hut,5,2.0,2.3,Average,45.0,19.092948035593857,72.86615124452281
106726,Bistro Point 718,1,3.0,2.9,Average,152.0,28.595886803891432,77.21592543529042
106727,McDonald's,2,1.0,2.9,Average,45.0,28.453907356629937,77.05316093632999
106728,Bistro Corner 131,1,1.0,3.2,Good,37.0,28.599107916956786,77.16596582717284
106729,Subway,13,3.0,3.6,Good,81.0,25.20710526550925,55.24262556433286
106730,The Food Restaurant 713,8,2.0,3.9,Good,889.0,17.438195588825327,78.5190173999042
106731,McDonald's,3,2.0,3.6,Good,1391.0,28.520347228851012,77.33046171325678
106732,Barbeque Nation,1,1.0,3.4,Good,182.0,28.620531303762753,77.17083784809137
106733,Royal Restaurant 897,12,1.0,3.1,Good,368.0,22.99804960296899,72.52893217425377
106734,Pizza Hut,2,2.0,4.0,Very Good,107.0,28.478118426547102,77.05872432277111
106735,Spice Hub 516,1,3.0,3.2,Good,13.0,28.623574232873107,77.17103074575061
106736,Pizza Hut,5,3.0,3.2,Good,59.0,19.122536622603665,72.90541624912584
106737,Tasty Garden 406,12,2.0,2.0,Average,95.0,22.993478340001772,72.55903383757371
106738,The Belgian Waffle Co,1,2.0,3.9,Good,253.0,28.638070136233242,77.27125469193979
106739,Spice Express 733,1,3.0,3.3,Good,163.0,28.658142924332896,77.21349142005509
106740,Green Studio 468,12,2.0,5.0,Excellent,190.0,23.007183379248808,72.60874295988903
106741,Tasty Cafe 99,1,2.0,,Average,83.0,28.609456624030276,77.22511256597592
106742,Green Hub 787,1,3.0,3.5,Good,298.0,28.620575834669513,77.1932208906378
106743,Domino's Pizza,5,3.0,3.8,Good,37.0,19.067719746642943,72.87726092523089
106744,Cafe Kitchen 426,10,3.0,2.7,Average,444.0,22.578806171862862,88.36419324167281
106745,House Restaurant 76,3,1.0,3.2,Good,87.0,28.559070268029412,77.37483525263619
106746,Tasty Cafe 42,14,2.0,3.2,Good,2411.0,51.5034108377101,-0.09672322598446995
106747,Royal Cafe 768,6,3.0,3.2,Good,122.0,12.967337042111728,77.68247122965718
106748,Green Kitchen 967,1,1.0,3.8,Good,113.0,28.623233162723842,77.21305485897442
106749,The Food Point 863,14,3.0,2.8,Average,82.0,51.49342910592174,-0.10271860787898832
106750,Grill Garden 69,2,1.0,3.2,Good,101.0,28.4472600358218,77.0451081221756
106751,Tasty Hub 155,1,3.0,4.3,Very Good,495.0,28.582439889920135,77.11764809725291
106752,Green Kitchen 430,5,2.0,2.7,Average,154.0,19.074525049159806,72.89490486815318
106753,Grill Corner 376,1,1.0,2.8,Average,572.0,28.629571244859253,77.22445327263813
106754,Kitchen House 862,1,2.0,4.7,Excellent,452.0,28.60448019311505,77.16529948905578
106755,Tasty Studio 977,1,2.0,3.5,Good,202.0,28.586827113284976,77.14640217596295
106756,Spice House 240,3,2.0,2.9,Average,271.0,28.53213241615514,77.4059502043735
106757,Royal Kitchen 585,9,1.0,3.5,Good,867.0,13.09659807452376,80.32828502201625
106758,Tasty Express 371,5,3.0,3.0,Good,395.0,19.080478925163952,72.86477339647895
106759,Biryani Blues,15,2.0,2.2,Average,207.0,1.4301342490330298,103.80819171732617
106760,The Food Garden 672,1,2.0,0.0,Not rated,152.0,28.590925443136925,77.2897908351052
106761,Burger King,1,1.0,2.3,Average,35.0,28.608638908557403,77.24035961081742
106762,Green Bites 314,1,3.0,5.0,Excellent,6731.0,28.64117541128699,77.16650069044339
106763,Green Restaurant 231,1,1.0,2.7,Average,315.0,28.589586205219305,77.1840448482355
106764,Kitchen Corner 310,1,2.0,4.6,Excellent,542.0,28.681387660713668,77.2852747338654
106765,Tasty Hub 465,8,3.0,0.0,Not rated,86.0,17.38516156245911,78.46349388353028
106766,McDonald's,11,1.0,3.7,Good,11.0,26.932040032571994,75.76863681071517
106767,Tasty Kitchen 91,13,2.0,3.5,Good,139.0,25.205465477250755,55.29427228398905
106768,Royal Garden 222,1,1.0,3.5,Good,213.0,28.649552328066914,77.19977679575835
106769,House Hub 942,10,2.0,3.8,Good,74.0,22.535400442522818,88.37941989792213
106770,Kitchen Bites 569,2,2.0,2.9,Average,60.0,28.514514663469424,77.0366756796271
106771,The Food Bites 155,1,3.0,2.5,Average,102.0,28.622010158174074,77.20392005358542
106772,Haldiram's,10,3.0,0.0,Not rated,236.0,22.595646060690836,88.40622716592749
106773,House Corner 547,5,2.0,0.0,Not rated,432.0,19.050156863826956,72.83306523966755
106774,Cafe Bites 633,1,2.0,2.9,Average,210.0,28.625703505481166,77.2131123967893
106775,Biryani Blues,3,2.0,3.4,Good,93.0,28.501620351336584,77.37069173936258
106776,Royal Bites 246,1,1.0,0.0,Not rated,57.0,28.655047555072496,77.26646908178583
106777,Bistro Kitchen 674,7,2.0,2.6,Average,180.0,18.475256705365627,73.85059409997278
106778,House House 270,3,3.0,3.7,Good,266.0,28.54089606962366,77.45829098910961
106779,Haldiram's,14,1.0,2.8,Average,287.0,51.49380508596959,-0.14256127207393424
106780,Green Hub 738,1,1.0,2.5,Average,90.0,28.55920802393673,77.21282002659959
106781,The Food Studio 998,2,1.0,0.0,Not rated,174.0,28.426762444444876,77.06468366809801
106782,Kitchen Bites 59,3,1.0,2.5,Average,273.0,28.551235780437455,77.35755517963409
106783,Green Point 252,3,1.0,2.7,Average,99.0,28.50412050507895,77.44381846493013
106784,Green Corner 829,1,2.0,0.0,Not rated,10.0,28.590479030219953,77.20991409519296
106785,Urban Kitchen 724,7,2.0,4.1,Very Good,73.0,18.533467060049407,73.8711046289726
106786,House Lounge 512,10,2.0,0.0,Not rated,638.0,22.604619453068207,88.38301071812936
106787,Kitchen Restaurant 274,12,1.0,3.3,Good,22.0,23.04562717823491,72.5687380785325
106788,Curry Restaurant 400,8,2.0,3.0,Good,904.0,17.383369804157446,78.45835706596041
106789,Cafe Bites 276,9,3.0,3.3,Good,21.0,13.090317367244166,80.27399810415831
106790,Curry House 601,5,4.0,0.0,Not rated,34.0,19.080156101265022,72.80730438764463
106791,Bistro Garden 740,9,2.0,3.4,Good,119.0,13.046427540820853,80.22482619495281
106792,House Express 970,1,1.0,2.8,Average,1546.0,28.62368036817498,77.20409640520039
106793,Subway,2,4.0,4.5,Excellent,250.0,28.422915915820376,77.08075732366466
106794,Cafe Studio 878,1,2.0,3.0,Good,133.0,28.63539966494695,77.26209765851188
106795,Tasty Restaurant 609,3,1.0,1.9,Poor,42.0,28.540229747415633,77.42528131819444
106796,Tasty Kitchen 442,1,1.0,4.8,Excellent,496.0,28.53815299761276,77.15513296733477
106797,Cafe Coffee Day,13,1.0,2.8,Average,87.0,25.239069101210617,55.281326698709606
106798,McDonald's,1,1.0,3.9,Good,159.0,28.59562888896533,77.178878815284
106799, Kitchen Corner 549 ,1,1.0,3.9,Good,135.0,28.592731859988355,77.20664764660901
106800,Spice Cafe 341,4,3.0,4.0,Very Good,533.0,28.442356623979475,77.35120761509232
106801,Cafe Garden 521,1,2.0,3.1,Good,461.0,28.608185830644004,77.23202587888511
106802,Pizza Hut,1,2.0,3.4,Good,62.0,28.634809426047287,77.25391130657415
106803,Burger King,1,3.0,2.6,Average,72.0,28.591032552387656,77.15967722543408
106804,Kitchen Express 590,3,3.0,4.7,Excellent,102.0,28.56362842373728,77.35520109673932
106805,The Food Studio 187,3,3.0,2.8,Average,209.0,28.542402012589747,77.44372521639028
106806,Subway,8,4.0,3.4,Good,590.0,17.39917208314029,78.53996248537979
106807,Cafe Coffee Day,7,1.0,3.1,Good,227.0,18.514151673370733,73.85613358830857
106808,Pizza Hut,2,4.0,3.5,Good,12.0,28.516541947684498,77.02578213390169
106809,Cafe Kitchen 273,2,2.0,2.8,Average,430.0,28.524965512256458,77.06764836552118
106810,KFC,1,1.0,3.9,Good,39.0,28.536769897524415,77.22762459948868
106811,The Food Corner 684,8,2.0,3.8,Good,84.0,17.417422450959794,78.50792176271837
106812,House Lounge 598,1,2.0,3.4,Good,243.0,28.576109077588892,77.17663146510174
106813,McDonald's,1,3.0,3.1,Good,160.0,28.63173868952254,77.24922763610317
106814,Urban Garden 796,8,1.0,3.7,Good,604.0,17.322781337177343,78.47971187319885
106815,The Food Point 736,3,2.0,2.9,Average,79.0,28.549613337752472,77.34226756222861
106816,CURRY CAFE 423,1,1.0,4.0,Very Good,64.0,28.584631686079042,77.18165292973613
106817,Barbeque Nation,1,1.0,0.0,Not rated,60.0,28.59784126330434,77.18810218815842
106818,The Belgian Waffle Co,12,1.0,3.8,Good,704.0,23.007376703888607,72.6231305299507
106819,Spice Lounge 662,10,2.0,3.1,Good,391.0,22.546890724781395,88.33951788198844
106820,Urban Studio 963,6,3.0,3.4,Good,212.0,12.946840702430663,77.60806412959859
106821,Kitchen Hub 146,3,1.0,3.8,Good,1089.0,28.521569504455325,77.31714111028167
106822,Urban Express 748,4,2.0,4.6,Excellent,1035.0,28.40351240834705,77.3505881483421
106823,Urban Lounge 288,13,1.0,0.0,Not rated,241.0,25.216109615499388,55.24309450139417
106824,Green Express 836,13,1.0,3.6,Good,45.0,25.269924818361858,55.28447875682422
106825,The Food Restaurant 918,1,2.0,3.6,Good,529.0,28.58075934449496,77.22266511266209
106826,Haldiram's,8,1.0,2.7,Average,126.0,17.389434804096506,78.50885457753773
106827,The Food Garden 865,1,2.0,3.4,Good,116.0,28.640942834823434,77.2206307201312
106828,House Studio 50,1,1.0,2.4,Average,65.0,28.589088781667463,77.2760085284751
106829,Subway,6,1.0,3.2,Good,146.0,12.892595550041163,77.60190579011051
106830,Royal Bites 957,2,2.0,3.5,Good,88.0,28.392675272976003,77.10529854450283
106831,Spice Restaurant 542,12,2.0,0.0,Not rated,111.0,22.944782861456734,72.59372064843099
106832,Kitchen Restaurant 841,1,1.0,0.0,Not rated,72.0,28.667804090964207,77.21861496205345
106833,Barbeque Nation,4,2.0,3.5,Good,256.0,28.43039543517217,77.34900286001339
106834,Royal Cafe 441,11,3.0,3.3,Good,371.0,26.938859137629073,75.7941852820346
106835,Kitchen House 193,11,2.0,3.4,Good,131.0,26.94674928253038,75.80302055444234
106836,Domino's Pizza,1,1.0,2.1,Average,56.0,28.59375852525958,77.22115526419695
106837,Domino's Pizza,2,2.0,2.7,Average,13.0,28.54010656443303,77.0352629698823
106838,Spice Bites 718,5,2.0,0.0,Not rated,235.0,19.08774133075772,72.95184823495408
106839,Royal Studio 955,1,1.0,3.0,Good,192.0,28.611352961909898,77.2885330562991
106840,Spice Express 334,13,3.0,3.6,Good,159.0,25.2436500635109,55.2822461150968
106841,House Corner 38,11,3.0,3.0,Good,753.0,26.93575549556131,75.83138106386842
106842,McDonald's,1,3.0,3.4,Good,37.0,28.660626607543172,77.25103321541657
106843,House Hub 747,1,3.0,1.9,Poor,146.0,28.66268416356446,77.24724635277221
106844,Cafe Coffee Day,1,2.0,3.7,Good,60.0,28.60153637099754,77.2280768033617
106845,Barbeque Nation,11,2.0,4.4,Very Good,538.0,26.91894586873163,75.81051896874183
106846,Green Kitchen 436,1,2.0,2.5,Average,9.0,28.582078162162556,77.22899238646211
106847,Cafe Coffee Day,2,3.0,2.8,Average,455.0,28.402510123984147,77.00145063299426
106848,Biryani Blues,3,2.0,3.5,Good,504.0,28.564787902633313,77.38871403272137
106849,Urban Point 782,5,1.0,4.0,Very Good,68.0,19.10949625523843,72.8358120990377
106850,House Restaurant 89,1,1.0,3.0,Good,189.0,28.544521602103107,77.2291754806336
106851,Royal Corner 204,1,3.0,2.6,Average,51.0,28.588797717792417,77.22409103496835
106852,Burger King,12,1.0,2.9,Average,290.0,23.02446291891554,72.59587628072077
106853,Kitchen Restaurant 158,11,2.0,0.0,Not rated,250.0,26.917698570963033,75.76018235819676
106854,Tasty Hub 929,8,4.0,3.2,Good,51.0,17.45657503188785,78.52045708812074
106855,Cafe Bites 191,1,2.0,0.0,Not rated,17.0,28.59195716588594,77.2254959816692
106856,House Studio 803,2,4.0,3.0,Good,685.0,28.45350427336544,77.10475350118642
106857,Royal Restaurant 383,5,2.0,2.7,Average,1845.0,19.098745008093978,72.9059117459875
106858,Kitchen Bites 700,1,1.0,3.0,Good,323.0,28.601642891783225,77.18807802366635
106859,Subway,11,3.0,3.5,Good,395.0,26.894725835432926,75.74004097016167
106860,McDonald's,5,1.0,2.1,Average,94.0,19.05545290315724,72.88533549988256
106861,Curry Point 717,1,1.0,3.3,Good,232.0,28.622054308923456,77.17297723370264
106862,Grill Cafe 623,11,1.0,2.8,Average,258.0,26.906250834498888,75.76159194191662
106863,Cafe Coffee Day,13,1.0,3.5,Good,154.0,25.2286867989762,55.236991546248056
106864,Curry Restaurant 711,1,1.0,0.0,Not rated,486.0,28.62641103490953,77.18866054520295
106865,Green Express 231,4,1.0,0.0,Not rated,112.0,28.306861356843132,77.36876714990088
106866,Burger King,1,2.0,3.6,Good,291.0,28.552596569897357,77.17514302601134
106867,Grill Express 996,2,3.0,2.9,Average,139.0,28.441973304973736,77.01173596033932
106868,Burger King,1,1.0,3.9,Good,196.0,28.648200090625718,77.15893040960913
106869,Domino's Pizza,5,1.0,2.5,Average,715.0,19.05319125459603,72.81797577219277
106870,Curry Corner 524,13,2.0,3.4,Good,228.0,25.217910690304503,55.26102031702807
106871,Biryani Blues,3,2.0,3.1,Good,219.0,28.5564473507505,77.3982619536823
106872,Urban Lounge 827,1,3.0,2.7,Average,204.0,28.632809319039747,77.16873759726045
106873,Subway,5,1.0,3.6,Good,126.0,19.05684015020255,72.82451978718757
106874,Urban Corner 504,2,3.0,3.0,Good,29.0,28.419316937174706,76.96110336575013
106875,Burger King,10,2.0,2.1,Average,1020.0,22.526672146486447,88.36899035058055
106876,The Belgian Waffle Co,3,2.0,1.3,Poor,455.0,28.639482732130467,77.42372289389071
106877,Grill Point 915,1,1.0,2.4,Average,727.0,28.629839920401913,77.15900977214423
106878, House Lounge 648 ,1,1.0,3.9,Good,55.0,28.678320401862084,77.18632856168804
106879,Bistro Kitchen 987,8,1.0,3.8,Good,1264.0,17.35584114083669,78.524579584642
106880,House Bites 446,1,1.0,0.0,Not rated,1052.0,28.65759114551745,77.20152576652501
106881,The Food Lounge 881,8,2.0,3.0,Good,642.0,17.368311625963916,78.48318646941766
106882,Tasty Studio 206,1,3.0,3.1,Good,1396.0,28.612886804502512,77.2223106901215
106883,The Food Hub 149,1,2.0,2.3,Average,404.0,28.603877267486013,77.19348911714192
106884,Subway,3,2.0,2.6,Average,55.0,28.504719738223525,77.36378038158223
106885,Royal Hub 976,12,2.0,3.8,Good,391.0,22.992251751103936,72.58215685716229
106886,Starbucks,12,1.0,3.3,Good,51.0,23.021131244408604,72.52305608516576
106887,House Kitchen 773,1,4.0,3.8,Good,98.0,28.593352206893865,77.15257248868976
106888,The Food Hub 355,2,2.0,2.3,Average,221.0,28.463935208131975,77.00237848212446
106889,House Restaurant 580,1,1.0,3.1,Good,223.0,28.5845759740747,77.2339219881456
106890,The Belgian Waffle Co,4,1.0,1.5,Poor,223.0,28.433661131069098,77.35848629882598
106891,House Hub 183,3,2.0,3.7,Good,21.0,28.519401280368875,77.37437826603818
106892,Kitchen House 59,11,2.0,3.4,Good,156.0,26.969692685130756,75.81636018749347
106893,Cafe Express 217,12,1.0,2.1,Average,283.0,23.02072812781116,72.61975962586335
106894,Spice House 249,2,3.0,0.0,Not rated,229.0,28.455923651551952,77.02792135083155
106895,House Restaurant 491,3,2.0,2.0,Average,386.0,28.59162372761129,77.41327485157557
106896,Green Kitchen 876,11,2.0,0.0,Not rated,123.0,26.895065207536714,75.8526296579551
106897,Grill Corner 279,8,1.0,3.4,Good,118.0,17.37075829644577,78.46203238127623
106898,Curry Garden 108,1,1.0,2.2,Average,273.0,28.589365917066566,77.20054304671348
106899,Spice Studio 686,1,3.0,3.4,Good,130.0,28.621055179848,77.26501786190697
106900,Grill Garden 791,2,3.0,2.3,Average,460.0,28.43376868872624,76.99369202250352
106901,Haldiram's,1,1.0,1.1,Poor,195.0,28.641083275609166,77.2144431978671
106902,Spice Bites 74,1,1.0,0.0,Not rated,83.0,28.6122697508777,77.18701005456599
106903,Burger King,1,1.0,2.6,Average,60.0,28.643261166657464,77.2567296862558
106904,The Belgian Waffle Co,6,1.0,3.4,Good,770.0,12.99701647360656,77.55313205383142
106905,Cafe Coffee Day,1,2.0,3.2,Good,366.0,28.595963107195534,77.2066499642943
106906,Green Cafe 849,1,4.0,3.7,Good,2814.0,28.588105932751382,77.17235633528912
106907,House Express 396,1,1.0,2.3,Average,288.0,28.602407392087336,77.15767047995774
106908,Starbucks,8,1.0,2.7,Average,349.0,17.385310386042296,78.42026638919522
106909,Curry Corner 371,9,3.0,2.8,Average,26.0,13.094390770365411,80.26493659691236
106910,Cafe Kitchen 819,3,1.0,2.2,Average,215.0,28.55107959667791,77.40792778565552
106911,The Belgian Waffle Co,2,4.0,3.2,Good,122.0,28.458382558985544,77.02724121746328
106912,Kitchen Kitchen 439,13,2.0,3.2,Good,511.0,25.18095872072931,55.27901129082785
106913,The Food Kitchen 80,1,4.0,3.2,Good,276.0,28.593368159916086,77.19379589540253
106914,House Express 338,1,1.0,2.8,Average,571.0,28.63204237992572,77.24345325240078
106915,Spice Cafe 956,1,1.0,3.5,Good,2795.0,28.59114357943575,77.23447296089327
106916,Cafe Restaurant 385,1,2.0,2.9,Average,62.0,28.633508206984583,77.21339342289484
106917,Green Cafe 329,2,2.0,2.3,Average,487.0,28.480253618271615,77.0337902467069
106918,Curry Express 825,11,1.0,3.4,Good,446.0,26.966087080626153,75.77099779959549
106919,Barbeque Nation,5,4.0,3.8,Good,2465.0,19.059170118564644,72.94578994854683
106920,Royal Corner 260,2,3.0,3.6,Good,479.0,28.448119609019315,77.05488733101434
106921,McDonald's,12,2.0,3.6,Good,421.0,22.941555588835136,72.56780168063179
106922,Urban Cafe 888,1,1.0,3.3,Good,539.0,28.580892449373504,77.20295809967403
106923,Urban Hub 747,1,2.0,3.2,Good,575.0,28.580435484197917,77.19536034670669
106924,Royal Garden 76,5,2.0,4.8,Excellent,1593.0,19.0936985093052,72.86724652569012
106925,Cafe Point 770,5,1.0,2.2,Average,52.0,19.139258261592612,72.8863239695197
106926,Cafe House 474,1,3.0,3.0,Good,106.0,28.63422652943915,77.14926651619596
106927,House Studio 416,2,1.0,3.6,Good,1739.0,28.49417771755558,77.0178812438318
106928,Haldiram's,6,1.0,3.1,Good,15.0,12.946703442861047,77.59001166890397
106929,Urban Hub 437,6,1.0,3.5,Good,174.0,12.92967088795658,77.59430910232115
106930,Curry Point 82,5,3.0,3.5,Good,234.0,19.067529249561048,72.8838114283137
106931,Royal Hub 449,1,2.0,4.1,Very Good,177.0,28.592068601539015,77.21011583865634
106932,House Corner 472,1,1.0,2.3,Average,1077.0,28.583761832362978,77.22317848521841
106933,Bistro Cafe 987,3,1.0,0.0,Not rated,163.0,28.543139123773123,77.38627613555838
106934,Cafe Studio 665,1,1.0,3.8,Good,127.0,28.572392788832154,77.24358011903946
106935,Kitchen Point 861,12,1.0,2.2,Average,66.0,23.051426823969145,72.59442409043353
106936,Green Bites 702,3,2.0,3.6,Good,282.0,28.52151956025152,77.46960783031216
106937,Bistro Restaurant 317,1,1.0,3.0,Good,748.0,28.61231665377906,77.23356090144429
106938,Biryani Blues,8,1.0,2.6,Average,189.0,17.3884925207831,78.46061921802927
106939,Burger King,3,3.0,2.2,Average,123.0,28.519164992673314,77.38551254577654
106940,Green Corner 977,1,2.0,2.5,Average,65.0,28.65819420882624,77.1912442398793
106941,Bistro Cafe 653,8,2.0,3.7,Good,324.0,17.32879767153423,78.48697878721384
106942,Green Kitchen 149,10,1.0,3.5,Good,289.0,22.61751672486381,88.40232521080354
106943,KFC,6,1.0,2.9,Average,68.0,12.959453109611838,77.58326521717461
106944,Kitchen Corner 794,1,2.0,3.7,Good,732.0,28.64612616064422,77.1891020058801
106945,Tasty Garden 290,5,1.0,3.6,Good,1676.0,19.083043432944113,72.89577005698516
106946,Curry Garden 492,8,1.0,3.1,Good,189.0,17.414767386378767,78.45816585549927
106947,Domino's Pizza,1,3.0,2.9,Average,248.0,28.609755582716605,77.17839858624492
106948,Burger King,1,3.0,3.7,Good,51.0,28.62224526085839,77.22236910927681
106949,Curry House 314,10,1.0,3.3,Good,467.0,22.611026666500837,88.3011957050919
106950,House House 509,1,1.0,3.4,Good,339.0,28.617254710940593,77.19210473289174
106951,Cafe Studio 608,7,4.0,4.2,Very Good,150.0,18.566952737293324,73.88665428877094
106952,The Food Kitchen 430,3,1.0,2.1,Average,56.0,28.547826885784072,77.32682396983304
106953,Tasty Express 437,3,2.0,2.9,Average,1715.0,28.509854801073704,77.32936999060351
106954,Spice Garden 879,1,4.0,2.4,Average,246.0,28.60148161112187,77.15881046251806
106955,Spice House 251,9,4.0,4.1,Very Good,70.0,13.113783765030718,80.17510899983317
106956,Bistro Point 482,2,2.0,3.1,Good,518.0,28.416107681054743,77.09298330874518
106957,Biryani Blues,4,1.0,3.3,Good,247.0,28.436650800681342,77.32201694922297
106958,The Food Cafe 437,6,1.0,2.0,Average,150.0,12.958798105364176,77.57113405494499
106959,Curry Studio 81,6,3.0,4.3,Very Good,787.0,12.926459824302503,77.54944457995218
106960,The Belgian Waffle Co,13,3.0,2.6,Average,6.0,25.212053968113068,55.34784249234738
106961,Kitchen Hub 583,4,2.0,3.7,Good,21.0,28.384393338921925,77.34072566311863
106962,Green Express 211,2,2.0,3.3,Good,1043.0,28.43949313654755,77.02210647127943
106963,Pizza Hut,12,2.0,3.1,Good,151.0,23.000599233020505,72.61408317104726
106964,,6,2.0,3.0,Good,102.0,12.975621261907872,77.60820660089682
106965,Urban Hub 542,1,3.0,3.0,Good,32.0,28.60025117335665,77.19143071471618
106966,Burger King,1,2.0,4.0,Very Good,276.0,28.627583204894616,77.18777556805475
106967,Tasty Garden 241,9,2.0,3.2,Good,270.0,13.118134715828399,80.25003603049261
106968,Kitchen Cafe 297,2,1.0,2.2,Average,884.0,28.478459080110856,76.9910391964267
106969,Cafe Lounge 861,6,2.0,3.0,Good,277.0,13.034785781976318,77.63350514046665
106970,Kitchen Cafe 403,3,2.0,3.3,Good,127.0,28.607297199258888,77.372870654325
106971,The Food House 674,1,1.0,3.6,Good,330.0,28.603741030883278,
106972,The Food Express 772,5,3.0,3.0,Good,697.0,19.03565826939035,72.84869598217594
106973,The Food Restaurant 227,1,2.0,2.9,Average,519.0,28.603780370689204,77.18803430222346
106974,The Food Kitchen 811,2,3.0,3.4,Good,413.0,28.46364239236142,77.01076549467763
106975,Cafe Kitchen 406,4,1.0,3.6,Good,280.0,28.486801991034536,77.28633232598162
106976,Cafe Cafe 251,3,2.0,2.3,Average,72.0,28.522381912434938,77.37047503405441
106977,Green Restaurant 968,7,1.0,3.3,Good,51.0,18.53012756296633,73.87597015311498
106978,The Food Cafe 462,9,3.0,3.1,Good,40.0,13.05885935740617,80.31276975314472
106979,Cafe Garden 899,8,1.0,2.8,Average,272.0,17.3728663998276,78.49716730333942
106980,Spice Lounge 778,1,2.0,4.5,Excellent,451.0,28.571396484700337,77.16732611745886
106981,House Restaurant 575,1,3.0,3.3,Good,730.0,28.562704365907845,77.18801740131526
106982,Subway,4,1.0,3.5,Good,392.0,28.45653257331503,77.29754829179872
106983,Pizza Hut,12,4.0,4.1,Very Good,825.0,23.059816895503396,72.6309177022578
106984,Royal Cafe 741,9,3.0,2.6,Average,,13.069763928877874,80.30519443539714
106985,Green Cafe 686,9,1.0,1.8,Poor,350.0,13.119918389491781,80.31319737583391
106986,House Lounge 597,1,1.0,3.5,Good,55.0,28.568158279342864,77.18418670810644
106987,The Food Kitchen 256,3,1.0,2.3,Average,138.0,28.529432287629774,77.34642914928277
106988,Domino's Pizza,3,1.0,1.9,Poor,13.0,28.54159918794135,77.41106820587572
106989,Cafe Studio 133,1,3.0,4.1,Very Good,230.0,28.6582118981941,77.19289256589961
106990,McDonald's,1,4.0,2.9,Average,787.0,28.620813925702567,77.21920550293837
106991,Barbeque Nation,12,1.0,2.5,Average,170.0,23.041566281301186,72.58583638665506
106992,Curry Express 309,1,2.0,4.5,Excellent,597.0,28.59745137311185,77.19517106458584
106993,Grill Express 198,1,2.0,2.1,Average,201.0,28.623138530838165,77.24414387996002
106994,Bistro House 380,1,1.0,2.2,Average,71.0,28.65815260278794,77.15788601542558
106995,Cafe Hub 880,11,1.0,2.7,Average,129.0,26.855822157498096,75.79112887650197
106996,Spice Point 11,5,1.0,0.0,Not rated,393.0,19.115762612070842,72.90144715534494
106997,Cafe Coffee Day,6,2.0,2.6,Average,390.0,12.964251014672744,77.65417932305328
106998,The Food House 952,11,2.0,2.4,Average,70.0,26.863191637690335,75.79201850406656
106999,Starbucks,2,2.0,4.2,Very Good,40.0,28.450150404702274,77.0706100072064
107000,Cafe Corner 843,5,1.0,3.2,Good,235.0,19.121152840496528,72.91941160424015
107001,Starbucks,1,3.0,3.8,Good,100.0,28.59701827557859,77.29078805314761
107002,Urban Hub 798,1,2.0,3.1,Good,142.0,28.62437689004736,77.22033071426885
107003,Starbucks,9,3.0,3.6,Good,32.0,13.026238490631794,80.3425227831418
107004,Kitchen House 886,8,1.0,3.6,Good,729.0,17.321101680665095,78.51505227941894
107005,Bistro Cafe 402,2,3.0,2.8,Average,147.0,28.42181413431108,76.9729051817863
107006,Biryani Blues,2,3.0,3.6,Good,212.0,28.494948280338466,77.02760573468402
107007,House Studio 987,4,1.0,3.5,Good,68.0,28.407120903877534,77.2857206954069
107008,Burger King,1,1.0,4.0,Very Good,153.0,28.652389367415818,77.26255898436452
107009,Urban Cafe 625,1,3.0,4.7,Excellent,295.0,28.654433978048818,77.21490021196902
107010,KFC,1,2.0,3.2,Good,84.0,28.587364695933793,77.16281558266972
107011,Kitchen Lounge 306,1,3.0,4.1,Very Good,169.0,28.668745035571998,77.2398969957378
107012,Starbucks,8,3.0,1.7,Poor,740.0,17.365946714372814,78.53295423968049
107013,Tasty Point 87,1,2.0,4.2,Very Good,25.0,28.648912677618643,77.19488892171296
107014,Haldiram's,1,1.0,2.5,Average,196.0,28.647482202583493,77.19335359697382
107015,Spice Point 304,3,1.0,2.8,Average,62.0,28.53777620803949,77.39805837910596
107016,Green House 162,10,4.0,3.9,Good,1128.0,22.57493319484076,88.30052621689919
107017,Bistro Hub 35,1,1.0,2.9,Average,135.0,28.6251161242889,77.23384018496895
107018,Green Garden 469,1,1.0,3.1,Good,48.0,28.617940307755386,77.26819590818342
107019,The Food House 213,2,2.0,4.2,Very Good,173.0,28.44584520400269,77.00382572597704
107020,Spice Garden 238,7,2.0,3.0,Good,269.0,18.503743463372615,73.92120707088392
107021,Bistro Cafe 426,5,1.0,2.3,Average,4795.0,19.062625071727872,72.91251886369551
107022,Bistro Bites 821,9,1.0,4.2,Very Good,16.0,13.125337574392539,80.26800419983272
107023,Grill Corner 34,13,2.0,3.5,Good,43.0,25.149208098380036,55.29301925206626
107024,House Express 728,8,1.0,4.2,Very Good,1159.0,17.367610538580887,78.54261910060292
107025,Royal Cafe 882,5,3.0,4.0,Very Good,32.0,19.06459207197084,72.88266363508814
107026,Cafe Corner 157,3,1.0,2.1,Average,144.0,28.52751656174504,77.40473999690295
107027,House Kitchen 663,1,3.0,3.8,Good,113.0,28.62428712566213,77.19025830245918
107028,Curry Studio 911,14,3.0,2.8,Average,74.0,51.46021126896214,-0.13199567500268755
107029,Curry Garden 193,2,2.0,3.2,Good,146.0,28.495386062205622,77.05112800326204
107030,The Food Point 862,1,1.0,3.0,Good,114.0,28.64494338329241,77.20268771143915
107031,Royal Point 550,6,2.0,2.1,Average,535.0,12.99520168804968,77.57697967830394
107032,,1,1.0,,Average,820.0,28.606635449399324,77.24928452849413
107033,Haldiram's,5,1.0,4.4,Very Good,403.0,19.050157679836975,72.89458762062227
107034,The Food House 401,5,3.0,3.6,Good,147.0,19.064617944272896,72.8608960416446
107035,Curry Express 748,3,2.0,0.0,Not rated,124.0,28.537630278826143,77.45234810412832
107036,Royal Point 206,9,3.0,4.6,Excellent,677.0,13.106016501815255,80.34467658225206
107037,McDonald's,1,1.0,2.7,Average,570.0,28.61105410781247,77.24451100753484
107038,Green Corner 140,3,1.0,2.9,Average,270.0,28.54811584146911,77.34918701749345
107039,Pizza Hut,4,4.0,4.2,Very Good,1530.0,28.393713193368065,77.33204623241154
107040,Urban Point 210,6,2.0,2.9,Average,78.0,12.981621404965077,77.6152017153787
107041,Green Corner 225,8,2.0,2.7,Average,677.0,17.37627800224881,78.43122629634031
107042,Burger King,2,2.0,0.0,Not rated,217.0,28.468878304175405,
107043,Urban Restaurant 709,6,1.0,2.4,Average,71.0,12.909757052097124,77.60192059728874
107044,Burger King,1,2.0,,Average,213.0,28.63094865306764,77.24829010653208
107045,Kitchen Corner 449,12,1.0,3.1,Good,259.0,23.041400108952978,72.56070627327809
107046,Royal Studio 625,2,2.0,2.8,Average,139.0,28.47801368645965,77.04354772400912
107047,Kitchen Point 921,7,2.0,4.6,Excellent,204.0,18.48583951212081,73.87531684558023
107048,Royal Garden 658,1,3.0,2.7,Average,24.0,28.589045424972994,77.21560057172461
107049,Spice Kitchen 965,1,2.0,4.1,Very Good,93.0,28.58349939863495,77.22619841543802
107050,Green Restaurant 596,3,1.0,3.1,Good,132.0,28.547049322411677,77.38620122269343
107051,The Food Studio 175,10,2.0,3.7,Good,99.0,22.595637872063406,88.32249365506783
107052,Subway,4,1.0,3.5,Good,66.0,28.384520299524564,77.2463409466491
107053,Royal Corner 131,12,1.0,1.6,Poor,482.0,23.068546445652537,72.54979277924951
107054,Curry Kitchen 970,3,1.0,3.0,Good,152.0,28.581083536820056,77.41867847541239
107055,Cafe Restaurant 817,3,2.0,3.0,Good,2613.0,28.54032855874451,77.35464049183479
107056,Spice Kitchen 466,1,1.0,2.3,Average,197.0,28.62688100786455,77.24612818217099
107057,Royal Bites 817,8,2.0,3.5,Good,713.0,17.326215733100174,78.53539150391639
107058,Domino's Pizza,1,3.0,4.5,Excellent,186.0,28.595383606521384,77.22554514363716
107059,Spice Studio 834,11,2.0,1.5,Poor,54.0,26.868567417208762,75.78149154138848
107060,Tasty Garden 677,11,1.0,2.7,Average,226.0,26.880550476903693,75.82316478878104
107061,Curry Restaurant 795,12,1.0,2.2,Average,737.0,23.040508159544274,72.61189563510564
107062,Curry Bites 652,4,2.0,3.2,Good,162.0,28.43536200912838,77.30992125357474
107063,Kitchen Garden 424,6,3.0,,Good,318.0,12.99952502526177,77.59756844342076
107064,Biryani Blues,8,1.0,2.6,Average,220.0,17.393459201354172,78.4582276347239
107065,Royal Garden 52,1,3.0,3.8,Good,183.0,28.632218108477286,77.21901702228129
107066,House Lounge 233,5,2.0,4.3,Very Good,218.0,19.0203803286367,72.80535649316005
107067,Curry Hub 808,1,2.0,4.9,Excellent,75.0,28.568766377358283,77.19876123176637
107068,House Hub 348,3,4.0,3.1,Good,175.0,28.528177392911804,77.36113708715148
107069,Urban Hub 160,1,2.0,2.0,Average,316.0,28.63481201858706,77.2059170918733
107070,,1,3.0,3.8,Good,300.0,28.5982457668162,77.18116782696166
107071,Tasty House 777,2,1.0,4.0,Very Good,273.0,28.411872578433794,76.95964226975714
107072,Bistro Garden 937,3,2.0,3.7,Good,502.0,28.51128830585038,77.3681138320782
107073,Bistro Hub 970,5,2.0,4.2,Very Good,289.0,19.04332802109184,72.86105145329304
107074,Green Bites 193,1,1.0,2.9,Average,173.0,28.55354289660893,77.24628304001467
107075,Urban Hub 103,3,2.0,0.0,Not rated,225.0,28.61335374209015,77.36856243489808
107076,KFC,1,1.0,3.1,Good,211.0,28.657050503989762,77.17933663633355
107077,Urban Lounge 469,5,1.0,2.8,Average,123.0,19.0068519301092,72.83598376855814
107078,Spice Point 714,5,1.0,3.4,Good,341.0,19.008728200879403,72.91768922834567
107079,Bistro Lounge 426,5,2.0,3.8,Good,198.0,19.047790381746903,72.86989442268037
107080,Bistro Cafe 52,7,3.0,4.1,Very Good,156.0,18.46827332337174,73.86623146370853
107081,Urban Studio 876,2,2.0,3.5,Good,236.0,28.542891655327963,76.97256749950552
107082,Barbeque Nation,8,2.0,3.4,Good,234.0,17.356918804059905,78.42528052316197
107083,Spice Bites 955,3,1.0,3.5,Good,48.0,28.548153911897582,77.35943434956238
107084,McDonald's,3,3.0,2.1,Average,216.0,28.517797139753906,77.44781282791499
107085,Cafe Cafe 633,6,2.0,3.3,Good,1870.0,12.930748545439865,77.55640073595842
107086,Kitchen Hub 613,1,3.0,3.4,Good,55.0,28.650557151542984,77.18708590711867
107087,Urban Studio 105,6,3.0,3.5,Good,103.0,12.994519070121882,77.59505193953801
107088,McDonald's,5,1.0,2.9,Average,5502.0,19.07391510714863,72.85581948660916
107089,TASTY RESTAURANT 261,1,2.0,3.5,Good,69.0,28.69726771558843,77.22574623651136
107090,Grill Studio 187,1,4.0,3.2,Good,908.0,28.622126928461803,77.17991226478568
107091,Pizza Hut,1,1.0,3.7,Good,152.0,28.59792359370433,77.17046458958978
107092,Royal Hub 116,11,2.0,3.5,Good,209.0,26.97943455770493,75.88242392320443
107093,Tasty Bites 329,6,4.0,3.7,Good,172.0,12.9857356538878,77.56181338190774
107094,The Food Cafe 901,1,1.0,2.5,Average,265.0,28.67087718724068,77.23683066997685
107095,Green Point 758,2,3.0,3.9,Good,29.0,28.458131899422593,76.99362168490485
107096,BISTRO LOUNGE 837,5,3.0,0.0,Not rated,113.0,18.970494561309113,72.82376685383944
107097,Cafe Coffee Day,9,2.0,2.7,Average,98.0,13.028143612242289,80.26754093637261
107098,Curry Corner 313,1,1.0,3.0,Good,16.0,28.651794868673605,77.1620683330701
107099,Grill Studio 521,1,1.0,3.4,Good,772.0,28.59328279654634,77.19523991199756
107100,Kitchen Corner 278,10,1.0,0.0,Not rated,6.0,22.581466379116094,88.33604540653644
107101,Royal Corner 881,1,3.0,3.7,Good,2979.0,28.653584658954177,77.25281479271568
107102,House House 785,1,3.0,3.5,Good,420.0,28.620181966311034,77.15503214063396
107103,Kitchen Kitchen 627,13,2.0,3.9,Good,38.0,25.174720972340904,55.294456018484404
107104,Kitchen Point 807,5,1.0,3.8,Good,,19.07561196526005,72.88767871381495
107105,Curry Garden 639,1,1.0,3.5,Good,76.0,28.61764261660109,77.20098205005212
107106,Royal House 438,1,2.0,2.8,Average,69.0,28.599614555122283,77.18246455743083
107107,Green Hub 971,1,2.0,2.5,Average,16.0,28.56542576521356,77.21502968978298
107108,Bistro Express 425,1,3.0,3.0,Good,59.0,28.601458119138282,77.21688503518688
107109,McDonald's,10,2.0,4.5,Excellent,95.0,22.569351508266585,88.37768117504578
107110,Curry Studio 327,2,3.0,3.6,Good,552.0,28.408988643297803,77.01718029784253
107111,Royal Express 581,7,2.0,4.6,Excellent,1065.0,18.48826680663516,73.81662419768243
107112,Burger King,11,2.0,3.1,Good,37.0,26.887310225049774,75.81804624779572
107113,Burger King,2,1.0,2.8,Average,233.0,28.394387335297182,77.0264795071126
107114,Urban Hub 829,1,3.0,3.4,Good,19.0,28.618388248496018,77.18754913481881
107115,Spice Bites 378,4,2.0,0.0,Not rated,126.0,28.41719348805841,77.28274405453402
107116,Royal Hub 607,11,1.0,2.5,Average,2327.0,26.89334859082241,75.81958635976102
107117,Urban Express 947,8,1.0,0.0,Not rated,9.0,17.337098462712156,78.53515253495767
107118,Tasty Point 44,1,1.0,3.3,Good,52.0,28.628144529094097,77.22913685243834
107119,Pizza Hut,6,2.0,3.9,Good,526.0,12.99071279137882,77.61708571678031
107120,House Restaurant 596,5,1.0,4.6,Excellent,712.0,19.079450381799596,72.91873343716841
107121,Tasty Point 475,11,1.0,2.7,Average,50.0,26.913854656603476,75.77463495973095
107122,Royal Bites 419,1,2.0,3.0,Good,1098.0,28.634688022300093,77.28369353595313
107123,Biryani Blues,4,1.0,2.5,Average,56.0,28.405558596644045,77.28071507125063
107124,House Hub 44,10,3.0,4.1,Very Good,1796.0,22.54047846852312,88.35538225216477
107125,Urban Express 680,2,2.0,3.7,Good,364.0,28.4570400597666,76.99959548902537
107126,Grill Corner 662,3,2.0,2.6,Average,781.0,28.52177818196691,77.3932255888011
107127,Kitchen Kitchen 200,1,1.0,2.4,Average,242.0,28.611438961150053,77.26958193227154
107128,KFC,1,1.0,3.6,Good,451.0,28.644849320787554,77.2006558199899
107129,Haldiram's,1,1.0,3.2,Good,442.0,28.57182725430091,77.22375546531394
107130,Spice Corner 280,12,3.0,0.0,Not rated,376.0,23.02871160662565,72.46961499923448
107131,Green Restaurant 877,1,3.0,2.8,Average,159.0,28.57005950930102,77.22396916975536
107132,The Belgian Waffle Co,3,1.0,1.8,Poor,43.0,28.503363676298264,77.42594649205036
107133,McDonald's,6,2.0,2.6,Average,144.0,13.026684317212883,77.59890294996556
107134,McDonald's,1,1.0,3.4,Good,82.0,28.629905725899587,77.1716795160038
107135,Kitchen Restaurant 304,3,4.0,5.0,Excellent,127.0,28.5411329419,77.3489837248633
107136,Urban Restaurant 382,7,4.0,3.3,Good,1472.0,18.46235348432595,73.83729116568611
107137,Tasty Lounge 428,10,2.0,4.7,Excellent,551.0,22.564349090629612,88.32159064220879
107138,Tasty Garden 916,5,2.0,3.7,Good,417.0,19.00345231853088,72.93285985129876
107139,Biryani Blues,6,3.0,2.5,Average,596.0,12.97290384527791,77.61096251816389
107140,Pizza Hut,1,2.0,3.3,Good,402.0,28.570256270537932,77.25956386893316
107141,Grill Corner 399,12,2.0,3.8,Good,2142.0,23.04202453102458,72.56128145980759
107142,The Food Hub 858,1,4.0,2.0,Average,10.0,28.619545637044318,77.18224205798663
107143,Spice Corner 814,8,2.0,,Good,57.0,17.34243675536363,78.46209750007152
107144,Cafe Lounge 938,1,2.0,4.0,Very Good,90.0,28.627255761175906,77.19282287003308
107145,Curry Bites 538,12,3.0,3.7,Good,36.0,23.095768589248365,72.55409785340493
107146,Kitchen Lounge 336,7,2.0,3.2,Good,209.0,18.513304609692945,73.89946271150261
107147,Tasty Bites 412,7,2.0,0.0,Not rated,109.0,18.551210603330006,73.88867761937007
107148,Tasty Restaurant 319,1,1.0,2.8,Average,1968.0,28.540295474626674,77.21848071573864
107149,Urban Cafe 446,3,1.0,2.2,Average,452.0,28.551869358057946,77.33290919866874
107150,Green Garden 675,5,,2.6,Average,84.0,19.056075455817393,72.88802694355662
107151,Biryani Blues,8,2.0,2.9,Average,316.0,17.37558448118759,78.47582212076581
107152,Burger King,1,2.0,3.3,Good,18.0,28.634729007426053,77.25821822863799
107153,Royal Kitchen 198,13,4.0,3.2,Good,217.0,25.19627814268264,55.30214011810047
107154,Cafe Coffee Day,10,2.0,2.6,Average,178.0,22.515989668106425,88.36887569804568
107155,Spice Garden 168,1,3.0,3.9,Good,68.0,28.667352712576154,77.13558069721532
107156,Grill Point 815,9,1.0,3.2,Good,141.0,13.031942988881614,80.26593665585969
107157,The Food Restaurant 498,4,3.0,3.0,Good,73.0,28.379516268329766,77.29493433596095
107158,Cafe Restaurant 887,3,2.0,3.5,Good,60.0,28.539984149741258,77.40518693373924
107159,Barbeque Nation,1,2.0,2.9,Average,395.0,28.61871017325064,77.16902572466547
107160,Curry Hub 846,5,1.0,3.0,Good,634.0,19.090979036334485,72.88688198677048
107161,Cafe Cafe 609,7,2.0,3.8,Good,392.0,18.52506440358502,73.77906430624449
107162,The Food Cafe 708,2,2.0,2.8,Average,96.0,28.49969469403306,76.97810343681543
107163,House Hub 527,5,2.0,2.4,Average,66.0,19.093160449639775,72.84690507623812
107164,Urban Restaurant 563,6,3.0,3.3,Good,111.0,12.93010049083887,77.57548360179734
107165,Subway,7,3.0,2.5,Average,118.0,18.429466864508324,73.8703120550569
107166,Tasty House 22,1,4.0,3.4,Good,63.0,28.61918807323299,77.15107318664322
107167,Bistro Hub 724,10,2.0,3.0,Good,650.0,22.623914999066553,88.34145884591108
107168,Domino's Pizza,3,4.0,2.0,Average,108.0,28.491666948061813,77.36944912231377
107169,Green Restaurant 166,1,3.0,3.7,Good,528.0,28.57715177738187,77.2330799598405
107170,Green Lounge 406,1,1.0,2.9,Average,29.0,28.626319944434158,77.20228962766701
107171,KFC,3,1.0,3.8,Good,87.0,28.55240476401377,77.3571418232789
107172,The Belgian Waffle Co,10,1.0,3.1,Good,521.0,22.611879963945526,88.32614095414509
107173,McDonald's,2,1.0,3.5,Good,579.0,28.51693885921313,77.00725276116583
107174,Grill Point 564,7,1.0,3.8,Good,46.0,18.52866296782293,73.7990054100022
107175,Kitchen Lounge 706,1,1.0,2.9,Average,248.0,28.58146547008217,77.26590563041992
107176,Burger King,3,2.0,3.2,Good,274.0,28.504135922343124,77.39084745491711
107177,Cafe Hub 676,14,1.0,2.0,Average,57.0,51.488373037266314,-0.15977418293849716
107178,Cafe Corner 62,8,1.0,3.8,Good,324.0,17.421092299293242,78.44979373116492
107179,Grill Restaurant 443,1,2.0,0.0,Not rated,12.0,28.59639706928312,77.16674387144619
107180,Barbeque Nation,3,3.0,2.7,Average,51.0,28.569155205967387,77.40399123539517
107181,Green Point 182,1,4.0,4.1,Very Good,469.0,28.560530811572953,77.15113180166095
107182,Green Lounge 625,2,2.0,0.0,Not rated,93.0,28.46955062507823,77.02037032742197
107183,House Point 220,8,2.0,2.9,Average,188.0,17.358711781306333,78.50677686755145
107184,Tasty Restaurant 86,8,1.0,3.6,Good,159.0,17.40327381944729,78.46619146073677
107185,House Kitchen 905,1,1.0,2.7,Average,318.0,28.604930400718658,77.17358451264676
107186,Grill House 182,11,1.0,2.5,Average,324.0,26.940313577900763,75.81661944303877
107187,Urban Point 445,5,1.0,2.7,Average,438.0,19.060778016006022,72.83808230885036
107188,Urban Corner 997,2,4.0,2.3,Average,174.0,28.458590939730474,77.0168809053148
107189,McDonald's,3,1.0,3.5,Good,119.0,28.563782854676568,77.39503270955106
107190,Royal Point 922,5,1.0,2.9,Average,84.0,19.0724337919396,72.85655546115612
107191,Biryani Blues,5,1.0,2.8,Average,44.0,19.078040868500832,72.83575653222964
107192,The Belgian Waffle Co,3,2.0,3.0,Good,105.0,28.562116628203924,77.3714521608346
107193,Grill Restaurant 995,3,1.0,3.0,Good,81.0,28.532813652882783,77.40291140013916
107194,McDonald's,1,2.0,3.6,Good,1471.0,28.558431596492394,77.18350071409668
107195,Cafe Restaurant 877,9,1.0,3.0,Good,47.0,13.062713587467536,80.2866236798017
107196,Barbeque Nation,4,1.0,2.1,Average,522.0,28.341579233675795,77.30886701828568
107197,Bistro Restaurant 21,1,1.0,3.4,Good,136.0,28.605152034104343,77.18782294851981
107198,Curry Studio 395,8,2.0,3.5,Good,150.0,17.401495939424706,78.46131030927862
107199,Domino's Pizza,12,1.0,0.0,Not rated,148.0,23.026860941770327,72.57952230114917
107200,House Restaurant 380,12,3.0,4.1,Very Good,37.0,23.0713129992777,72.61084313379239
107201,Royal Corner 651,2,2.0,3.2,Good,66.0,28.504393389169444,77.03086456942052
107202,Grill Lounge 103,1,2.0,3.9,Good,44.0,28.622885744394367,77.17523352197442
107203,The Food Point 789,4,1.0,3.9,Good,131.0,28.32517366528639,77.35606101096299
107204,McDonald's,1,1.0,3.4,Good,61.0,28.637397072661617,77.17801678841191
107205,Curry House 120,12,1.0,2.5,Average,809.0,22.995490304821303,72.63191219786852
107206,Grill Restaurant 114,1,2.0,3.1,Good,85.0,28.644742993726872,77.20337005865875
107207,Cafe House 594,1,2.0,4.0,Very Good,11.0,28.624842761443187,77.17825538438055
107208,House Point 555,2,2.0,2.2,Average,96.0,28.482462927696577,77.04615635930712
107209,Kitchen Bites 510,2,2.0,2.9,Average,467.0,28.47705842817686,77.01569979402409
107210,The Belgian Waffle Co,8,3.0,3.2,Good,1396.0,17.4686563320629,78.50219986927769
107211,Starbucks,3,2.0,2.6,Average,119.0,28.553741413515834,77.39422010636635
107212,Royal Restaurant 401,1,1.0,3.6,Good,104.0,28.569095107602656,77.16072885490652
107213,Bistro House 547,1,2.0,3.4,Good,186.0,28.65139593551843,77.20654742013687
107214,Royal Cafe 891,4,1.0,2.5,Average,262.0,28.393834496487198,77.33534929475783
107215,Urban Hub 332,1,2.0,3.6,Good,48.0,28.660981755711347,77.21293797413338
107216,The Food Cafe 520,5,1.0,2.9,Average,125.0,19.130000976868917,72.92165441212363
107217,Royal Express 334,5,1.0,2.4,Average,143.0,19.09776459245987,72.88861573299083
107218,Cafe Coffee Day,7,3.0,2.9,Average,180.0,18.475682830324555,73.84823329730096
107219,House Bites 10,12,2.0,3.5,Good,162.0,23.006388839500875,72.57875889718639
107220,Bistro Garden 908,11,1.0,3.6,Good,61.0,26.95932630309443,75.77006454501652
107221,Biryani Blues,12,1.0,2.7,Average,248.0,23.0924650905581,72.58401732350633
107222,Cafe Coffee Day,1,2.0,3.6,Good,187.0,28.616067414707285,77.22156917595402
107223,Royal Cafe 422,1,3.0,4.4,Very Good,223.0,28.60428202045778,77.16564334428732
107224,The Food Kitchen 783,1,2.0,2.4,Average,39.0,28.572595539542736,77.2360408830575
107225,Cafe House 497,11,4.0,3.8,Good,462.0,26.871553273166334,75.86547141683361
107226,Domino's Pizza,13,1.0,3.5,Good,59.0,25.21294737482378,55.28990996559933
107227,Cafe Studio 315,10,2.0,3.1,Good,1342.0,22.597126185329532,88.2928485358574
107228,Curry Garden 573,1,3.0,4.2,Very Good,51.0,28.561842575543736,77.19406253030286
107229,Cafe Cafe 292,12,2.0,4.6,Excellent,642.0,23.051526792882008,72.5266207340881
107230,Urban Lounge 199,2,1.0,3.2,Good,16.0,28.507529706656992,77.01638709662413
107231,Grill Garden 116,1,2.0,0.0,Not rated,5.0,28.635970657275596,77.23300808343905
107232,Green Garden 860,3,2.0,3.8,Good,103.0,28.593350164165294,77.36586022025267
107233,House Express 212,1,2.0,3.7,Good,12.0,28.626341443868455,77.27496462199099
107234,Cafe Lounge 828,4,2.0,1.6,Poor,318.0,28.421687836934563,77.21697467758375
107235,Tasty Garden 796,2,3.0,3.4,Good,185.0,28.4716191993336,77.01791626887595
107236,Spice Garden 297,3,2.0,2.9,Average,981.0,28.583079807361187,77.40427431740991
107237,Cafe Hub 679,5,1.0,3.3,Good,150.0,19.094817380723743,72.83501956665845
107238,Tasty Corner 335,10,1.0,2.9,Average,230.0,22.554058619261806,88.32582587542063
107239,Urban Corner 168,6,3.0,3.3,Good,133.0,12.986420109427394,77.62107007570141
107240,Curry Corner 407,3,4.0,3.0,Good,58.0,28.55067066050405,77.45849395027314
107241,Grill Cafe 924,9,1.0,3.5,Good,116.0,13.075268311137844,80.34231113818133
107242,Haldiram's,11,2.0,4.3,Very Good,51.0,26.94819041399012,75.77516957167822
107243,Haldiram's,1,1.0,2.4,Average,247.0,28.6171020063698,77.25629662357028
107244,Kitchen Lounge 107,4,1.0,2.1,Average,97.0,28.43358504566548,77.31539273252871
107245,Spice Lounge 899,1,2.0,3.2,Good,160.0,28.63174160971885,77.24108443373818
107246,Grill Point 896,1,2.0,0.0,Not rated,3070.0,28.588497921492557,77.20162738777924
107247,Spice Express 495,6,1.0,3.8,Good,125.0,12.93731574655887,77.55488604214896
107248,Grill Lounge 243,10,3.0,2.6,Average,236.0,22.547565777718273,88.41996393872728
107249,Bistro Studio 269,1,3.0,3.1,Good,166.0,28.611059466800764,77.27418804379256
107250,Bistro Kitchen 567,9,4.0,2.2,Average,620.0,13.138403446291075,80.25597234776637
107251,Green Corner 153,10,1.0,3.9,Good,286.0,22.570940588447556,88.39668198735774
107252,Curry Express 938,11,2.0,3.4,Good,135.0,26.92548141288725,75.78222474121898
107253,Domino's Pizza,1,1.0,2.7,Average,2863.0,28.64445555213248,77.28533184295414
107254,The Belgian Waffle Co,11,1.0,2.1,Average,48.0,26.89984014267074,75.73504816928168
107255,Tasty Bites 413,1,2.0,2.4,Average,119.0,28.59938647188302,77.20275994707703
107256,Biryani Blues,5,3.0,3.7,Good,638.0,19.11280526918331,72.8270460050215
107257,Green Corner 934,1,1.0,2.3,Average,53.0,28.63378595933665,77.15346598679069
107258,Kitchen House 300,1,4.0,3.7,Good,529.0,28.594160390198887,77.20494376378306
107259,Cafe Coffee Day,7,3.0,4.7,Excellent,139.0,18.50596790383476,73.84093496136254
107260,Green Studio 555,3,2.0,3.0,Good,610.0,28.538486084681203,77.35560411697256
107261,The Food House 460,1,2.0,2.6,Average,540.0,28.62543672994641,77.23830173884494
107262,Grill Studio 936,1,1.0,3.2,Good,162.0,28.657439219956085,77.25445620976423
107263,Spice Bites 122,6,2.0,2.4,Average,43.0,12.990219825393446,77.61255040040322
107264,Royal House 900,1,1.0,0.0,Not rated,55.0,28.579477271922304,77.14331333057426
107265,Spice Corner 116,8,3.0,4.3,Very Good,227.0,17.357480250830942,78.49858237740726
107266,Green House 382,1,1.0,2.9,Average,517.0,28.624740288205142,77.22054043196736
107267,Urban Corner 237,1,1.0,2.4,Average,227.0,28.61889733423861,77.17952139110488
107268,The Food Garden 973,2,2.0,2.9,Average,333.0,28.429960981295164,77.03870495410386
107269,Royal Cafe 610,3,1.0,2.8,Average,257.0,28.57235139701598,77.37325618106992
107270,Tasty Studio 281,2,1.0,0.0,Not rated,259.0,28.380822396427703,76.99788820082942
107271,Tasty Lounge 925,1,2.0,3.9,Good,165.0,28.62564684487824,77.16760485281482
107272,Kitchen Hub 309,13,3.0,2.7,Average,200.0,25.15065638384204,55.300001961773944
107273,Tasty Hub 807,6,2.0,3.9,Good,219.0,13.002424445987574,77.63987004168229
107274,Urban Express 933,1,1.0,3.4,Good,110.0,28.604625349019006,77.20405371392356
107275,Cafe House 894,3,1.0,2.7,Average,577.0,28.56167043070571,77.42546515205468
107276,Kitchen House 787,10,1.0,2.3,Average,515.0,22.55891520309732,88.41732664114195
107277,McDonald's,1,2.0,3.3,Good,839.0,28.660301025118674,77.21359573879347
107278,Domino's Pizza,1,2.0,0.0,Not rated,34.0,28.548596998535935,77.20629065562962
107279,Green Bites 664,7,1.0,3.7,Good,314.0,18.551182137795625,73.87313703315813
107280,Curry Corner 265,5,1.0,2.3,Average,584.0,19.054725310694387,72.84837872418723
107281,Curry House 311,5,1.0,3.4,Good,1244.0,19.089128497615903,72.89684097904413
107282,House Express 382,1,1.0,2.9,Average,25.0,28.628498147414188,77.21428834299482
107283,Cafe House 335,1,1.0,2.6,Average,158.0,28.565165257937288,77.1632656336596
107284,Subway,5,3.0,3.3,Good,146.0,19.110909524908934,72.83237530037758
107285,Kitchen Corner 501,1,1.0,3.7,Good,1484.0,28.62767958660043,77.17451441752046
107286,Royal Garden 342,3,2.0,2.4,Average,9.0,28.539592937000364,77.40894263755766
107287,Green Kitchen 171,4,2.0,2.9,Average,46.0,28.422381235409386,77.3059928877909
107288,Cafe Corner 4,1,1.0,2.5,Average,935.0,28.61828310371254,77.20812385117259
107289,Tasty Hub 675,12,2.0,3.2,Good,101.0,23.051713763060132,72.61922117011719
107290,KFC,9,2.0,2.8,Average,32.0,13.066200223453384,80.28619854158062
107291,Urban Restaurant 798,7,1.0,1.9,Poor,905.0,18.549666430610632,73.8342121076699
107292,House Hub 649,1,3.0,2.7,Average,27.0,28.63393042249356,77.1744516226347
107293,Curry Hub 436,1,1.0,4.1,Very Good,795.0,28.607879381851205,77.21967870136939
107294,Grill Bites 559,3,3.0,3.6,Good,28.0,28.600118558336934,77.35701258210399
107295,Cafe Express 570,1,2.0,3.3,Good,30.0,28.629706057253102,77.25285597444562
107296,House Express 568,13,2.0,3.0,Good,223.0,25.211625002689455,55.27940206986778
107297,Royal Cafe 685,1,3.0,3.4,Good,65.0,28.633988628616805,77.21352106055937
107298,House Express 144,3,3.0,3.1,Good,250.0,28.53183314488818,77.35757630908141
107299,Kitchen Kitchen 416,2,2.0,3.5,Good,1849.0,28.501538517201205,77.0482779794981
107300,Haldiram's,5,2.0,3.3,Good,153.0,19.07525248436057,72.91719558192953
107301,Kitchen Cafe 87,1,1.0,2.2,Average,1117.0,28.64257998983822,77.20423051460014
107302,Spice Express 939,3,2.0,3.4,Good,285.0,28.49811019975916,77.4234879202714
107303,The Belgian Waffle Co,1,1.0,1.4,Poor,404.0,28.55104628603215,77.19483074882301
107304,Cafe Coffee Day,10,1.0,3.3,Good,9.0,22.58669217350796,88.36172019999762
107305,The Food Studio 466,1,3.0,2.5,Average,345.0,28.600466772704053,77.2820111591294
107306,Curry Point 784,11,5.0,2.9,Average,311.0,26.905656795061198,75.77429819350007
107307,Green Express 791,9,1.0,2.2,Average,93.0,13.000750881606185,80.28958897444075
107308,Barbeque Nation,1,3.0,3.4,Good,2033.0,28.67342189385619,77.19538166606598
107309,Bistro Restaurant 874,8,1.0,3.4,Good,102.0,17.388659494368092,78.49651539548474
107310,Urban Studio 122,1,1.0,4.0,Very Good,29.0,28.66061010847616,77.23336447602651
107311,The Food Restaurant 826,13,2.0,2.2,Average,388.0,25.15605973411846,55.23927098280119
107312,Curry Point 267,4,2.0,3.8,Good,35.0,28.412352712707975,77.29311846835915
107313,Cafe Point 38,1,3.0,3.5,Good,213.0,28.62816317862025,77.22886833861975
107314,Curry Lounge 548,2,2.0,2.9,Average,909.0,28.46418884920194,77.03225698371394
107315,Subway,1,2.0,3.7,Good,378.0,28.622072419855332,77.25003662093444
107316,Subway,14,2.0,3.0,Good,127.0,51.458752973824126,-0.11835282850308237
107317,Urban Restaurant 206,1,2.0,3.7,Good,130.0,28.624995400781838,77.27410592799568
107318,The Belgian Waffle Co,6,2.0,2.6,Average,775.0,12.942106187323771,77.61898864479743
107319,Cafe Hub 438,3,3.0,3.0,Good,37.0,28.513879993304837,77.45675278508004
107320,Grill Studio 519,12,1.0,3.6,Good,523.0,23.023077771654588,72.6305332467056
107321,Royal Lounge 70,1,1.0,4.0,Very Good,3367.0,28.601583087341876,77.18652990369198
107322,Royal Studio 557,4,1.0,3.0,Good,343.0,28.39859536702844,77.36961380084213
107323,Spice Garden 848,3,2.0,1.4,Poor,90.0,28.574839152854945,77.42390944025132
107324,Royal Express 701,6,1.0,2.9,Average,139.0,12.966138254317501,77.6250608394123
107325,McDonald's,1,2.0,3.2,Good,99.0,28.600008673039554,77.250475353979
107326,Starbucks,1,3.0,3.2,Good,80.0,28.609594273219173,77.19817870171384
107327,Kitchen Bites 218,1,2.0,3.4,Good,220.0,28.574997934609872,77.22049616627537
107328,Bistro Point 495,7,1.0,2.7,Average,381.0,18.526089680848138,73.84198085469542
107329,Grill Corner 104,1,3.0,3.9,Good,1589.0,28.639164418480107,77.28984457500509
107330,Urban Express 436,5,1.0,2.2,Average,12.0,19.086989428595302,72.85135027193274
107331,Green Garden 286,1,2.0,4.0,Very Good,10.0,28.615182988477347,77.16425464266703
107332,Curry Kitchen 753,10,2.0,4.2,Very Good,1739.0,22.59365171063347,88.33528625913713
107333,Bistro House 956,12,1.0,2.4,Average,163.0,23.0031060692095,72.56947501055726
107334,Burger King,4,3.0,0.0,Not rated,103.0,28.41027367322589,77.31563686826635
107335,Urban Garden 230,2,1.0,3.3,Good,348.0,28.508440781944465,77.05775537064083
107336,Burger King,1,4.0,2.8,Average,131.0,28.603607348922562,77.21008481179669
107337,Biryani Blues,1,1.0,2.7,Average,1925.0,28.63517601204264,77.19168220225335
107338,Tasty Bites 813,1,1.0,0.0,Not rated,166.0,28.636051448687038,77.22590279954743
107339,Kitchen Corner 625,6,1.0,0.0,Not rated,51.0,12.945081277360549,77.63536918931851
107340,Cafe Corner 707,4,1.0,4.3,Very Good,148.0,28.43297795797051,77.3250495779426
107341,Domino's Pizza,12,2.0,3.3,Good,155.0,23.001260310816257,72.60180289981277
107342,Grill Express 492,2,2.0,2.8,Average,63.0,28.474517201161465,77.02951834936499
107343,Domino's Pizza,6,3.0,3.4,Good,1571.0,12.949796382976496,77.5855061395051
107344,Green Bites 726,3,1.0,2.9,Average,198.0,28.54533711039749,77.41544219433467
107345,Urban Restaurant 88,4,1.0,2.9,Average,39.0,28.41342283403004,77.32580209481002
107346,Tasty Bites 535,1,2.0,3.2,Good,302.0,28.61781783547778,77.24415469233047
107347,The Food Hub 667,3,1.0,2.4,Average,922.0,28.545018641576487,77.44497762752408
107348,The Food Restaurant 961,3,2.0,3.4,Good,716.0,28.51692706381551,77.38703359041517
107349,Grill Garden 635,6,2.0,2.3,Average,57.0,12.93077778367543,77.61724157747224
107350,House Cafe 742,12,1.0,2.5,Average,39.0,23.025356226286068,72.60878052664538
107351,Kitchen Studio 175,2,3.0,3.3,Good,1107.0,28.49809776512969,77.04096052483786
107352,Kitchen Studio 337,1,2.0,1.7,Poor,17.0,28.634313537772275,77.22685472605177
107353,Cafe Express 773,3,2.0,3.7,Good,322.0,28.551153668928446,77.396018735707
107354,Grill Restaurant 114,4,1.0,1.7,Poor,64.0,28.391018956913065,77.32673981549203
107355,Spice Hub 147,1,1.0,3.4,Good,982.0,28.62042719243028,77.2272653700489
107356,Starbucks,7,1.0,2.2,Average,39.0,18.49133264942063,73.83542749274892
107357,Bistro Lounge 624,14,1.0,2.7,Average,60.0,51.49257442426927,-0.187243602171661
107358,House Bites 859,12,1.0,3.3,Good,402.0,23.034998451142584,72.56833003628007
107359,McDonald's,1,3.0,4.8,Excellent,699.0,28.55031678337122,77.20307957973084
107360,Grill Point 655,10,2.0,3.3,Good,1017.0,22.633133892102187,88.4206037502635
107361,Curry Kitchen 474,6,2.0,1.9,Poor,246.0,12.92490403982594,77.60496614916728
107362,Pizza Hut,3,1.0,3.6,Good,307.0,28.601605035801764,77.41067083352658
107363,Grill Garden 938,4,3.0,3.2,Good,675.0,28.379538404350622,77.30339541010892
107364,Kitchen Kitchen 809,9,1.0,3.0,Good,31.0,13.052992653261887,80.24984445852965
107365,Green House 509,3,3.0,3.8,Good,69.0,28.521583996420542,77.36178758950722
107366,Royal Lounge 401,2,4.0,2.2,Average,29.0,28.444120190218445,76.9824926120497
107367,Urban Kitchen 187,3,2.0,3.2,Good,6.0,28.514324603808596,77.41642503093775
107368,House Corner 215,5,4.0,3.3,Good,533.0,19.063030062999438,72.88843207668386
107369,Kitchen House 870,1,2.0,4.0,Very Good,1296.0,28.617110029954468,77.26070413871585
107370,Urban Cafe 252,11,1.0,3.5,Good,389.0,26.880990291452157,75.8065401038861
107371,Curry Lounge 82,6,1.0,1.9,Poor,219.0,13.001024986455404,77.60310065391256
107372,Kitchen Cafe 12,5,1.0,3.8,Good,230.0,19.12542764521845,72.80835196170739
107373,Spice Restaurant 815,1,1.0,0.0,Not rated,96.0,28.545835270164986,77.2757908436089
107374,Bistro Cafe 646,5,2.0,2.2,Average,1215.0,19.140938570675857,72.87907074610156
107375,Urban Studio 480,1,1.0,3.0,Good,1207.0,28.64093889332909,77.13606655849574
107376,Kitchen Express 152,1,3.0,4.1,Very Good,106.0,28.622914623503643,77.21690248149064
107377,Tasty House 600,4,1.0,2.2,Average,584.0,28.388801896550905,77.2894184813081
107378,Pizza Hut,2,2.0,4.1,Very Good,1031.0,28.465331568351697,76.9969690456437
107379,The Belgian Waffle Co,5,4.0,2.6,Average,359.0,19.107410855521948,72.8870276111305
107380,Grill Lounge 769,1,1.0,2.5,Average,253.0,28.70524697626848,77.18843845602332
107381,Starbucks,3,2.0,2.6,Average,248.0,28.612217675625363,77.42693410671612
107382,Bistro Corner 788,1,2.0,4.1,Very Good,34.0,28.56039831602646,77.20495879317863
107383,Kitchen Point 130,14,1.0,2.7,Average,22.0,51.50012626460836,-0.11380344033994724
107384,Spice Restaurant 763,5,2.0,2.4,Average,406.0,19.07871334973371,72.89753060469656
107385,Biryani Blues,6,1.0,3.3,Good,47.0,13.018624446205225,77.6034142169537
107386,Cafe Kitchen 11,2,3.0,3.8,Good,36.0,28.45656507023905,77.03410130900038
107387,Grill Hub 874,1,2.0,3.6,Good,14.0,28.58746627950711,77.21395715597433
107388,Curry Garden 138,13,2.0,3.0,Good,96.0,25.20668261170538,55.32307261506489
107389,Kitchen Express 125,1,3.0,3.6,Good,317.0,28.600413279547787,77.23853630930937
107390,Tasty Corner 588,2,1.0,2.6,Average,281.0,28.49402797537448,77.00242134301908
107391,Haldiram's,6,2.0,4.3,Very Good,671.0,13.0551657094406,77.55569740161557
107392,Grill Kitchen 877,1,3.0,4.1,Very Good,135.0,28.64576956590536,77.18120955329869
107393,Urban Corner 291,8,3.0,4.1,Very Good,253.0,17.41827984154556,78.50167350960415
107394,Royal Garden 218,4,3.0,3.9,Good,611.0,28.45214558928237,77.27914645022608
107395,Green House 72,1,1.0,3.3,Good,332.0,28.629808924459507,77.18615211263528
107396,Bistro Lounge 509,1,4.0,2.8,Average,80.0,28.5999439838545,77.16199432558507
107397,Burger King,1,1.0,3.4,Good,276.0,28.60339236235781,77.24160538446299
107398,Barbeque Nation,11,2.0,3.3,Good,15.0,26.950760088046845,75.81049911743413
107399,Starbucks,6,1.0,3.8,Good,207.0,12.981712814222062,77.62535319687083
107400,Bistro Cafe 411,1,4.0,4.1,Very Good,102.0,28.579520310015578,77.1923822134146
107401,Green Express 248,1,2.0,3.6,Good,1326.0,28.659719271478853,77.14744299115497
107402,Spice Restaurant 8,6,2.0,2.1,Average,42.0,12.944505965125508,77.56538010159822
107403,Grill Express 999,5,1.0,2.9,Average,197.0,19.036541634097492,72.83054605638819
107404,Tasty Kitchen 376,2,2.0,2.8,Average,97.0,28.428808661720026,76.97907764261524
107405,The Food Studio 682,2,3.0,3.6,Good,98.0,28.47022352186008,77.06639294787252
107406,House Express 882,1,2.0,2.9,Average,273.0,28.647945346006995,77.20035936451677
107407,Tasty Point 599,6,1.0,2.8,Average,98.0,12.98051451033708,77.60472708912675
107408,Royal Express 356,13,2.0,3.5,Good,1968.0,25.18531000062248,55.30941110654863
107409,URBAN KITCHEN 389,1,1.0,2.7,Average,13.0,28.58562259864105,77.17331634794685
107410,Tasty Bites 629,5,2.0,3.3,Good,409.0,19.102989220519625,72.89919856443797
107411,McDonald's,2,1.0,2.0,Average,125.0,28.456255189432998,76.97576109569034
107412,Green Studio 498,3,1.0,2.5,Average,146.0,28.54743515283076,77.39983717524353
107413,Domino's Pizza,1,1.0,3.4,Good,277.0,28.6089905284016,77.24636712085172
107414,Grill Cafe 432,9,1.0,2.2,Average,508.0,13.093180436856187,80.2308238368775
107415,House House 420,3,1.0,3.8,Good,289.0,28.549158677487092,77.41999939077859
107416,Subway,4,3.0,4.0,Very Good,758.0,28.493788110172115,77.32566980191707
107417,Grill Kitchen 387,1,2.0,0.0,Not rated,95.0,28.627987074378648,77.19309837784958
107418,The Food Kitchen 837,1,1.0,4.9,Excellent,72.0,28.60034136822932,77.16698339087104
107419,Tasty Kitchen 36,1,2.0,4.0,Very Good,194.0,28.620046444397378,77.2174631981083
107420,Cafe Restaurant 473,7,2.0,2.6,Average,673.0,18.487162824674066,73.87398440542678
107421,Kitchen Bites 914,1,3.0,3.9,Good,127.0,28.580355066510204,77.19788984245908
107422,Haldiram's,6,1.0,3.0,Good,44.0,13.015338689833229,77.56026496628421
107423,House Garden 420,2,1.0,2.5,Average,338.0,28.470145610323016,77.05328623493043
107424,Spice Express 987,2,4.0,2.9,Average,259.0,28.498665297797093,77.0680591485925
107425,Subway,3,1.0,3.6,Good,75.0,28.478627939674787,77.42437770725911
107426,Grill Corner 139,2,1.0,2.6,Average,119.0,28.425356498750276,77.08221732006525
107427,Green Corner 271,1,1.0,2.9,Average,,28.624337984393804,77.18619564052995
107428,Burger King,1,1.0,2.4,Average,153.0,28.585047412148,77.15946801553903
107429,McDonald's,6,4.0,3.1,Good,399.0,12.921760949633331,77.60897126134395
107430,Grill Kitchen 270,6,1.0,2.9,Average,102.0,12.933838123276477,77.58049644425782
107431,House Garden 465,1,3.0,3.7,Good,486.0,28.602659265682064,77.24356767326815
107432,Biryani Blues,3,4.0,1.9,Poor,70.0,28.549958569746984,77.35470576234592
107433,Pizza Hut,1,2.0,3.2,Good,1461.0,28.673930564982175,77.17526553430149
107434,Spice Cafe 422,1,1.0,2.5,Average,1286.0,28.57705925461997,77.21138224763425
107435,Spice House 508,1,1.0,3.9,Good,72.0,28.578868548754006,77.21512477303659
107436,Bistro Bites 881,11,2.0,5.0,Excellent,58.0,26.861617171180004,75.81091826109285
107437,Bistro Corner 584,1,1.0,2.8,Average,566.0,28.633959009443927,77.2055572930725
107438,Haldiram's,1,2.0,2.1,Average,197.0,28.61826834631489,77.14189979360496
107439,The Food Cafe 522,1,1.0,3.1,Good,354.0,28.580130842574512,77.32981504662824
107440,The Food Express 773,1,3.0,3.3,Good,82.0,28.58482120425521,77.21017332858649
107441,Urban Restaurant 243,5,2.0,4.5,Excellent,205.0,19.071662495891776,72.97879848486812
107442,Kitchen Lounge 767,1,2.0,0.0,Not rated,58.0,28.611542463130867,77.20459191609044
107443,Royal Studio 127,1,3.0,4.0,Very Good,317.0,28.577511189658896,77.17215041224082
107444,Green Corner 658,6,1.0,2.6,Average,33.0,12.977801572250184,77.58349345762457
107445,Grill Lounge 123,2,1.0,3.4,Good,167.0,28.411331006664614,77.0651177778038
107446,Tasty Garden 795,6,1.0,3.2,Good,37.0,12.973315456408095,77.61627407962469
107447,Spice Point 313,5,1.0,3.2,Good,95.0,19.069784796749623,72.88846638926212
107448,Cafe Lounge 779,1,2.0,2.2,Average,129.0,28.627938819715215,77.20685376516637
107449,Urban Lounge 506,6,1.0,3.7,Good,383.0,13.013994770475415,77.59912696744054
107450,Barbeque Nation,1,1.0,3.1,Good,372.0,28.600926323170373,77.20378628981767
107451,Bistro Express 985,4,4.0,3.5,Good,503.0,28.40891396594739,77.35968914150348
107452,Bistro Point 220,3,1.0,0.0,Not rated,14.0,28.46617618861114,77.42305840713468
107453,Curry Studio 15,1,2.0,2.7,Average,791.0,28.682910230311364,77.17601662549595
107454,Urban Point 735,5,1.0,3.2,Good,81.0,19.01087924686919,72.82599052189909
107455,Domino's Pizza,10,1.0,1.9,Poor,66.0,22.569699593570242,88.3209869686875
107456,Urban Express 198,15,2.0,3.7,Good,284.0,1.2628989460957811,103.80733036691586
107457,House House 993,5,4.0,2.9,Average,111.0,19.047101896600783,72.88544020905564
107458,Haldiram's,2,1.0,1.7,Poor,205.0,28.520240669259156,77.02467934635337
107459,McDonald's,1,1.0,4.2,Very Good,449.0,28.653964842672703,77.23105597676567
107460,Royal Corner 947,1,1.0,2.4,Average,58.0,28.64837541291458,77.20849138977572
107461,House Hub 884,3,1.0,2.5,Average,124.0,28.528753669278686,77.44684977992664
107462,Urban Cafe 36,2,1.0,3.7,Good,167.0,28.51728250051396,77.04440784706942
107463,Kitchen Studio 473,11,2.0,4.4,Very Good,785.0,26.921407623211728,75.78792854875904
107464,Cafe Coffee Day,2,1.0,2.0,Average,78.0,28.48364451513496,76.97372181287808
107465,Urban Corner 58,2,2.0,2.6,Average,84.0,28.552141824802522,77.03886018657629
107466,Curry Restaurant 606,2,2.0,2.6,Average,44.0,28.497661277293325,77.04406997701298
107467,The Food Kitchen 579,9,1.0,3.6,Good,63.0,13.080408973314874,80.24572247139646
107468,Cafe Coffee Day,6,1.0,4.1,Very Good,41.0,12.989465010637874,77.55413191077001
107469,Green Lounge 659,5,4.0,2.9,Average,70.0,19.12514470068214,72.91601555079272
107470,Biryani Blues,2,1.0,3.9,Good,1556.0,28.48128649007427,76.99270031627088
107471,Cafe Garden 102,9,3.0,2.9,Average,404.0,13.110107190361324,80.27649488288986
107472,Royal Hub 769,1,1.0,3.2,Good,898.0,28.6589777121341,77.2100473488149
107473,Curry Corner 602,10,2.0,0.0,Not rated,27.0,22.6611548723708,88.37953009690467
107474,Grill Studio 155,4,1.0,2.9,Average,14.0,28.376181828460705,77.28415662187466
107475,The Food Cafe 417,2,1.0,2.9,Average,253.0,28.48407277833282,77.02238134136596
107476,McDonald's,3,1.0,2.8,Average,1690.0,28.551585539193994,77.35713981219784
107477,Curry Garden 813,6,1.0,3.3,Good,101.0,12.958100795250493,77.59719432468705
107478,Cafe Coffee Day,1,3.0,2.7,Average,185.0,28.591241617000833,77.22664248966491
107479,Starbucks,10,2.0,2.6,Average,22.0,22.630421905973282,88.39523952017268
107480,Green Hub 430,3,1.0,3.3,Good,192.0,28.499721580851784,77.44331823775114
107481,Haldiram's,2,2.0,4.1,Very Good,189.0,28.410183318618685,77.01737477192411
107482,Spice Corner 198,1,3.0,3.4,Good,13.0,28.594195499929974,77.19915627996255
107483,Grill House 102,3,2.0,3.5,Good,53.0,28.47313343415903,77.43554225516105
107484,Green Corner 487,3,1.0,3.5,Good,48.0,28.50589413729406,77.41112858189894
107485,Haldiram's,2,3.0,,Good,29.0,28.422660523553894,77.06989891424203
107486,Bistro Bites 174,6,1.0,2.4,Average,61.0,12.974611618767184,77.66293813328636
107487,McDonald's,2,2.0,2.7,Average,307.0,28.510091920419832,76.99707354121976
107488,Spice Cafe 344,13,2.0,2.8,Average,75.0,25.184175965373704,55.29912540161347
107489,Green House 915,5,3.0,4.7,Excellent,1063.0,19.10627855467573,72.85672772116472
107490,Bistro Hub 72,8,3.0,3.7,Good,129.0,17.411294191680955,78.54142146862581
107491,Green House 982,1,3.0,3.7,Good,305.0,28.536183499541036,77.16742798844729
107492,Spice Corner 348,2,1.0,3.2,Good,338.0,28.44018272546563,77.05871783103535
107493,Cafe Express 31,2,3.0,0.0,Not rated,612.0,28.446339573234646,77.00722352089467
107494,Barbeque Nation,5,1.0,4.3,Very Good,94.0,19.089351021594606,72.8971048328207
107495,Kitchen Cafe 989,10,1.0,3.3,Good,323.0,22.592552297968354,88.40828402010801
107496,Barbeque Nation,1,2.0,3.7,Good,62.0,28.6254789339137,77.18645995949565
107497,Barbeque Nation,1,2.0,2.1,Average,1229.0,28.58257524406171,77.15760756063106
107498,Domino's Pizza,9,2.0,0.0,Not rated,24.0,13.060533798086265,80.26163552107147
107499,Royal Hub 96,1,2.0,3.0,Good,281.0,28.561286511527104,77.19544048823367
107500,Haldiram's,6,3.0,2.5,Average,1095.0,12.973923489050566,77.5496438451811
107501,Cafe Corner 762,4,1.0,2.4,Average,34.0,28.3960485054603,77.24746767893092
107502,Urban Bites 400,9,1.0,2.2,Average,307.0,13.101343367288214,80.3132831617294
107503,Royal Kitchen 26,1,3.0,2.6,Average,46.0,28.638290790272922,77.26120657259962
107504,The Food Express 892,1,1.0,3.0,Good,3198.0,28.602217997146578,77.18793367515954
107505,The Food Restaurant 418,5,2.0,2.9,Average,16.0,19.085873453594857,72.86745858662297
107506,Curry Kitchen 584,12,2.0,0.0,Not rated,13.0,23.01494633072276,72.59967209677374
107507,KFC,2,2.0,4.3,Very Good,57.0,28.420527928046965,77.05542240614237
107508,Spice Studio 263,2,2.0,3.1,Good,45.0,28.431494319813435,77.08886924750809
107509,Tasty Corner 149,5,1.0,1.5,Poor,240.0,18.996588397171678,72.89945665260535
107510,The Food Garden 878,12,3.0,3.2,Good,1726.0,23.008648911381727,72.5355124222612
107511,Royal Hub 370,9,1.0,3.8,Good,879.0,13.061925958246764,80.29838769343255
107512,The Belgian Waffle Co,15,1.0,2.9,Average,228.0,1.3137702132116418,103.79537664279782
107513,Royal Express 186,1,1.0,4.0,Very Good,219.0,28.64257126681874,77.2067037316045
107514,Biryani Blues,1,2.0,3.5,Good,91.0,28.632319836214446,77.24793868352546
107515,Urban Hub 978,5,2.0,2.0,Average,227.0,19.09538115932019,72.84601103573421
107516,House Restaurant 18,9,4.0,3.7,Good,156.0,13.10690684825382,80.26813781297905
107517,The Food Restaurant 844,1,2.0,3.4,Good,240.0,28.613837272441682,77.16609785758202
107518,Curry Hub 385,1,2.0,3.9,Good,84.0,28.613477322701993,77.17439633473214
107519,Green Bites 188,8,3.0,4.6,Excellent,55.0,17.41405728521131,78.46755978184562
107520,House Express 324,1,2.0,3.8,Good,214.0,28.63725455560147,77.2660575564131
107521,McDonald's,2,2.0,3.5,Good,195.0,28.49545954737201,77.02776796584064
107522,Urban Bites 477,3,2.0,3.6,Good,94.0,28.53397372095232,77.48354290767722
107523,The Food Restaurant 571,5,1.0,2.9,Average,65.0,19.04147671174271,72.91112148196594
107524,The Belgian Waffle Co,7,3.0,2.4,Average,306.0,18.528698612603424,73.89107271182009
107525,Pizza Hut,2,1.0,3.0,Good,307.0,28.43926115983304,76.98831290316751
107526,Kitchen Cafe 554,5,2.0,3.4,Good,1985.0,19.09887374560014,72.87232775969547
107527,Tasty Corner 135,5,2.0,2.4,Average,857.0,19.08607301490964,72.83769494609136
107528,Biryani Blues,4,3.0,4.3,Very Good,52.0,28.410700434880283,77.30695624230862
107529,Kitchen Lounge 596,6,3.0,4.1,Very Good,174.0,12.957879066134044,77.57860449467448
107530,Urban Hub 825,1,2.0,2.3,Average,27.0,28.648923674963886,77.20753328618646
107531,Tasty Restaurant 293,1,2.0,4.1,Very Good,22.0,28.646236505839294,77.23789350918301
107532,Grill House 262,1,1.0,2.8,Average,2592.0,28.594282903174747,77.19983260280529
107533,Tasty Lounge 691,1,2.0,2.7,Average,1037.0,28.57090659708812,77.23852368393051
107534,Green Studio 389,3,3.0,4.1,Very Good,100.0,28.54178058863228,77.33969318770643
107535,Spice Lounge 539,9,3.0,3.4,Good,899.0,13.12420658854992,80.28638924018853
107536,Curry Garden 25,6,3.0,4.6,Excellent,1410.0,12.927437391556367,77.57934990591316
107537,Green Studio 841,8,1.0,0.0,Not rated,8.0,17.40146267722564,78.49557196384932
107538,Urban Cafe 113,2,3.0,2.3,Average,432.0,28.43076589011782,77.05680246737309
107539,Curry Garden 635,2,4.0,3.4,Good,102.0,28.423908351899797,76.97614674670358
107540,Royal Kitchen 448,2,1.0,3.5,Good,313.0,28.492091458264515,77.07801815954038
107541,Spice House 585,1,2.0,2.6,Average,6865.0,28.63666195820605,77.20222229649463
107542,Grill Point 403,1,3.0,2.5,Average,1131.0,28.608569835067208,77.27416746819011
107543,,5,2.0,3.3,Good,158.0,19.10363249464512,72.88018542836255
107544,Kitchen Point 286,14,4.0,2.6,Average,943.0,51.53132318869829,-0.0815689223942613
107545,Grill House 277,1,2.0,3.4,Good,17.0,28.561881322006577,77.21109138485316
107546,Spice Lounge 162,1,2.0,3.0,Good,326.0,28.616849499635066,77.21835300090243
107547,Biryani Blues,8,3.0,3.7,Good,392.0,17.43444818391584,78.49076781316454
107548,Tasty Express 281,1,2.0,2.3,Average,360.0,28.630483491381185,77.20131655181673
107549,Royal Restaurant 877,9,3.0,4.2,Very Good,120.0,12.991147758708511,80.26169286346685
107550,KFC,6,2.0,3.1,Good,286.0,12.934127277851283,77.60249472730054
107551,Green Restaurant 745,12,1.0,3.5,Good,566.0,23.057352088907756,72.59059202364757
107552,Bistro Hub 888,2,1.0,3.6,Good,10.0,28.439999221761873,77.03477486633628
107553,Pizza Hut,6,1.0,2.2,Average,98.0,13.010846869923164,77.61277120342051
107554,Subway,3,2.0,3.8,Good,67.0,28.607113586927206,77.33786550413987
107555,Spice Corner 22,5,3.0,2.5,Average,356.0,19.067671826498668,72.90933952558053
107556,Haldiram's,3,1.0,2.1,Average,799.0,28.51387561632206,77.3650097411773
107557,The Food Restaurant 732,1,1.0,4.3,Very Good,107.0,28.57868469456912,77.15134041402442
107558,Curry Point 608,4,1.0,3.7,Good,52.0,28.435438517921316,77.38246335070473
107559,Domino's Pizza,4,2.0,4.5,Excellent,280.0,28.387806197179085,77.36715695069806
107560,Haldiram's,8,4.0,3.4,Good,44.0,17.37092172121951,78.48633308421371
107561,Cafe Kitchen 125,7,2.0,3.3,Good,140.0,18.481600007592235,73.89413704774353
107562,Tasty Corner 24,6,2.0,3.5,Good,128.0,12.956460242141874,77.58300706615752
107563,Urban House 582,1,2.0,3.2,Good,375.0,28.58916493344702,77.19257081471581
107564,House Hub 841,7,1.0,2.5,Average,231.0,18.451030585756357,73.83589867249364
107565, The Belgian Waffle Co ,3,2.0,2.6,Average,195.0,28.50614636431267,77.36860907080968
107566,Curry Restaurant 852,11,2.0,3.3,Good,1439.0,26.938516636839232,75.77823223340833
107567,Grill Cafe 745,11,2.0,2.5,Average,218.0,26.959614847844236,75.76231175158625
107568,Bistro Cafe 46,1,3.0,2.7,Average,96.0,28.61016655863569,77.10930155984995
107569,Grill Restaurant 345,9,3.0,3.7,Good,140.0,13.083879330775193,80.26428005077773
107570,Urban Lounge 436,1,3.0,3.3,Good,71.0,28.623909386197308,77.17507790716282
107571,The Food House 251,2,3.0,4.0,Very Good,60.0,28.5281913791597,77.0370044546134
107572,Domino's Pizza,4,4.0,3.3,Good,32.0,28.373555236735186,77.30940615482903
107573,Cafe Lounge 284,1,2.0,2.8,Average,688.0,28.569725005823646,77.23121845364403
107574,Green House 122,7,1.0,3.3,Good,75.0,18.51859418013296,73.85715686057749
107575,Bistro Point 976,1,2.0,2.7,Average,241.0,28.627697329530886,77.16467510290072
107576,Urban Lounge 904,1,3.0,3.0,Good,119.0,28.612732143111963,77.16468526175787
107577,KFC,5,1.0,2.6,Average,153.0,19.028241038876317,72.8342651737128
107578,Grill Bites 379,7,1.0,2.9,Average,720.0,18.551368260677098,73.82646670384347
107579,Kitchen Lounge 145,11,1.0,4.2,Very Good,282.0,26.907565174420682,75.76270522704537
107580,The Food Hub 997,6,2.0,2.3,Average,47.0,12.99100320431201,77.62677693601567
107581,The Belgian Waffle Co,6,2.0,4.0,Very Good,107.0,13.025947707749946,77.60111990349023
107582,House Corner 71,2,1.0,3.5,Good,569.0,28.40828492849713,76.96146375896429
107583,Kitchen Point 285,1,1.0,4.0,Very Good,397.0,28.553757409853464,77.17835520894049
107584,Spice Studio 330,1,2.0,0.0,Not rated,285.0,28.63369476087565,77.20771749481304
107585,Cafe Cafe 612,4,1.0,3.9,Good,157.0,28.337693289206282,77.28265036346988
107586,Cafe Restaurant 280,6,1.0,3.6,Good,34.0,12.957604274005408,77.5974359025466
107587,Tasty Studio 152,2,2.0,0.0,Not rated,169.0,28.439504610970946,76.99723445786825
107588,Urban Corner 564,7,2.0,2.4,Average,209.0,18.53299483103946,73.85200442994766
107589,The Belgian Waffle Co,4,1.0,3.2,Good,257.0,28.385586208222993,77.29788420575079
107590,Royal Restaurant 789,1,2.0,2.1,Average,25.0,28.631118816265058,77.21292654399537
107591,Urban Restaurant 520,1,1.0,3.4,Good,85.0,28.57655537833825,77.2594271927759
107592,McDonald's,9,3.0,2.0,Average,43.0,13.039227228485103,80.30195346556056
107593,Grill Studio 611,7,1.0,3.7,Good,334.0,18.521074903087626,73.8188577715883
107594,The Food Corner 153,11,1.0,2.8,Average,286.0,26.916084851680786,75.87519327470515
107595,Tasty Hub 35,1,3.0,3.5,Good,184.0,28.624232248163516,77.25032747366201
107596,Grill Kitchen 509,14,2.0,2.7,Average,546.0,51.559185178794664,-0.15180681433964507
107597,Kitchen Hub 479,1,1.0,1.8,Poor,862.0,28.658721349162892,77.178679069764
107598,Pizza Hut,1,1.0,,Good,322.0,28.62970660196661,77.22091720224498
107599,Green House 320,15,3.0,4.3,Very Good,536.0,1.3804287630090826,103.84445453208673
107600,Subway,1,3.0,3.2,Good,92.0,28.623074866497777,77.27085030517864
107601,Curry Corner 9,6,1.0,3.4,Good,76.0,13.012882582893205,77.6123959086815
107602,Royal Cafe 97,1,2.0,2.9,Average,601.0,28.626635890423046,77.1857687995255
107603,Grill Hub 565,5,1.0,3.2,Good,60.0,19.05667151298396,72.8599424191837
107604,Urban Lounge 119,11,2.0,3.7,Good,485.0,26.88606372348128,75.80923147128235
107605,Urban Bites 181,1,1.0,3.4,Good,1631.0,28.654184344208108,77.16208409135221
107606,Kitchen Express 579,6,1.0,3.9,Good,480.0,12.965192015974594,77.64691278143647
107607,The Belgian Waffle Co,1,1.0,3.3,Good,168.0,28.680987902134174,77.18993797684202
107608,Tasty Kitchen 905,5,2.0,3.2,Good,34.0,19.03734459924773,72.9112830108469
107609,Barbeque Nation,2,1.0,2.5,Average,191.0,28.503300395707065,77.06857991992513
107610,Green Corner 271,1,1.0,2.7,Average,575.0,28.59897298424827,77.31592182172103
107611,Spice Corner 88,1,1.0,3.5,Good,155.0,28.62815430386514,77.1983151669568
107612,Subway,1,1.0,2.0,Average,501.0,28.568339419872267,77.19927366199504
107613,Curry Kitchen 31,11,2.0,3.9,Good,335.0,26.84805268058275,75.77576349186695
107614,Starbucks,2,1.0,2.8,Average,239.0,28.511299497433555,77.03268047268897
107615,Green Hub 582,1,2.0,2.7,Average,109.0,28.598546049318617,77.1864400591678
107616,House House 71,3,1.0,2.3,Average,24.0,28.569987992235188,77.43341726661114
107617,Royal Corner 671,1,1.0,3.4,Good,111.0,28.590924413557318,77.24428566886634
107618,Grill Restaurant 384,7,2.0,3.2,Good,105.0,18.55493548691175,73.84770522231497
107619,Starbucks,13,4.0,4.6,Excellent,508.0,25.189798187176283,55.24592617709102
107620,Kitchen Point 979,3,1.0,2.2,Average,143.0,28.493133278070324,77.37573341329242
107621,Bistro Garden 320,10,1.0,2.6,Average,617.0,22.595226971183266,88.34748129672015
107622,Spice Garden 671,5,2.0,3.1,Good,253.0,19.10906101823718,72.8949826554864
107623,McDonald's,1,4.0,3.1,Good,94.0,28.636315116705795,77.21575777176677
107624,Tasty Point 873,6,4.0,3.6,Good,71.0,12.966533647833856,77.62336649348394
107625,Tasty Corner 110,4,2.0,3.4,Good,89.0,28.3476900033493,77.36985726651568
107626,Kitchen Point 8,6,2.0,3.5,Good,237.0,12.934186858073314,77.60505298332075
107627,Bistro Restaurant 818,10,2.0,4.2,Very Good,142.0,22.5480296322255,88.38465699874119
107628,Green Restaurant 317,3,2.0,2.4,Average,39.0,28.526460850733255,77.47697055316299
107629,Royal Garden 241,11,2.0,3.4,Good,669.0,26.951977969628093,75.80727367914147
107630,Tasty Kitchen 503,7,3.0,3.0,Good,210.0,18.516292240837366,73.83956142386083
107631,Grill Hub 168,3,2.0,3.5,Good,274.0,28.461768180793044,77.38860865337597
107632,Urban Restaurant 696,5,2.0,3.5,Good,69.0,18.98531764379291,72.81939607609675
107633,Barbeque Nation,2,2.0,2.6,Average,43.0,28.435183545070085,77.04569125758486
107634,Royal House 464,14,2.0,0.0,Not rated,73.0,51.48943365135223,-0.14703284128481267
107635,Grill House 868,6,2.0,3.5,Good,15.0,12.984047667544754,77.5634228957258
107636,Tasty Express 955,1,2.0,3.2,Good,482.0,28.563062592267848,77.17872208180201
107637,TASTY HUB 877,2,1.0,2.9,Average,70.0,28.41110638533623,77.06662096036501
107638,KFC,5,1.0,0.0,Not rated,64.0,19.091875649776924,72.86864044468828
107639,Cafe Studio 906,1,2.0,3.7,Good,346.0,28.660597213755242,77.23575132344537
107640,Grill Studio 523,1,3.0,3.1,Good,134.0,28.54517617342035,77.22250091148754
107641,The Food Cafe 301,3,1.0,2.4,Average,35.0,28.50858713357327,77.39801226621242
107642,Urban Bites 164,2,2.0,2.4,Average,1002.0,28.498393387124977,77.01318664445336
107643,House Point 371,3,1.0,3.0,Good,25.0,28.568157654011596,77.40835093692374
107644,Burger King,1,1.0,2.1,Average,8.0,28.581500799158828,77.19409345227281
107645,Urban Lounge 311,1,4.0,3.7,Good,606.0,28.654495732999166,77.21447604963055
107646,Curry Garden 997,6,3.0,4.2,Very Good,36.0,12.973171746470031,77.63331845056048
107647,Subway,4,1.0,2.8,Average,797.0,28.432001800162464,77.36389548368044
107648,The Food Point 315,1,2.0,2.9,Average,272.0,28.589258826307287,77.19373871643462
107649,Starbucks,1,1.0,4.3,Very Good,330.0,28.624134581164004,77.22202646418327
107650,Bistro House 561,5,4.0,4.6,Excellent,121.0,19.03519671205039,72.89814956477309
107651,KFC,1,1.0,2.5,Average,55.0,28.59474286774019,77.21731010398962
107652,Pizza Hut,1,1.0,3.1,Good,111.0,28.603509266209066,77.23572471479763
107653,Tasty Garden 620,1,2.0,3.4,Good,63.0,28.61880445344206,77.2361128632003
107654,Kitchen Hub 366,9,3.0,3.5,Good,879.0,13.166928554886985,80.33501750619352
107655,Royal Corner 994,7,1.0,4.2,Very Good,89.0,18.6099950909888,73.93216952871931
107656,Bistro Garden 821,7,2.0,3.3,Good,350.0,18.506823324079985,73.85093100266833
107657,Urban Kitchen 104,7,1.0,3.2,Good,639.0,18.572185972210683,73.91481047276756
107658,Cafe Studio 793,6,3.0,3.8,Good,69.0,12.932779659366503,77.60996831579307
107659,Haldiram's,3,1.0,3.8,Good,332.0,28.54947469941286,77.38478789065007
107660,McDonald's,6,3.0,4.0,Very Good,70.0,12.947602175687514,77.61584814177598
107661,Spice Bites 440,1,2.0,3.5,Good,156.0,28.598116286145963,77.20084489050107
107662,Subway,5,1.0,2.0,Average,78.0,19.16912658428308,72.87620622385172
107663,Cafe Garden 513,8,4.0,3.3,Good,77.0,17.37145558264762,78.44832115393031
107664,Grill Hub 742,3,4.0,4.1,Very Good,270.0,28.512755523281168,77.39381486181334
107665,Haldiram's,2,2.0,3.4,Good,41.0,28.4244887755806,77.05924371890589
107666,Tasty Lounge 24,1,1.0,3.5,Good,621.0,28.586975664449717,77.23421958537733
107667,Tasty Garden 887,6,2.0,4.4,Very Good,61.0,12.921837720019436,77.60732929506085
107668,Kitchen Kitchen 837,6,2.0,2.4,Average,31.0,12.979399796324602,77.65538615090146
107669,Domino's Pizza,10,2.0,,Good,154.0,22.57977036251583,88.43859386783535
107670,McDonald's,2,2.0,3.0,Good,109.0,28.471320103860066,77.04403946131664
107671,Kitchen Garden 201,8,1.0,3.6,Good,309.0,17.384600082479253,78.54262004467631
107672,The Food Kitchen 822,5,2.0,3.2,Good,202.0,19.056141717789338,72.88992126791673
107673,Green Corner 122,10,2.0,4.6,Excellent,32.0,22.549610435453776,88.36697968970424
107674,Spice Garden 626,4,1.0,3.1,Good,611.0,28.414465127922302,77.35142967837984
107675,Grill House 5,4,2.0,2.8,Average,117.0,28.40709699207696,77.31533248383667
107676,Green Studio 146,5,2.0,0.0,Not rated,121.0,19.053748182537767,72.79511244824046
107677,Starbucks,7,2.0,3.4,Good,2983.0,18.510369030530793,73.84764406262897
107678,Grill House 55,13,1.0,3.7,Good,1014.0,25.258680706780265,55.21810291047135
107679,Green Hub 64,1,2.0,3.5,Good,252.0,28.6828560409423,77.19542361657881
107680,Green Kitchen 609,1,1.0,4.6,Excellent,44.0,28.606191905278386,77.18991825381984
107681,Cafe Cafe 619,12,2.0,3.1,Good,32.0,22.99681775489424,72.55252749160252
107682,Spice Kitchen 92,4,3.0,3.3,Good,795.0,28.40739151770611,77.28099447583104
107683,Spice Corner 215,5,2.0,2.8,Average,100.0,19.115755859612477,72.83573997057714
107684,Curry Kitchen 247,3,1.0,3.1,Good,144.0,28.533971473609544,77.3683553189296
107685,Starbucks,1,2.0,3.4,Good,45.0,28.62632816607489,77.19601514099676
107686,Urban Cafe 843,8,4.0,3.8,Good,362.0,17.361986320121108,78.4762663327969
107687,House Lounge 425,7,1.0,3.0,Good,725.0,18.47956585680553,73.86576207364442
107688,Starbucks,1,3.0,3.0,Good,1169.0,28.64055437358749,77.23372296371629
107689,The Belgian Waffle Co,1,2.0,2.6,Average,91.0,28.62071956318293,77.1736570944175
107690,Royal Express 701,9,3.0,3.2,Good,407.0,13.10565425512673,80.24008692755895
107691,Spice Restaurant 520,1,1.0,3.7,Good,180.0,28.554022239481363,77.26726549656597
107692,Cafe Bites 292,10,1.0,3.9,Good,638.0,22.63674250179641,88.39040695219241
107693,House Studio 842,1,3.0,3.3,Good,185.0,28.62272980767809,77.18185358413521
107694,Kitchen Corner 644,5,1.0,0.0,Not rated,32.0,19.01274687150688,72.83383022002214
107695,Subway,12,1.0,2.9,Average,887.0,23.057041781604212,72.55395293712438
107696,Kitchen Point 346,6,2.0,4.6,Excellent,280.0,12.958531394240419,77.58573928255987
107697,Bistro Kitchen 24,2,1.0,3.6,Good,128.0,28.46056777754154,77.05046520113376
107698,Royal Lounge 542,6,3.0,3.8,Good,259.0,12.954879710639547,77.51403091394091
107699,Curry Lounge 763,2,2.0,3.8,Good,82.0,28.456073630609968,76.99283810275824
107700,McDonald's,1,3.0,4.4,Very Good,398.0,28.61223679161043,77.27199844708971
107701,Cafe Corner 733,15,3.0,2.7,Average,127.0,1.2936475390449607,103.82036804123487
107702,KFC,7,1.0,2.7,Average,60.0,18.550701676268577,73.85888197070518
107703,Urban House 29,6,1.0,2.7,Average,3181.0,12.975550393501416,77.5748449638887
107704,Grill Kitchen 798,2,3.0,3.8,Good,58.0,28.47511663291439,77.05420373069329
107705,Royal Hub 916,1,,3.1,Good,276.0,28.642458283282256,77.14586909114992
107706,Biryani Blues,1,4.0,4.1,Very Good,238.0,28.618130083764672,77.19412597486759
107707,Cafe Bites 394,5,2.0,2.9,Average,47.0,19.087588275372994,72.80485866380751
107708,Curry Kitchen 549,8,1.0,3.9,Good,139.0,17.33353521805158,78.48600660210889
107709,Pizza Hut,4,3.0,3.4,Good,35.0,28.379836949663865,77.30218804226506
107710,Spice Studio 900,9,1.0,3.5,Good,2573.0,13.085675439642593,80.21365437666586
107711,Urban Corner 187,1,1.0,3.8,Good,148.0,28.62039966605906,77.24436897606252
107712,Grill Corner 690,2,2.0,3.9,Good,168.0,28.47352476132515,77.05075280574897
107713,Grill Express 804,1,3.0,3.6,Good,2260.0,28.663111616753756,77.24504197880594
107714,Grill Corner 16,3,2.0,3.7,Good,72.0,28.53220268744473,77.33826672916008
107715,Cafe Coffee Day,1,1.0,4.1,Very Good,1118.0,28.62660125741043,77.17387154395706
107716,The Food Point 818,12,1.0,3.3,Good,390.0,23.024564679475926,72.61347278806775
107717,Green House 988,1,1.0,2.5,Average,13.0,28.60515977599709,77.23736780723624
107718,KFC,11,1.0,3.4,Good,119.0,26.905020894703757,75.83642402703417
107719,Spice House 617,2,1.0,3.0,Good,300.0,28.43205000427238,77.01820187597754
107720,Tasty Lounge 361,14,2.0,1.7,Poor,136.0,51.50330463660026,-0.13162705191055657
107721,The Food House 683,5,3.0,3.7,Good,213.0,19.068339231042703,72.8992644138134
107722,Tasty Studio 699,12,1.0,3.1,Good,83.0,23.01719081163542,72.52411062358176
107723,Urban House 635,1,1.0,3.8,Good,85.0,28.55293343872818,77.21585327436235
107724,,7,3.0,0.0,Not rated,61.0,18.51693705764164,73.94542674060894
107725,Kitchen Restaurant 767,11,2.0,2.2,Average,1695.0,26.881703130110065,75.77477565987995
107726,Royal Kitchen 330,1,3.0,3.5,Good,62.0,28.611735175299803,77.15287977735157
107727,KFC,1,1.0,3.2,Good,99.0,28.575583062408043,77.22338844032035
107728,The Food Hub 398,2,1.0,3.1,Good,184.0,28.46124744103513,76.99505940206635
107729,Barbeque Nation,12,2.0,3.2,Good,29.0,23.012106125105806,72.56765557312258
107730,Green Point 373,4,2.0,2.5,Average,267.0,28.38698015048798,77.35586490457122
107731,The Belgian Waffle Co,4,2.0,3.1,Good,35.0,28.419026799330606,77.33733386258879
107732,The Food Hub 289,1,2.0,3.0,Good,44.0,28.627041661629047,77.19190179663123
107733,Bistro Restaurant 712,1,1.0,3.7,Good,49.0,28.612174166334995,77.23834722794534
107734,Haldiram's,8,2.0,3.4,Good,24.0,17.40490758571433,78.42832244377624
107735,Cafe Hub 296,1,2.0,3.0,Good,850.0,28.599434605421703,77.21589874783949
107736,The Food Lounge 68,5,1.0,4.1,Very Good,425.0,19.08999832213587,72.86426008910041
107737,Domino's Pizza,11,2.0,3.0,Good,551.0,26.91092216808472,75.70471067828187
107738,Urban Restaurant 436,1,2.0,3.6,Good,561.0,28.5789233921489,77.16662506423145
107739,Urban Corner 324,6,1.0,2.9,Average,138.0,12.943552670152858,77.59408849988712
107740,Spice Hub 104,1,1.0,4.1,Very Good,213.0,28.654689062113352,77.23513477788045
107741,Urban House 488,5,1.0,3.1,Good,632.0,19.13117186924079,72.8784619991397
107742,Bistro Lounge 398,1,1.0,3.1,Good,1380.0,28.638863879980292,77.19863760484303
107743,Tasty Restaurant 814,7,2.0,3.1,Good,36.0,18.49998839946119,73.88504243923737
107744,House Cafe 884,1,3.0,3.5,Good,4536.0,28.663870322667393,77.21859852363515
107745,The Food Lounge 93,3,1.0,3.8,Good,40.0,28.55693921505987,77.42590461147469
107746,Pizza Hut,5,1.0,3.5,Good,109.0,19.087747632184843,72.89780505348537
107747,KFC,1,4.0,3.6,Good,218.0,28.678380835637846,77.18407910892392
107748,The Food Studio 431,7,1.0,4.1,Very Good,272.0,18.490300858198257,73.88018178140123
107749,Royal Studio 518,1,1.0,3.6,Good,2314.0,28.640954506829,77.24263313196548
107750,Cafe House 877,6,1.0,2.7,Average,577.0,12.943088969997088,77.64360612387225
107751,Kitchen Studio 253,1,2.0,2.3,Average,250.0,28.592667951149007,77.19055016406598
107752,Kitchen Restaurant 784,6,1.0,2.7,Average,594.0,13.06267215542329,77.58189058552394
107753,Urban Hub 560,1,2.0,3.5,Good,299.0,28.631482722586913,77.23981369841171
107754,Curry Studio 338,2,1.0,3.4,Good,81.0,28.524221554175107,77.05605440660806
107755,Royal Point 607,1,1.0,3.9,Good,389.0,28.632925326750122,77.19113882123153
107756,Cafe Studio 519,7,1.0,0.0,Not rated,97.0,18.534484696310518,73.83316500714166
107757,Pizza Hut,1,2.0,2.9,Average,59.0,28.591986582228866,77.19384402988226
107758,Tasty Bites 47,10,2.0,2.4,Average,739.0,22.60682097906989,88.36667401085296
107759,Cafe Studio 165,10,1.0,2.1,Average,133.0,22.573485853438427,88.3328266021075
107760,Burger King,1,1.0,2.6,Average,39.0,28.616716670797565,77.22369060168835
107761,Cafe Coffee Day,5,2.0,3.4,Good,57.0,,72.81726188023596
107762,Tasty Restaurant 863,1,3.0,3.9,Good,414.0,28.610372769593898,77.17989090740176
107763,The Food House 792,2,1.0,2.4,Average,566.0,28.460372488556747,77.03304066099584
107764,Royal Corner 367,7,2.0,2.7,Average,297.0,18.524700845712548,73.82452228122726
107765,KFC,6,1.0,1.8,Poor,245.0,12.969824834333275,77.57995702694352
107766,Subway,5,1.0,3.1,Good,64.0,19.021510327339996,72.87324450360923
107767,Haldiram's,1,1.0,2.5,Average,175.0,28.632867969478255,77.2832363609889
107768,Kitchen House 825,2,2.0,4.3,Very Good,153.0,28.455194287304685,76.98088639284482
107769,House Studio 545,1,1.0,3.3,Good,145.0,28.497793858754893,77.21724886851892
107770,Green Studio 681,7,3.0,3.3,Good,161.0,18.464824031729925,73.82083079821653
107771,Green Kitchen 499,3,2.0,2.8,Average,73.0,28.51892903170196,77.35381819029224
107772,Green Lounge 17,6,3.0,2.4,Average,390.0,13.016350870266189,77.56397364715195
107773,Curry Garden 842,1,1.0,2.1,Average,40.0,28.63517004120708,77.20352144381793
107774,Cafe Coffee Day,1,1.0,2.6,Average,31.0,28.589849707695237,77.25918305267119
107775,Kitchen Restaurant 471,2,4.0,3.1,Good,66.0,28.452825515422788,77.06771926215382
107776,Tasty Corner 166,1,2.0,2.6,Average,481.0,28.652559011152977,77.19296371543874
107777,Kitchen Garden 790,2,3.0,3.6,Good,303.0,28.43792835477521,77.01727329101843
107778,House Lounge 413,8,1.0,3.3,Good,20.0,17.346991558854597,78.50739671380342
107779,Curry Hub 569,11,1.0,2.7,Average,343.0,26.94321919968523,75.78931800020062
107780,The Food Corner 460,4,2.0,4.5,Excellent,228.0,28.447962405030008,77.29551731110442
107781,The Food Hub 11,3,1.0,1.9,Poor,81.0,28.514328625786035,77.41414957109895
107782,Tasty Bites 212,1,2.0,0.0,Not rated,66.0,28.630966448026435,77.26573395297895
107783,KFC,10,1.0,2.9,Average,32.0,22.571179003551453,88.40094494360113
107784,Bistro Point 966,1,1.0,2.6,Average,198.0,28.593226652386537,77.25648031337144
107785,Bistro Lounge 991,12,1.0,2.5,Average,31.0,23.063405629496984,72.5665217907729
107786,Curry House 709,3,1.0,3.0,Good,112.0,28.512261038550033,77.35310777903649
107787,Biryani Blues,2,1.0,2.9,Average,110.0,28.485960112078995,76.9565904049485
107788,Haldiram's,11,2.0,2.9,Average,446.0,26.914782670027545,75.71478101583553
107789,Grill Studio 622,1,1.0,2.2,Average,153.0,28.607862618341727,77.20188278735166
107790,The Belgian Waffle Co,5,1.0,1.9,Poor,330.0,19.05656709320676,72.89543891784805
107791,The Food Lounge 941,5,3.0,0.0,Not rated,20.0,19.041468465629983,72.9072078728352
107792,Tasty Cafe 696,1,2.0,2.9,Average,148.0,28.605153421511375,77.21750830139129
107793,Domino's Pizza,3,1.0,2.9,Average,330.0,28.517565367429686,77.36574360343654
107794,Kitchen Point 266,6,2.0,3.1,Good,841.0,12.974838075790068,77.61750748750669
107795,Domino's Pizza,7,3.0,3.1,Good,42.0,18.478489242665972,73.81476463548596
107796,Cafe Hub 486,1,1.0,2.9,Average,59.0,28.608591376756348,77.17036887281849
107797,Burger King,12,1.0,2.4,Average,287.0,23.03670870286311,72.59285282011216
107798,Kitchen Cafe 875,1,2.0,4.2,Very Good,1700.0,28.590335410053235,77.16583870776137
107799,The Food Corner 322,1,1.0,2.5,Average,223.0,28.639834385192596,77.18221548309108
107800,The Belgian Waffle Co,1,3.0,3.2,Good,45.0,28.643634779709597,77.17478097884731
107801,Tasty Studio 60,1,4.0,3.1,Good,45.0,28.57164976920155,77.21491975463672
107802,Grill Cafe 903,1,4.0,3.1,Good,210.0,28.587355800416738,77.22958719293395
107803,Bistro Express 353,14,1.0,3.0,Good,272.0,51.46048500817334,-0.10631154655061692
107804,Tasty Kitchen 601,1,1.0,2.9,Average,129.0,28.62870778053544,77.18868902433563
107805,Spice Point 852,1,4.0,3.3,Good,48.0,28.618375730846193,77.20312545543061
107806,The Food Hub 866,1,2.0,3.0,Good,690.0,28.557860554203888,77.23472743326022
107807,Subway,7,1.0,2.5,Average,100.0,18.497578416364338,73.83813686715438
107808,Bistro Hub 467,10,2.0,0.0,Not rated,173.0,22.583391264348023,88.33194801404936
107809,Royal Corner 724,1,1.0,4.3,Very Good,25.0,28.617853318893484,77.18654492663488
107810,The Belgian Waffle Co,1,1.0,2.4,Average,685.0,28.656255379973825,77.18772476961249
107811,KFC,1,3.0,3.7,Good,86.0,28.573582815210358,77.21007440840981
107812,KFC,1,1.0,3.0,Good,935.0,28.613588613107247,77.20805940859167
107813,Kitchen Bites 909,1,1.0,3.4,Good,409.0,28.57883840047386,77.20314045527648
107814,Cafe Kitchen 992,3,1.0,3.5,Good,32.0,28.539355373112762,77.36299660138147
107815,Tasty Hub 59,1,2.0,3.3,Good,252.0,28.607563114292635,77.17637089527594
107816,Royal Cafe 905,4,1.0,3.0,Good,1381.0,28.418411526741348,77.34052180892128
107817,Urban Garden 275,1,2.0,2.9,Average,80.0,28.5995796780738,77.22101024052378
107818,Tasty Cafe 567,12,2.0,2.7,Average,1295.0,23.049181472192718,72.55618142832077
107819,Pizza Hut,11,3.0,3.3,Good,301.0,26.887386196887544,75.78530907274174
107820,KFC,5,1.0,2.2,Average,780.0,19.040465481838236,72.92012476352681
107821,Cafe Corner 213,2,3.0,3.0,Good,212.0,28.467382874646702,77.02408271116296
107822,Royal Hub 31,2,1.0,3.7,Good,173.0,28.52438544455632,77.02638116455823
107823,Bistro House 985,2,2.0,3.3,Good,1849.0,28.406253751628277,77.08005888018978
107824,Grill Corner 98,7,1.0,3.6,Good,489.0,18.480340665416225,73.8941620539772
107825,The Food Hub 695,3,1.0,4.0,Very Good,161.0,28.543604376839234,77.36857100497755
107826,Curry Kitchen 63,10,2.0,3.1,Good,302.0,22.612052878169287,88.40136375809072
107827,Spice Kitchen 462,12,1.0,3.1,Good,87.0,23.033225205786355,72.56545225701775
107828,Spice Point 826,2,1.0,2.8,Average,190.0,28.43822011527302,76.98982897440578
107829,Tasty Point 457,5,1.0,2.5,Average,695.0,19.09071034229239,72.92334585961278
107830,Spice Express 702,1,2.0,2.6,Average,130.0,28.631971620646546,77.18416728458281
107831,Domino's Pizza,1,1.0,3.5,Good,65.0,28.590093362186515,77.19115139233192
107832,Green Point 190,2,1.0,3.1,Good,53.0,28.488369594088873,77.01325352747018
107833,Curry Hub 260,1,1.0,4.2,Very Good,248.0,28.612691913970185,77.2802945453719
107834,Tasty Cafe 230,10,2.0,3.8,Good,75.0,22.511360595706407,88.33058128323773
107835,Curry Hub 577,1,1.0,0.0,Not rated,15.0,28.609180943563118,77.18790776189147
107836,Curry House 248,3,1.0,3.5,Good,43.0,28.51558280347466,77.37901958586632
107837,Spice Lounge 228,5,1.0,2.8,Average,724.0,19.121671215731645,72.89615240037223
107838,Spice Restaurant 408,6,1.0,3.8,Good,173.0,12.925086705468674,77.59216764705762
107839,Kitchen Garden 63,2,3.0,3.1,Good,191.0,28.442590680688316,77.00324402785225
107840,Pizza Hut,10,2.0,2.5,Average,46.0,22.581602237849033,88.38573274450205
107841,Cafe Lounge 333,5,3.0,2.9,Average,82.0,19.160666339482482,72.92517748683989
107842,Biryani Blues,3,1.0,2.5,Average,72.0,28.603922356052124,77.33418968387255
107843,Biryani Blues,1,4.0,3.1,Good,125.0,28.612316686996703,77.18514636809796
107844,Barbeque Nation,3,1.0,0.0,Not rated,11.0,28.547725243855417,77.40891779445647
107845,Curry Hub 554,9,4.0,4.2,Very Good,885.0,13.103769469903217,80.22755094535697
107846,Royal Cafe 121,5,1.0,4.2,Very Good,222.0,19.040564757805008,72.87227874154551
107847,Green Express 668,9,2.0,2.3,Average,192.0,13.08305498351686,80.3151756463618
107848,Biryani Blues,3,1.0,0.0,Not rated,282.0,28.582967614595926,77.4127929173058
107849,Spice Hub 851,1,1.0,2.7,Average,464.0,28.618856469794267,77.22723520270021
107850,Tasty Studio 405,1,3.0,3.6,Good,96.0,28.68214316791205,77.2351568800946
107851,Royal Studio 884,1,2.0,2.1,Average,304.0,28.598302646432046,77.22037238222163
107852,The Belgian Waffle Co,6,4.0,3.9,Good,446.0,12.968497163229127,77.58279673967336
107853,Green Cafe 501,8,2.0,1.9,Poor,202.0,17.382175448204574,78.52047033495053
107854,Bistro Bites 601,1,2.0,3.4,Good,716.0,28.56835296042485,77.19234586562298
107855,Curry Restaurant 1,3,1.0,3.2,Good,494.0,28.574208993856647,77.38534702284899
107856,Grill House 309,2,4.0,3.7,Good,504.0,28.447818855616408,76.96864354595843
107857,Tasty Restaurant 508,2,2.0,2.7,Average,898.0,28.46853405525174,77.00987824546714
107858,Tasty Corner 174,1,2.0,3.6,Good,205.0,28.59295683180791,77.21175192978188
107859,Domino's Pizza,1,1.0,3.3,Good,199.0,28.674280716278854,77.20992456545078
107860,Urban Cafe 983,1,2.0,,Good,495.0,28.657042959438254,77.24133412331689
107861,Royal Cafe 48,1,4.0,4.0,Very Good,173.0,28.6159422836158,77.1936744310559
107862,KFC,1,1.0,2.9,Average,311.0,28.571053205916293,77.1950854921386
107863,The Food Point 635,1,1.0,3.3,Good,92.0,28.639938316956986,77.19005925482556
107864,Cafe Coffee Day,5,1.0,0.0,Not rated,5.0,19.113904149355243,72.8861476272378
107865,Spice Cafe 231,1,3.0,3.5,Good,410.0,28.581444011186,77.2631206172919
107866,McDonald's,13,1.0,3.4,Good,27.0,25.19978120934134,55.18993679439189
107867,Green Point 212,1,1.0,2.7,Average,68.0,28.61658966131426,77.19193146945962
107868,McDonald's,2,1.0,2.2,Average,407.0,28.497544212194082,77.01431559178485
107869,Urban Corner 158,2,2.0,3.4,Good,537.0,28.45420293141377,76.9519934685049
107870,House Express 353,1,1.0,3.8,Good,902.0,28.647571509275355,77.20465764897226
107871,Spice Kitchen 634,9,1.0,3.2,Good,14.0,13.05564862949944,80.2583340594024
107872,Green Express 291,1,4.0,3.8,Good,300.0,28.57696002753279,77.19363969172282
107873,Bistro Bites 920,12,4.0,3.6,Good,144.0,23.08660323995509,72.53278253388707
107874,Burger King,10,1.0,3.5,Good,668.0,22.52666453001539,88.36084171661722
107875,Grill Lounge 292,4,2.0,3.1,Good,1127.0,28.382606821561094,77.27697436344806
107876,Green Cafe 199,4,2.0,2.9,Average,33.0,28.436373352337185,77.2883281102313
107877,Green Point 897,6,,3.7,Good,207.0,12.953027137396147,77.58761953405379
107878,Subway,2,1.0,0.0,Not rated,254.0,28.43999413450856,77.06235595224541
107879,Royal Cafe 437,6,2.0,3.8,Good,136.0,12.964686740315406,77.60896163716556
107880,Haldiram's,1,1.0,3.7,Good,1801.0,28.5384408827598,77.230485191873
107881,Biryani Blues,1,1.0,3.4,Good,115.0,28.653120946214088,77.27765600209989
107882,Grill Bites 237,3,3.0,2.6,Average,109.0,28.54165594901714,77.40641706545108
107883,Cafe Coffee Day,5,2.0,3.2,Good,47.0,19.0475995828075,72.84106115057685
107884,Urban Hub 901,10,2.0,3.1,Good,215.0,22.51252937684153,88.34420376414995
107885,Curry Express 770,1,1.0,2.7,Average,3.0,28.566112512668127,77.17900157607625
107886,Kitchen Cafe 616,9,2.0,3.3,Good,136.0,13.026899401212626,80.26594959163793
107887,Spice Kitchen 147,1,1.0,3.5,Good,949.0,28.621854122311635,77.19460122208507
107888,CURRY HOUSE 203,2,2.0,2.9,Average,29.0,28.467803472296204,76.99360772275678
107889,Barbeque Nation,1,,3.3,Good,24.0,,77.24134089576194
107890,Kitchen Garden 164,2,2.0,3.0,Good,702.0,28.485140542814303,77.06144423871191
107891,Domino's Pizza,1,1.0,0.0,Not rated,430.0,28.635885735816746,77.21527968522945
107892,Cafe Garden 657,3,2.0,0.0,Not rated,16.0,28.58932449331554,77.3559318124559
107893,Subway,8,4.0,2.8,Average,1453.0,17.4268334510269,78.49095465913936
107894,Kitchen Cafe 816,3,2.0,2.2,Average,250.0,28.569043795195235,77.36958679990698
107895,McDonald's,3,1.0,3.2,Good,675.0,28.543787285885422,77.43600245041222
107896,Barbeque Nation,9,2.0,2.7,Average,60.0,13.107925859515957,80.22885135688935
107897,Subway,6,1.0,3.4,Good,1223.0,12.957228818750906,77.61761627120515
107898,Pizza Hut,3,3.0,2.5,Average,111.0,28.52776502534014,77.4132772062541
107899,Burger King,1,2.0,2.8,Average,112.0,28.674149517111584,77.2403756330441
107900,Burger King,10,1.0,2.1,Average,261.0,22.55310097331255,88.37077032679625
107901,The Food Studio 327,5,1.0,3.3,Good,113.0,19.053924839197247,72.86614639898468
107902,Haldiram's,1,1.0,3.4,Good,28.0,28.601227455837822,77.29275897609081
107903,Tasty Garden 393,1,3.0,3.6,Good,234.0,28.594674307864995,77.17830289789599
107904,McDonald's,8,1.0,2.3,Average,100.0,17.36874082264961,78.51183377474983
107905,Cafe House 124,1,2.0,2.7,Average,62.0,28.622380445335814,77.20964512306598
107906,Green Corner 5,14,3.0,3.6,Good,936.0,51.51702615396992,-0.11579871582639449
107907,Royal Bites 760,1,1.0,1.9,Poor,2720.0,28.64578823839779,77.22081391921367
107908,The Food Express 896,8,1.0,2.8,Average,52.0,17.461582702545194,78.44881286134546
107909,Domino's Pizza,2,2.0,4.2,Very Good,290.0,28.446608088653008,76.97962045070501
107910,Starbucks,3,2.0,3.1,Good,108.0,28.533205327265225,77.34629817258843
107911,Pizza Hut,10,1.0,2.0,Average,2441.0,22.50827177905613,88.34828912020488
107912,Kitchen Express 11,2,1.0,2.6,Average,294.0,28.414269234304815,77.03528765362897
107913,The Food Point 738,4,2.0,2.8,Average,530.0,28.403782608810317,77.29374244707225
107914,Urban Cafe 656,1,3.0,4.8,Excellent,1133.0,28.630125380973343,77.15872649838141
107915,Subway,1,1.0,4.1,Very Good,261.0,28.631098397168536,77.24114932826639
107916, Spice Lounge 872 ,1,1.0,3.5,Good,154.0,28.635497807916707,77.15514763811461
107917,Cafe Studio 654,6,1.0,2.8,Average,1112.0,13.0156113312563,77.6113916258059
107918,Barbeque Nation,1,3.0,4.2,Very Good,599.0,28.673599073380338,77.18270099753241
107919,Royal Express 710,1,1.0,2.3,Average,51.0,28.605381125684644,77.25161506276224
107920,Royal Hub 995,2,3.0,4.1,Very Good,89.0,28.43142558548212,77.00820382936426
107921,Haldiram's,6,1.0,3.6,Good,122.0,12.994521071593491,77.53298015152662
107922,Cafe Coffee Day,7,4.0,3.5,Good,828.0,18.553083836345497,73.85531508397376
107923,House Express 718,1,2.0,3.9,Good,1339.0,28.618654105363756,77.17958709966577
107924,Urban Cafe 185,1,2.0,2.9,Average,2509.0,28.607635156281624,77.23737955204906
107925,Spice Garden 791,12,1.0,2.2,Average,60.0,23.00485418453456,72.58294081068792
107926,Curry Corner 442,1,3.0,4.0,Very Good,258.0,28.6124217594551,77.18698208789195
107927,Tasty Cafe 204,10,1.0,0.0,Not rated,54.0,22.596752393432425,88.32880566435934
107928,Green Hub 604,10,1.0,3.4,Good,151.0,22.549210832832653,88.32548507541205
107929,Grill House 363,8,1.0,4.2,Very Good,725.0,17.35696658180832,78.46619321676816
107930,Biryani Blues,1,3.0,0.0,Not rated,84.0,28.63488576196154,77.2567305662369
107931,Royal Express 479,9,2.0,3.1,Good,922.0,13.053018435685113,80.26566869835312
107932,House Garden 984,8,2.0,4.2,Very Good,118.0,17.390290731367994,78.51984604204472
107933,Spice Lounge 342,5,2.0,3.6,Good,502.0,19.079437415894184,72.82586935557802
107934,Kitchen Restaurant 540,2,1.0,2.5,Average,89.0,28.459514376718158,76.95936571018477
107935,Bistro Lounge 176,1,3.0,2.8,Average,16.0,28.591406966763994,77.17591012792717
107936,Kitchen Restaurant 448,1,,3.1,Good,49.0,28.674586708235868,77.2319980266618
107937,Curry Hub 415,4,2.0,2.7,Average,190.0,28.42284158459235,77.30768947398434
107938,Spice Restaurant 521,5,2.0,3.4,Good,2100.0,19.0579957429127,72.90883875873396
107939,Curry Hub 675,2,4.0,3.7,Good,114.0,28.471082792029893,77.07083335566274
107940,Royal Express 313,3,3.0,3.6,Good,160.0,28.599627878025817,77.35749709155905
107941,House Express 755,2,2.0,2.7,Average,300.0,28.462632946521772,77.05580154322381
107942,Cafe House 173,6,1.0,3.0,Good,82.0,13.02526731598368,77.64318130881408
107943,Royal Hub 891,11,2.0,1.9,Poor,74.0,26.872228612243717,75.82347315481438
107944,Urban Lounge 188,1,2.0,3.3,Good,203.0,28.58410977913189,77.15321202465735
107945,House Bites 416,2,1.0,0.0,Not rated,52.0,28.384585980464085,76.9616773538643
107946,Cafe Coffee Day,1,1.0,2.1,Average,15.0,28.68305172800294,77.19329808204296
107947,Grill House 194,5,1.0,3.3,Good,82.0,19.01643502377003,72.86332285437196
107948,The Food Hub 662,7,2.0,2.8,Average,359.0,18.526497121642947,73.88620025928303
107949,McDonald's,12,1.0,3.5,Good,435.0,23.08331734043858,72.53753253124607
107950,Green Garden 90,1,1.0,3.1,Good,946.0,28.647890709608102,77.22355098352288
107951,Cafe Hub 609,12,2.0,3.5,Good,933.0,23.03567024326298,72.5334879192937
107952,Domino's Pizza,1,2.0,3.2,Good,59.0,28.65880932682795,77.22107719559155
107953,House House 404,5,1.0,3.9,Good,83.0,19.05260642808834,72.86170166988416
107954,Starbucks,1,1.0,3.2,Good,75.0,28.632019010437652,77.22154762995069
107955,Royal House 409,11,3.0,2.9,Average,140.0,26.90845732106333,75.77456608227251
107956,Pizza Hut,4,2.0,3.3,Good,85.0,28.404236392755365,77.24054053260738
107957,Spice Cafe 370,6,1.0,2.8,Average,134.0,12.978270593566918,77.61241395902398
107958,Royal Kitchen 489,9,3.0,3.5,Good,65.0,13.1238362170286,80.31165132177921
107959,House Corner 20,1,1.0,2.7,Average,434.0,28.668728890056418,77.17974566329887
107960,Cafe Kitchen 52,1,4.0,3.2,Good,55.0,28.604554479544056,77.23733354342433
107961,Urban Cafe 225,10,1.0,3.1,Good,51.0,22.534495767815198,88.34243243489911
107962,Green Lounge 635,1,1.0,3.0,Good,333.0,28.58521470232489,77.16175330044688
107963,McDonald's,1,1.0,3.7,Good,501.0,28.682072820099908,77.18760418795063
107964,Curry Kitchen 89,3,1.0,0.0,Not rated,67.0,28.587327175657624,77.38456654029449
107965,Green House 873,5,2.0,1.9,Poor,405.0,19.03780516520447,72.83148531442383
107966,Domino's Pizza,1,3.0,0.0,Not rated,243.0,28.672035319404177,77.25623713042543
107967,Spice Lounge 148,1,3.0,2.3,Average,1603.0,28.588991928259624,77.15542090170338
107968,House Corner 329,1,1.0,3.3,Good,465.0,28.63716118413002,77.19005011188585
107969, Tasty Kitchen 946 ,2,1.0,1.9,Poor,1155.0,28.434565726997235,76.9943210826725
107970,Tasty Corner 486,11,1.0,2.4,Average,164.0,26.988100450096475,75.83468301906842
107971,Royal House 289,14,1.0,2.8,Average,958.0,51.4874450677276,-0.18055806209092878
107972,Haldiram's,5,2.0,4.2,Very Good,1339.0,19.039256651482077,72.90658121529455
107973,Kitchen Corner 16,1,1.0,2.3,Average,124.0,28.597921643599545,77.21590029905134
107974,Green Studio 178,11,2.0,3.2,Good,76.0,27.004340705170804,75.74362933028044
107975,Burger King,4,2.0,0.0,Not rated,47.0,28.418019403987827,77.3054949900132
107976,Burger King,1,1.0,4.0,Very Good,364.0,28.577912480586388,77.20261010855715
107977,Green Bites 114,11,2.0,3.7,Good,48.0,26.884806676644963,75.80777331810472
107978,Subway,7,1.0,0.0,Not rated,51.0,18.45923121861899,73.83412629183258
107979,Urban Corner 659,7,1.0,3.6,Good,887.0,18.539304632538038,73.87880049693541
107980,Cafe Garden 290,6,3.0,2.6,Average,367.0,12.927830999156187,77.59630711150552
107981,Tasty Garden 141,1,2.0,3.4,Good,10.0,28.652598054434385,77.22479243358265
107982,Bistro Kitchen 399,1,1.0,3.6,Good,37.0,28.641552994761643,77.17815723536972
107983,The Food Kitchen 938,6,,2.6,Average,2369.0,12.968099334644236,77.58616060799073
107984,Curry Hub 476,1,1.0,2.6,Average,696.0,28.657164241904816,77.21285807342383
107985,Tasty Lounge 371,3,2.0,2.7,Average,78.0,28.567895628895826,77.39385763779703
107986,Tasty Corner 433,8,2.0,3.7,Good,31.0,17.3904918683071,78.48531554743515
107987,Green Garden 619,8,2.0,3.2,Good,38.0,17.358114779249775,78.55993047357383
107988,Cafe Corner 839,3,3.0,3.2,Good,343.0,28.54997369011072,77.41110030740506
107989,Tasty Kitchen 485,8,2.0,2.4,Average,1806.0,17.399269436357912,78.51216078504888
107990,Kitchen Kitchen 524,9,1.0,3.0,Good,1903.0,13.099900922548633,80.27934137382094
107991,Spice Kitchen 856,6,1.0,2.6,Average,22.0,12.97436613439054,77.61326415993047
107992,Cafe Cafe 579,1,3.0,3.6,Good,137.0,28.62535039647321,77.21595118156932
107993,Cafe Coffee Day,1,1.0,2.3,Average,51.0,28.624475243539127,77.27262211465977
107994,Spice Hub 294,1,2.0,3.3,Good,220.0,28.661573190754275,77.20689721163282
107995,Curry Garden 274,1,2.0,2.9,Average,32.0,28.569306489381766,77.23809698860404
107996,Urban Studio 173,1,2.0,2.4,Average,77.0,28.578844403541602,77.28198598938548
107997,Pizza Hut,1,2.0,2.3,Average,50.0,28.616529550008764,77.23185674575227
107998,Kitchen Point 514,3,2.0,2.4,Average,293.0,28.508900407508595,77.38104249610535
107999,Cafe Garden 460,11,2.0,3.1,Good,93.0,26.919780543239213,75.76160921142011
108000,Spice Hub 368,1,3.0,3.5,Good,122.0,28.57493958015978,77.1916554582932
108001,Grill Express 764,7,2.0,3.4,Good,360.0,18.486961691721007,73.87040984210276
108002,McDonald's,6,1.0,3.2,Good,1418.0,13.04371735970751,77.65704889908903
108003,Cafe Corner 288,1,2.0,2.7,Average,2295.0,28.60587335837238,77.23012686300126
108004,Royal Point 529,11,2.0,3.9,Good,375.0,26.871406541760276,75.7737706813997
108005,Bistro Garden 65,5,3.0,3.1,Good,159.0,19.0719812047027,72.86702761844786
108006,Spice Cafe 348,2,1.0,3.3,Good,964.0,28.495774733742074,77.0213694041057
108007,Pizza Hut,7,1.0,2.9,Average,732.0,18.562593567572048,73.80977795898396
108008,Kitchen Studio 760,1,3.0,3.6,Good,598.0,28.562762493692784,77.19297966673538
108009,Royal Kitchen 401,6,2.0,3.1,Good,24.0,12.94475348474425,77.57704560993426
108010,Green Express 799,1,1.0,3.3,Good,842.0,28.621694739205836,77.30623392819265
108011,Spice Corner 596,9,2.0,3.2,Good,284.0,13.081510903388928,80.30314060348654
108012,Curry Lounge 80,3,4.0,4.1,Very Good,72.0,28.479499781678832,77.35344196456332
108013,Tasty Corner 313,5,3.0,2.9,Average,73.0,19.025670349896824,72.82277779674153
108014,House Bites 421,1,2.0,2.0,Average,289.0,28.576533887285695,77.16328956042275
108015,The Food Point 467,6,1.0,2.4,Average,6.0,12.909618928881809,77.64407697316283
108016,Grill Garden 283,8,3.0,4.1,Very Good,189.0,17.36895351099667,78.43948360518445
108017,Domino's Pizza,3,2.0,3.1,Good,78.0,28.577307384585712,77.44734075170659
108018,Tasty Kitchen 556,5,3.0,3.5,Good,75.0,19.052695486794097,72.88609067016071
108019,House Express 900,3,1.0,2.3,Average,84.0,28.57337894636469,77.38239073389285
108020,Tasty Studio 135,11,1.0,3.0,Good,27.0,26.913439380442618,75.74723805997236
108021,Tasty Point 414,3,2.0,2.5,Average,581.0,28.529081626260428,77.43523441283938
108022,Urban Express 675,9,1.0,2.4,Average,10.0,13.024399116192203,80.28981760362963
108023,Bistro Kitchen 532,8,2.0,2.9,Average,210.0,17.425943595614847,78.51820361668737
108024,Grill Restaurant 624,2,4.0,3.9,Good,73.0,28.463574957628857,77.01706180475283
108025,Spice Hub 464,1,2.0,3.6,Good,2371.0,28.557903756701375,77.23233261951243
108026,Bistro Hub 591,2,3.0,3.8,Good,213.0,28.472864912078983,77.07845665841626
108027,Spice Lounge 316,9,2.0,2.2,Average,10.0,13.06212576139252,80.29153445864121
108028,Bistro Studio 666,1,3.0,3.4,Good,376.0,28.61604625365729,77.17205031043146
108029,Grill House 21,4,3.0,3.3,Good,47.0,28.417304695378437,77.33599742538037
108030,Green Express 422,8,2.0,2.2,Average,500.0,17.427550748941474,78.51311782832097
108031,Tasty Corner 346,2,2.0,3.2,Good,393.0,28.42004524673369,77.08529008397679
108032,Green Restaurant 254,6,2.0,3.0,Good,1097.0,12.991615875251922,77.61507450971003
108033,Tasty Cafe 522,1,2.0,3.5,Good,245.0,28.660390410439028,77.24755305282883
108034,Spice House 495,1,1.0,3.1,Good,495.0,28.702117037001372,77.23057033695815
108035,House Point 23,8,3.0,3.0,Good,183.0,17.42173459832253,78.43927603204902
108036, Curry Restaurant 811 ,1,4.0,4.2,Very Good,108.0,28.62654922614102,77.23802846111964
108037,Urban Lounge 956,1,2.0,1.8,Poor,506.0,28.623525763657902,77.21319893066115
108038,Starbucks,10,2.0,3.2,Good,39.0,22.626923558432843,88.43379380546494
108039,Burger King,2,2.0,2.1,Average,136.0,28.44947470526511,76.97622548498532
108040,Curry Cafe 658,13,2.0,2.6,Average,78.0,25.232656589115294,55.23117488243463
108041,Urban Cafe 17,14,2.0,3.5,Good,557.0,51.584193593122386,-0.10241108567368062
108042,Curry Lounge 663,1,3.0,2.6,Average,48.0,28.610071893421996,77.2619063489184
108043,Kitchen Point 515,1,1.0,0.0,Not rated,53.0,28.54341167240593,77.20479071639386
108044,House Cafe 828,6,1.0,4.5,Excellent,255.0,12.941471531496825,77.59057548131469
108045,Tasty Studio 770,3,3.0,2.5,Average,1001.0,28.54577058932351,77.39825020063904
108046,Burger King,1,2.0,0.0,Not rated,46.0,28.58460673466941,77.19205495989402
108047,The Belgian Waffle Co,6,3.0,3.3,Good,112.0,12.95944751081271,77.62916380980234
108048,Bistro Lounge 711,1,1.0,2.7,Average,30.0,28.603573395411335,77.19210847294474
108049,Grill Studio 410,10,1.0,3.4,Good,55.0,22.592233225613874,88.38841166678847
108050,Pizza Hut,1,3.0,4.3,Very Good,388.0,28.58079119523195,77.16268596021027
108051,House Express 869,1,1.0,2.3,Average,155.0,28.59346823566264,77.26914867906005
108052,The Belgian Waffle Co,1,3.0,3.1,Good,189.0,28.663146651639533,77.13478724125768
108053,Cafe Hub 143,13,3.0,4.0,Very Good,1913.0,25.18793132680774,55.23358606215517
108054,Bistro Studio 61,6,2.0,3.4,Good,23.0,12.997002493526002,77.67347047900117
108055,Grill House 784,8,1.0,3.7,Good,3682.0,17.385487833519093,78.49023572201142
108056,Urban Lounge 886,2,2.0,3.5,Good,847.0,28.4586908787833,77.00350687342083
108057,Bistro Studio 31,2,3.0,4.6,Excellent,164.0,28.485334954825294,76.98190131904805
108058,Green Hub 860,1,1.0,3.1,Good,290.0,28.548713820726455,77.19373775731533
108059,KFC,3,1.0,3.1,Good,75.0,28.551017054275956,77.4011417478512
108060,Royal Cafe 954,5,1.0,3.2,Good,271.0,19.09534668176318,72.89473449876252
108061,Spice Studio 197,5,1.0,2.9,Average,2503.0,19.105695526124283,72.88897923774125
108062,Cafe Cafe 182,1,3.0,4.0,Very Good,96.0,28.600758524131184,77.14648146482386
108063,Grill Cafe 83,12,3.0,3.6,Good,148.0,23.022518397079253,72.57626261504952
108064,Cafe Lounge 953,1,4.0,4.1,Very Good,86.0,28.528061428694674,77.22086432452028
108065,KFC,13,2.0,3.8,Good,98.0,25.181355554606277,55.28300212579817
108066,Tasty Restaurant 331,1,2.0,3.5,Good,117.0,28.620045485516766,77.21003122096562
108067,Green Point 475,3,1.0,3.3,Good,47.0,28.586973151570895,77.34798571333552
108068,Starbucks,2,2.0,2.5,Average,112.0,28.524102261964153,76.99434616492894
108069,Spice Lounge 434,3,2.0,2.8,Average,178.0,28.523514323538517,77.4334583502597
108070,The Food Cafe 269,5,3.0,3.9,Good,128.0,19.106591105750216,72.85055080005318
108071,Biryani Blues,3,3.0,4.3,Very Good,,28.53034776556521,77.36572909588064
108072,Spice Point 736,2,3.0,2.1,Average,117.0,28.402941448689667,77.01623091242733
108073,Grill Bites 977,7,3.0,3.0,Good,164.0,18.54157693479205,73.81411788472441
108074,Urban Bites 790,6,3.0,3.4,Good,2038.0,13.03569498362286,77.61678321489916
108075,Pizza Hut,9,1.0,2.4,Average,157.0,13.069349704292753,80.22630401017426
108076,House Cafe 709,1,3.0,2.9,Average,548.0,28.582146008376043,77.2469401960264
108077,Cafe Coffee Day,5,2.0,3.5,Good,114.0,19.078357909806627,72.83063210130103
108078,Cafe Cafe 429,5,1.0,4.0,Very Good,1099.0,19.07170229528412,72.86791468612608
108079,Tasty Cafe 184,2,1.0,1.7,Poor,40.0,28.550851465449245,77.03863226750974
108080,Pizza Hut,3,2.0,3.1,Good,334.0,28.570705174225054,77.4186698791747
108081,Curry Point 3,1,1.0,3.3,Good,531.0,28.61842865341895,77.20112474939472
108082,Cafe Lounge 167,1,2.0,3.7,Good,483.0,28.51256345931809,77.18440433196403
108083,The Food Point 575,1,2.0,3.4,Good,2844.0,28.608884552832176,77.25866656877855
108084,Bistro Garden 675,1,3.0,4.5,Excellent,,28.67872793203999,77.21535136516457
108085,Spice Restaurant 151,6,3.0,3.4,Good,1113.0,12.974401662864413,77.58862716832105
108086,Bistro Bites 842,6,2.0,4.1,Very Good,940.0,13.000364731108151,77.53094758018918
108087,Curry Restaurant 552,12,1.0,2.6,Average,169.0,23.036218576548578,72.57810497944091
108088,Barbeque Nation,7,1.0,0.0,Not rated,897.0,18.503366827926463,73.85652557853543
108089,Spice House 650,1,1.0,2.2,Average,121.0,28.673096050336174,77.16154414760362
108090,House Garden 680,10,1.0,3.6,Good,204.0,22.579211707185046,88.33656051933146
108091,KFC,10,4.0,3.5,Good,193.0,22.547859540254226,88.36716741619229
108092,House Lounge 594,3,2.0,3.4,Good,38.0,28.536253376550132,77.40735885055345
108093,Spice Kitchen 389,5,1.0,2.8,Average,431.0,19.12596413330971,72.84205605296962
108094,The Food Cafe 944,13,1.0,3.4,Good,405.0,25.153019193174554,55.235490748837044
108095,Royal Bites 524,4,2.0,3.5,Good,170.0,28.418359318982695,77.32184789911955
108096,Domino's Pizza,11,2.0,2.6,Average,1443.0,26.91497721665785,75.75785737408482
108097,Barbeque Nation,1,1.0,0.0,Not rated,52.0,28.559996194688896,77.2019759848771
108098,Urban Studio 56,1,4.0,3.6,Good,22.0,28.640736872683433,77.27113614376132
108099,Royal House 646,3,1.0,3.4,Good,2050.0,28.54447581003113,77.38950690555328
108100,Curry Corner 209,5,1.0,4.2,Very Good,802.0,19.106748481518313,72.91349624820613
108101,The Belgian Waffle Co,9,1.0,3.2,Good,398.0,13.122532738404322,80.22710742063488
108102,Grill Bites 920,14,2.0,3.9,Good,138.0,51.505455398573304,-0.15467470081038182
108103,Urban Studio 164,2,1.0,2.0,Average,214.0,28.4400538697361,76.99898290267879
108104,Grill Hub 616,1,1.0,4.3,Very Good,47.0,28.564041469381433,77.17036221880285
108105,Grill Hub 667,8,1.0,3.4,Good,143.0,17.36244815378496,78.42480551921179
108106,The Food Garden 863,5,2.0,3.2,Good,58.0,19.076383175634188,72.8844573444762
108107,Spice Bites 872,1,1.0,2.9,Average,236.0,28.580174811433643,77.22254105290219
108108,McDonald's,3,1.0,2.3,Average,473.0,28.55592081761655,77.35790128331776
108109,House Cafe 990,7,1.0,2.5,Average,42.0,18.488780096195025,73.83061933720131
108110,Cafe Hub 657,8,1.0,4.2,Very Good,561.0,17.323301323179063,78.48942892330999
108111,House Garden 91,3,2.0,2.6,Average,204.0,28.515272263355282,77.39172828004119
108112,Haldiram's,1,1.0,2.3,Average,351.0,28.620347980544885,77.24515814036961
108113,Biryani Blues,13,1.0,2.5,Average,115.0,25.160719416701347,55.31047977722456
108114,Bistro Cafe 906,6,2.0,2.4,Average,367.0,12.940510824966632,77.57120904709605
108115,Urban Hub 820,2,1.0,3.0,Good,72.0,28.437443953144,77.0242323112657
108116,Tasty Hub 16,1,1.0,3.7,Good,24.0,28.59643926477124,77.17397116836531
108117,Grill Hub 861,7,1.0,2.6,Average,25.0,18.53082587744526,73.90927840818435
108118,Biryani Blues,1,3.0,2.5,Average,83.0,28.63622646083533,77.21832078127734
108119,Domino's Pizza,1,2.0,3.4,Good,25.0,28.59729491309568,77.24378174504855
108120,Royal House 200,4,3.0,3.4,Good,1320.0,28.37253715488128,77.30508570061463
108121,The Food Garden 276,1,3.0,4.1,Very Good,200.0,28.618685749904504,77.24472654902489
108122,Biryani Blues,5,4.0,3.3,Good,587.0,19.09412036098417,72.90375242646907
108123,House Hub 658,1,2.0,3.0,Good,465.0,28.67038208607793,77.25376158974076
108124,Grill Bites 842,6,2.0,3.1,Good,179.0,13.011715993426105,77.5475665569557
108125,Spice Kitchen 183,1,1.0,3.1,Good,14804.0,28.569840327407746,77.21161798234006
108126,Starbucks,1,1.0,0.0,Not rated,3496.0,28.608965286640853,77.24741392465491
108127,House Bites 147,1,2.0,2.8,Average,949.0,28.629865658186294,77.17625156733442
108128,House Express 221,12,4.0,2.4,Average,,22.992743265138973,72.58966579025807
108129,Spice Cafe 93,10,2.0,2.8,Average,999.0,22.560325362966285,88.38389664252175
108130,Royal Point 470,1,2.0,3.7,Good,22.0,28.63748857421103,77.23353666343769
108131,Spice Hub 565,8,2.0,3.8,Good,1190.0,17.39374899909077,78.49838082097301
108132,Cafe Studio 415,5,1.0,2.7,Average,6.0,19.076060494799698,72.8993161155254
108133,Bistro Corner 256,13,1.0,3.8,Good,139.0,25.181925777452307,55.285946145943754
108134,House Studio 1,2,2.0,3.2,Good,825.0,28.408903883708618,77.06807194532846
108135,Cafe Coffee Day,6,1.0,2.1,Average,231.0,12.960664772393356,77.5694805161283
108136,Kitchen Hub 865,1,2.0,2.1,Average,22.0,28.610707066353683,77.22091445401217
108137,Bistro Garden 44,2,3.0,4.2,Very Good,280.0,28.40810503417434,77.0692577489171
108138,Green Restaurant 783,13,3.0,3.2,Good,294.0,25.20647898188985,55.243369699824505
108139,Grill Kitchen 717,4,1.0,2.2,Average,188.0,28.422621544956947,77.29361111871602
108140,Curry Express 798,1,3.0,1.9,Poor,82.0,28.589680288646715,77.2273528480954
108141,House Corner 995,1,1.0,2.7,Average,474.0,28.628020570360665,77.2573732550062
108142,Tasty Restaurant 279,6,1.0,0.0,Not rated,376.0,12.981249706172648,77.58990100097476
108143,Grill Lounge 151,6,2.0,2.7,Average,134.0,12.96094138879255,77.5979437344718
108144,Starbucks,2,1.0,2.3,Average,997.0,28.44494101907323,77.03933478250963
108145,Curry Point 531,12,1.0,2.6,Average,131.0,23.010873127231882,72.55436294700634
108146,Bistro House 421,1,1.0,3.8,Good,112.0,28.58393299089244,77.28578079235334
108147,Subway,1,2.0,2.3,Average,814.0,28.625962505110543,77.17663800711549
108148,Green House 40,11,1.0,2.6,Average,830.0,26.882815479763888,75.79045158407915
108149,Curry Cafe 795,1,2.0,4.0,Very Good,99.0,28.58656217010624,77.21271410810559
108150,Grill House 291,1,2.0,3.5,Good,74.0,28.63130429346394,77.13240704639728
108151,Royal Express 596,4,2.0,3.3,Good,1688.0,28.400427519214094,77.28831887145323
108152,Curry Bites 927,9,3.0,3.0,Good,153.0,13.08485938757995,80.22337345802678
108153,Starbucks,1,1.0,3.0,Good,174.0,28.553993479929982,77.2342096482577
108154,Cafe Coffee Day,12,1.0,2.7,Average,118.0,23.004184377878126,72.51213792177323
108155,Haldiram's,8,1.0,2.4,Average,796.0,17.44382695459084,78.5196657734552
108156,Royal House 578,1,1.0,2.3,Average,2178.0,28.55157171229486,77.16770810119341
108157,Spice House 427,7,2.0,3.7,Good,221.0,18.581637003056535,73.89035317858652
108158,Curry Cafe 598,2,1.0,0.0,Not rated,1848.0,28.46864248225742,76.9777240588405
108159,Green Express 387,2,1.0,3.2,Good,91.0,28.440845453836026,77.04144125432867
108160,Cafe Cafe 674,8,3.0,3.5,Good,136.0,17.377845267208624,78.51942989647007
108161,Cafe Restaurant 618,13,2.0,3.5,Good,450.0,25.247867970794594,55.29085887678709
108162,Bistro Lounge 254,1,2.0,0.0,Not rated,32.0,28.53418768302396,77.16626084472092
108163,Haldiram's,2,3.0,3.1,Good,406.0,28.509040008988308,77.06614198968887
108164,Tasty Lounge 528,3,3.0,2.9,Average,89.0,28.544797539293,77.41010251221506
108165,Curry Studio 626,2,2.0,,Average,21.0,28.494928506747026,76.94407516097812
108166,Burger King,2,1.0,2.3,Average,16.0,28.398308700856443,77.03047427562025
108167,KFC,1,4.0,3.4,Good,126.0,28.605938687036186,77.30817989081532
108168,Grill Hub 51,6,2.0,2.2,Average,246.0,12.890107695092897,77.63367685639814
108169,The Food Cafe 833,3,1.0,2.1,Average,26.0,28.577415413062997,77.3735346123139
108170,Kitchen Point 618,1,1.0,3.7,Good,253.0,28.579505192498996,77.2280411541582
108171,Green Cafe 87,9,2.0,3.3,Good,233.0,13.047790851835734,80.25695060927356
108172,McDonald's,8,3.0,3.1,Good,144.0,17.317294969798397,78.52221005611753
108173,Spice Corner 919,3,1.0,4.5,Excellent,76.0,28.55105293061181,77.36250289213663
108174,Cafe Coffee Day,1,1.0,1.9,Poor,184.0,28.616416164904248,77.25130007880848
108175,The Belgian Waffle Co,5,3.0,0.0,Not rated,75.0,19.04982453987951,72.90991406091513
108176,Tasty Hub 861,1,3.0,3.3,Good,634.0,28.62310861315755,77.23149167940518
108177,Bistro Kitchen 980,1,1.0,3.5,Good,38.0,28.586602371137076,77.28147881436956
108178,Bistro Bites 678,7,1.0,3.1,Good,205.0,18.458824916485042,73.89190456453083
108179,Domino's Pizza,1,2.0,2.0,Average,28.0,28.60116706961088,77.24475544659974
108180,Bistro Cafe 73,1,1.0,3.1,Good,132.0,28.67146514440824,77.24842406206034
108181,KFC,1,3.0,3.6,Good,50.0,28.647908322757658,77.23398127663381
108182,Haldiram's,1,1.0,1.6,Poor,40.0,28.62983800069616,77.22524687281906
108183,Curry Express 156,1,1.0,4.3,Very Good,230.0,28.622440864136404,77.18529561260704
108184,Grill Studio 136,15,1.0,3.2,Good,89.0,1.3393834188190137,103.79657630973644
108185,Biryani Blues,1,1.0,3.4,Good,1189.0,28.639659185144037,77.22412176738813
108186,House Express 853,1,1.0,2.2,Average,637.0,28.633686332615557,77.2303221167613
108187,The Food Hub 761,1,1.0,3.4,Good,520.0,28.610991024487635,77.20962385841719
108188,Bistro Hub 304,12,2.0,3.9,Good,566.0,23.029467815574186,72.55454472270318
108189,Kitchen Cafe 993,4,1.0,3.2,Good,214.0,28.352694884710054,77.31303622852069
108190,Royal Corner 532,2,3.0,3.4,Good,971.0,28.442689596344426,77.02475079480251
108191,Pizza Hut,10,1.0,2.4,Average,105.0,22.530841269613614,88.37352709080722
108192,Spice Cafe 955,2,2.0,3.1,Good,2517.0,28.417073731784765,77.01882469154539
108193,Tasty House 624,2,1.0,2.7,Average,50.0,28.475959570640377,77.06739980249111
108194,Urban Cafe 966,1,1.0,3.4,Good,46.0,28.56963867279938,77.20512569778421
108195,Cafe House 129,2,2.0,2.6,Average,27.0,28.486383116759455,77.00408387170039
108196,Cafe Lounge 944,1,2.0,0.0,Not rated,19.0,28.650020015708588,77.20617210188739
108197,Spice Bites 878,6,2.0,2.7,Average,21.0,12.969440348174682,77.55605142715058
108198,Grill Hub 901,1,2.0,3.0,Good,227.0,28.592706935237604,77.27946629802837
108199,Barbeque Nation,5,2.0,3.6,Good,577.0,19.11208580986427,72.90064303816503
108200,Green Bites 958,1,1.0,2.5,Average,162.0,28.633232924981076,77.20855813625546
108201,Biryani Blues,1,3.0,3.8,Good,36.0,28.65573128711688,77.25857601737204
108202,Urban Lounge 441,2,2.0,3.6,Good,110.0,28.421647188038172,77.01942342680194
108203,Curry Hub 776,12,4.0,3.4,Good,544.0,23.013387798390497,72.57022882393224
108204,Bistro Bites 987,2,3.0,4.2,Very Good,147.0,28.451850229000954,77.00195471304517
108205,Spice Garden 254,6,1.0,3.1,Good,65.0,12.978929863103158,77.56168081619337
108206,The Food Studio 264,1,1.0,3.7,Good,30.0,28.63577103693395,77.21637888472256
108207,McDonald's,1,2.0,4.4,Very Good,139.0,28.618724096553215,77.24624063088501
108208,Urban Bites 199,1,2.0,3.0,Good,72.0,28.660639093943697,77.17826063798648
108209,Cafe Express 871,1,2.0,3.6,Good,178.0,28.600783920999667,77.20062545459082
108210,Spice Corner 509,1,3.0,3.0,Good,315.0,28.577184638312573,77.2018753926753
108211,Green Bites 174,1,1.0,2.3,Average,104.0,28.590601602081748,77.23600419558538
108212,Pizza Hut,7,1.0,2.9,Average,214.0,18.49274729854672,73.84159977156696
108213,Burger King,1,1.0,2.1,Average,257.0,28.597942623334873,77.23535935342115
108214,Biryani Blues,5,2.0,2.6,Average,34.0,19.066578374869522,72.90273967171282
108215,Royal Corner 151,2,2.0,,Not rated,951.0,28.45156281837607,77.00343126961798
108216,Cafe Restaurant 856,3,1.0,2.7,Average,64.0,28.543617462400046,77.38074361893551
108217,Bistro Kitchen 605,5,2.0,3.7,Good,387.0,19.059861659783937,72.8805168198199
108218,Barbeque Nation,1,1.0,3.2,Good,43.0,28.650608035416766,77.19370500140079
108219,Barbeque Nation,1,1.0,4.2,Very Good,260.0,28.5460631712183,77.17768022233611
108220,Cafe Coffee Day,7,2.0,3.5,Good,233.0,18.442460006789144,73.90858435649213
108221,The Food Garden 282,10,1.0,3.7,Good,1616.0,22.607645824493108,88.30150739339454
108222,The Food Lounge 624,1,2.0,3.5,Good,145.0,28.646195640175716,77.2171483821799
108223,Cafe Coffee Day,1,3.0,3.6,Good,1008.0,28.657265824265316,77.25675866057618
108224,Spice Studio 768,11,3.0,4.2,Very Good,326.0,26.93468544433219,75.75910030777824
108225,Tasty Hub 794,2,1.0,3.4,Good,1925.0,28.459588490214266,77.02752228331524
108226,KFC,5,2.0,3.3,Good,20.0,19.066954998576815,72.9092975008076
108227,Spice Restaurant 858,2,2.0,3.3,Good,339.0,28.4034252748906,76.92011363562267
108228,Kitchen Kitchen 797,1,3.0,3.7,Good,7.0,28.619068471338938,77.20723628844408
108229,Urban Studio 645,5,3.0,3.0,Good,161.0,19.02571202161607,72.82266989225603
108230,Starbucks,4,1.0,2.5,Average,559.0,28.495214006620476,77.35151693584179
108231,Kitchen Kitchen 495,1,1.0,3.9,Good,1293.0,28.577778301686386,77.18126492551094
108232,House Hub 885,3,2.0,4.4,Very Good,596.0,28.532859842291163,77.45345576397966
108233,Kitchen Kitchen 275,8,2.0,2.6,Average,110.0,17.437724380770252,78.45327735343635
108234,Green Garden 38,5,1.0,0.0,Not rated,177.0,19.063189005565192,72.89343777208501
108235,Urban Lounge 814,1,1.0,3.7,Good,4719.0,28.601325167488955,77.17832650559299
108236,Spice Express 355,4,2.0,3.5,Good,213.0,28.318362555465264,77.30949458589578
108237,Urban Restaurant 755,6,1.0,3.4,Good,632.0,12.925757741506597,77.5944508073002
108238,Kitchen Studio 267,8,1.0,3.6,Good,116.0,17.404653793967086,78.4876028720734
108239,Cafe House 686,5,1.0,2.8,Average,635.0,19.13454922998211,72.93561979057596
108240,Cafe Bites 120,1,1.0,3.2,Good,564.0,28.58270970784951,77.25895685097677
108241,Spice Bites 504,6,2.0,3.4,Good,88.0,12.978485895911328,77.5683716961278
108242,Spice Corner 292,6,1.0,2.4,Average,403.0,13.066395873274148,77.5960997264934
108243,Subway,1,1.0,3.2,Good,510.0,28.633738060990424,77.16827006123415
108244,Spice Restaurant 319,2,1.0,3.8,Good,523.0,28.493662618207523,76.9779030865501
108245,The Food Kitchen 553,2,1.0,2.8,Average,158.0,28.432687401331,77.00325813876786
108246,Spice Point 619,6,2.0,3.3,Good,864.0,13.025933067851426,77.65351660069022
108247,Bistro Lounge 154,1,1.0,3.1,Good,55.0,28.589669122742624,77.14993424197536
108248,Haldiram's,5,2.0,3.0,Good,176.0,19.04561982534989,72.89787065834729
108249,Subway,11,1.0,3.4,Good,218.0,26.964178244348002,75.80341172123416
108250,Tasty Hub 786,8,1.0,2.6,Average,689.0,17.362707157206952,78.46068763349858
108251,Bistro Corner 245,11,1.0,3.9,Good,63.0,26.91227137712047,75.8098745014196
108252,Grill Lounge 409,13,1.0,3.4,Good,257.0,25.261716488614326,55.2932150206586
108253,The Food Bites 996,1,2.0,2.6,Average,86.0,28.581905766714726,77.20768850887522
108254,Spice Bites 456,5,2.0,4.3,Very Good,265.0,19.06771170018563,72.87243635503702
108255,Spice Hub 402,2,3.0,3.5,Good,317.0,28.438142613087933,77.01800696162128
108256,Cafe Restaurant 347,10,1.0,2.5,Average,31.0,22.56109449844207,88.33436247255533
108257,Burger King,1,1.0,0.0,Not rated,437.0,28.615273468215833,77.21478869099533
108258,Tasty Restaurant 615,14,1.0,3.3,Good,317.0,51.554303423568555,-0.14547893816314228
108259,Subway,5,2.0,0.0,Not rated,30.0,19.13348018266381,72.88335336077178
108260,Kitchen Restaurant 428,8,1.0,2.7,Average,106.0,17.390454391238787,78.46534796354965
108261,Domino's Pizza,1,1.0,3.2,Good,1178.0,28.588469606056826,77.18599527048382
108262,Cafe Studio 308,1,1.0,1.6,Poor,215.0,28.637631315868482,77.18993414619177
108263,Spice Lounge 930,7,1.0,3.1,Good,53.0,18.52058428195581,73.9011155147404
108264,Spice House 500,1,3.0,3.5,Good,73.0,28.615226419116656,77.16079138916618
108265,Starbucks,9,2.0,2.4,Average,333.0,13.0465861892597,80.33274042515765
108266,Grill Studio 993,1,3.0,3.6,Good,504.0,28.557302009788017,77.235882853921
108267,McDonald's,6,2.0,3.2,Good,286.0,12.9709378008059,77.53989394608422
108268,The Belgian Waffle Co,2,2.0,2.4,Average,106.0,28.422068943525915,77.00635957411238
108269,Cafe Restaurant 630,5,1.0,3.6,Good,546.0,19.05744064223055,72.82090899159316
108270,Starbucks,6,2.0,3.7,Good,137.0,13.023493207978284,77.61723992453877
108271,House Garden 887,2,1.0,2.8,Average,57.0,28.457044506444504,77.07128257977813
108272,KFC,1,1.0,2.9,Average,1238.0,28.652648235717542,77.21702173977712
108273,McDonald's,1,2.0,3.7,Good,374.0,28.624265004746196,77.25166686137686
108274,Tasty Kitchen 99,5,3.0,3.3,Good,69.0,19.096434280493714,72.88412855803473
108275,The Food Lounge 347,4,2.0,1.9,Poor,161.0,28.389648709753022,77.35178426601703
108276,Kitchen Hub 820,7,2.0,3.5,Good,201.0,18.560751901316564,73.86691916450967
108277,Royal Bites 123,4,1.0,2.5,Average,100.0,28.41977898928422,77.3182915209534
108278,The Belgian Waffle Co,2,1.0,0.0,Not rated,120.0,28.450245934902775,77.05367827327937
108279,The Food Studio 818,2,1.0,3.9,Good,66.0,28.470360497536063,77.02112876397712
108280,Royal Hub 19,1,2.0,3.1,Good,530.0,28.588866512928618,77.2599929641636
108281,Cafe Studio 695,2,4.0,3.6,Good,197.0,28.44922112597363,77.01555895781563
108282,Barbeque Nation,13,1.0,3.3,Good,24.0,25.20286549982569,55.29065064200677
108283,Kitchen Restaurant 286,10,1.0,3.3,Good,139.0,22.554200888545765,88.33916668041715
108284,Bistro Restaurant 982,2,2.0,2.6,Average,73.0,28.514055203847164,76.97153803459146
108285,Grill Bites 914,5,3.0,3.4,Good,4.0,19.061468598025993,72.89022838511595
108286,Royal Bites 917,9,2.0,3.2,Good,149.0,13.155588193496607,80.20756049656394
108287,Barbeque Nation,3,1.0,3.2,Good,665.0,28.53785435029126,77.46622076008201
108288,THE FOOD HOUSE 764,1,4.0,3.8,Good,181.0,28.605698463957648,77.19660432622881
108289,Biryani Blues,1,3.0,5.0,Excellent,655.0,28.596245023742526,77.20627810009351
108290,Bistro Point 591,4,1.0,2.2,Average,147.0,28.423684325710774,77.3069488016645
108291,Curry House 418,13,3.0,4.0,Very Good,122.0,25.23609675263531,55.27572707503496
108292,Burger King,6,2.0,4.0,Very Good,86.0,12.882772226767514,77.60650649132486
108293,Pizza Hut,1,1.0,3.3,Good,37.0,28.614070916601946,77.1796042614186
108294,Cafe House 945,1,2.0,2.8,Average,530.0,28.544316655894946,77.11960603439233
108295,Subway,8,3.0,4.5,Excellent,603.0,17.419363899051344,78.448172794164
108296,Royal Restaurant 394,9,2.0,1.8,Poor,94.0,13.117689018203821,80.25371624393149
108297,Haldiram's,5,1.0,2.6,Average,12.0,19.07743408201044,72.88750779510403
108298,Royal Express 498,6,4.0,4.4,Very Good,427.0,12.978893802847818,77.60102446150375
108299,Curry Corner 222,1,1.0,2.8,Average,53.0,28.563858205692636,77.2353628883153
108300,GRILL HOUSE 50,9,2.0,4.2,Very Good,271.0,13.063544984278384,80.21319778877066
108301,Spice House 243,8,2.0,2.2,Average,21.0,17.36357369782308,78.45545349914087
108302,Burger King,1,1.0,2.3,Average,167.0,28.598184827327927,77.19356658307647
108303,Domino's Pizza,6,1.0,2.7,Average,138.0,13.002126094679657,77.64794398564754
108304,Royal Restaurant 544,1,3.0,3.7,Good,9.0,28.65875966322956,77.30421794546164
108305,Urban Bites 649,1,1.0,2.9,Average,1287.0,28.635270098414093,77.1618042799716
108306,Spice Cafe 559,1,2.0,2.9,Average,113.0,28.602580772295255,77.24720681353288
108307,Spice Point 601,1,2.0,4.1,Very Good,160.0,28.58778428199166,77.21204123733953
108308,KFC,2,2.0,4.2,Very Good,442.0,28.46266834278637,77.04606639757807
108309,Spice Restaurant 243,2,2.0,2.9,Average,159.0,28.469878278687556,76.98024614095131
108310,Royal Express 139,4,1.0,1.9,Poor,215.0,28.401165615847706,77.36522682941333
108311,Cafe Coffee Day,3,1.0,1.6,Poor,30.0,28.51243268972007,77.31326166184432
108312,Bistro Point 786,1,3.0,3.6,Good,166.0,28.635433942231895,77.16298546182631
108313,Kitchen Cafe 479,1,2.0,3.6,Good,18.0,28.638873350110604,77.19955755416252
108314,Kitchen Point 879,5,1.0,3.0,Good,129.0,19.030082320885906,72.85693666619555
108315,The Belgian Waffle Co,2,3.0,3.4,Good,1157.0,28.446069244980603,77.02750394122467
108316,Tasty Corner 51,1,3.0,2.9,Average,25.0,28.641126559253152,77.18503538456409
108317,Grill House 45,10,1.0,3.4,Good,122.0,22.607200342461223,88.35141758788932
108318,Barbeque Nation,7,4.0,4.7,Excellent,17.0,18.5226598384006,73.85024590211768
108319,Curry Garden 678,10,2.0,1.8,Poor,135.0,22.585386701043873,88.35608302089554
108320,The Food Bites 605,3,1.0,2.9,Average,305.0,28.544338834993614,77.39620038206918
108321,Spice Express 293,1,1.0,2.4,Average,246.0,28.647300800861444,77.2403629457097
108322,Cafe Garden 711,6,2.0,2.2,Average,68.0,12.932777656281779,77.56822500490927
108323,Kitchen Point 527,1,3.0,2.7,Average,11.0,28.623266192068243,77.25616934757505
108324,Haldiram's,3,1.0,0.0,Not rated,19.0,28.504389950774584,77.39272126021972
108325,Haldiram's,1,1.0,3.3,Good,894.0,28.651982832288713,77.25313648624935
108326,Haldiram's,9,1.0,3.9,Good,636.0,,80.25871222701376
108327,Kitchen Bites 359,1,2.0,3.2,Good,162.0,28.628197113948794,77.17868162956333
108328,The Food Garden 781,11,1.0,1.9,Poor,167.0,26.881477474826276,75.79010808627831
108329,Tasty Hub 888,10,1.0,2.8,Average,46.0,22.59893484414182,88.45363656891861
108330,The Belgian Waffle Co,3,2.0,2.3,Average,749.0,28.550875113611543,77.34321942223589
108331,Urban Studio 632,7,3.0,2.6,Average,64.0,18.528788212832843,73.88040635619996
108332,Kitchen Restaurant 418,5,2.0,3.6,Good,343.0,19.1446327380434,72.88391085793108
108333,Green House 106,8,,0.0,Not rated,17.0,17.360411517968867,78.5008400994632
108334,Royal Garden 555,3,1.0,3.4,Good,152.0,28.567912476122984,77.3487985784425
108335,Curry Corner 304,8,1.0,2.8,Average,793.0,17.426020438720172,78.50269968987327
108336,House Hub 776,3,4.0,0.0,Not rated,27.0,28.567922512828922,77.40134037471466
108337,Tasty Corner 135,12,2.0,2.9,Average,434.0,22.99879279151997,72.51947533857374
108338,KFC,3,1.0,3.7,Good,52.0,28.527289076700214,77.39559364708812
108339,Kitchen Corner 73,3,1.0,3.2,Good,58.0,28.514291269969014,77.38249623761793
108340,Green Bites 5,8,2.0,3.1,Good,176.0,17.374594495083297,78.47431538804274
108341,Subway,9,2.0,3.3,Good,626.0,13.053259046582957,80.26910286496636
108342,House Kitchen 434,5,2.0,3.2,Good,125.0,19.06328649807863,72.91576856210307
108343,Urban Express 434,1,3.0,4.4,Very Good,513.0,28.665266945048852,77.22503502203888
108344,Haldiram's,3,2.0,3.4,Good,794.0,28.524326678412997,77.35448121638632
108345,Spice Express 133,13,2.0,3.2,Good,69.0,25.20850429121969,55.28819876860739
108346,Cafe Coffee Day,7,3.0,3.2,Good,27.0,18.49500989426429,73.85514917881412
108347,Subway,8,2.0,3.7,Good,130.0,17.384475265131805,78.46513139171897
108348,The Food Studio 581,1,3.0,3.9,Good,1042.0,28.642833478412317,77.16561091998413
108349,Bistro House 992,3,4.0,3.4,Good,68.0,28.552630716106055,77.4192447966121
108350,Bistro Express 219,6,1.0,2.2,Average,519.0,,77.57463284344878
108351,Pizza Hut,9,1.0,0.0,Not rated,64.0,13.040356725793226,80.30248253892812
108352,Curry Cafe 56,1,3.0,3.3,Good,1671.0,28.587427126403227,77.17132142268977
108353,Curry Kitchen 587,9,3.0,4.3,Very Good,3838.0,13.068248472585351,80.34051702756439
108354,Urban Bites 955,5,3.0,0.0,Not rated,326.0,19.12937212435247,72.96988054394252
108355,Cafe Lounge 408,1,1.0,2.6,Average,20.0,28.62435748590737,77.22798008809544
108356,Bistro Garden 868,1,2.0,2.1,Average,7.0,28.56430287185726,77.25437499131449
108357,Cafe Point 440,1,1.0,4.0,Very Good,234.0,28.6521282839358,77.19313102969733
108358,Urban Lounge 241,4,2.0,3.6,Good,617.0,28.41273574305854,77.29846959696212
108359,Pizza Hut,1,1.0,3.5,Good,363.0,28.645061205657733,77.2507922052765
108360,Curry Garden 643,1,1.0,3.6,Good,80.0,28.669324285827333,77.2142991039236
108361,Curry House 561,9,1.0,2.9,Average,26.0,13.048484032871773,80.22267897888784
108362,Kitchen Bites 480,1,2.0,3.3,Good,594.0,28.669313168861407,77.21170505852888
108363,McDonald's,1,1.0,4.0,Very Good,2215.0,28.611302966011152,77.16623446166206
108364,Bistro Restaurant 490,3,1.0,3.1,Good,77.0,28.521012804082122,77.38451952554014
108365,Bistro Kitchen 556,4,1.0,3.4,Good,533.0,28.414313214631242,77.35450889609629
108366,Spice Bites 103,8,1.0,3.6,Good,5144.0,17.34326247621448,78.53777949133885
108367,ROYAL CORNER 618,3,4.0,4.0,Very Good,171.0,28.534802508237846,77.40066963488124
108368,Curry Point 223,8,1.0,2.9,Average,137.0,17.37650578334115,78.53353112668661
108369,McDonald's,5,1.0,3.0,Good,350.0,19.0431647070103,72.86160205768353
108370,Cafe Restaurant 491,1,3.0,3.9,Good,148.0,28.591276293888768,77.2685242483411
108371,The Belgian Waffle Co,1,2.0,3.7,Good,1083.0,28.65373421052051,77.18369682524815
108372,Biryani Blues,3,2.0,4.0,Very Good,130.0,28.52928127649316,77.36267802325067
108373,Tasty Garden 266,2,2.0,3.6,Good,191.0,28.42517442661716,77.01046872663974
108374,Haldiram's,7,4.0,4.0,Very Good,35.0,18.536085577592193,73.83053950658027
108375,Kitchen Point 782,5,1.0,2.7,Average,121.0,19.102832899224264,72.8958097001819
108376,Burger King,2,4.0,3.2,Good,51.0,28.45942994874451,77.07042908190654
108377,Curry House 633,1,3.0,3.9,Good,327.0,28.57070556602703,77.20954279253183
108378,House Hub 265,1,2.0,2.8,Average,20.0,28.524772205769008,77.21989549856293
108379,Barbeque Nation,5,2.0,3.2,Good,619.0,19.044470449897695,72.82931476365799
108380,Cafe Restaurant 164,2,2.0,4.1,Very Good,74.0,28.496399043776265,77.02996919850973
108381,Haldiram's,4,1.0,3.8,Good,1931.0,28.44259951885647,77.37977586110097
108382,House Hub 48,1,1.0,3.2,Good,1009.0,28.586038353406497,77.25844423155027
108383,The Belgian Waffle Co,6,4.0,3.4,Good,371.0,12.963342861919537,77.55628284121525
108384,Biryani Blues,9,2.0,3.1,Good,26.0,13.107123097416574,80.2553649458858
108385,Starbucks,1,1.0,3.6,Good,90.0,28.60905414649604,77.32822869295521
108386,Urban House 632,3,2.0,3.2,Good,59.0,28.56827120216064,77.40563351508776
108387,McDonald's,13,2.0,2.8,Average,63.0,25.201397115997672,55.32383574342564
108388,The Food Hub 218,2,1.0,3.8,Good,1490.0,28.476355917923055,77.08238207922676
108389,Curry Bites 73,5,2.0,3.3,Good,153.0,19.064702801380413,72.8386492161799
108390,Grill Hub 911,1,2.0,2.8,Average,73.0,28.586462597196974,77.23433575170155
108391,House Studio 340,5,1.0,3.3,Good,73.0,19.116799412876063,72.88425506488458
108392,Urban Express 863,1,4.0,4.2,Very Good,116.0,28.561331098995797,77.26995840320797
108393,Kitchen Hub 919,13,1.0,2.3,Average,290.0,25.18381063255519,55.33947538957091
108394,Curry Express 447,7,2.0,3.1,Good,23.0,18.517097992089777,73.82758795917452
108395,Cafe Cafe 72,8,1.0,2.8,Average,188.0,17.415053085991946,78.60715318585437
108396,Subway,6,2.0,3.5,Good,330.0,12.940839039889607,77.60051607980135
108397,Domino's Pizza,5,1.0,3.4,Good,21.0,19.080439542281503,72.89983036485535
108398,Tasty Garden 252,3,1.0,2.6,Average,27.0,28.486971817853618,77.29817137717939
108399,McDonald's,10,3.0,2.4,Average,143.0,22.588013395270277,88.39919082243341
108400,Burger King,13,1.0,3.7,Good,1230.0,25.26862998157852,55.195404847566905
108401,Bistro Hub 936,3,3.0,0.0,Not rated,404.0,28.46691510278988,77.38596255832304
108402,Barbeque Nation,12,2.0,3.4,Good,88.0,22.997041485513606,72.55204891629771
108403,Green Point 962,5,4.0,3.5,Good,1131.0,19.105292748115264,72.89401433916055
108404,Starbucks,4,2.0,3.3,Good,124.0,28.5119276692751,77.32407640817341
108405,Spice House 412,3,1.0,4.1,Very Good,147.0,28.5560822610343,77.4115428951007
108406,Bistro Studio 29,1,1.0,5.0,Excellent,304.0,28.588369668019688,77.25260763739155
108407,Curry Corner 213,1,3.0,2.3,Average,426.0,28.608699784774554,77.17386117292402
108408,SPICE POINT 388,1,3.0,4.0,Very Good,101.0,28.570960131337294,77.2018457955143
108409,Kitchen Cafe 321,4,1.0,2.9,Average,103.0,28.437079615113362,77.28820974819362
108410,Haldiram's,2,2.0,3.9,Good,44.0,28.496113675599993,76.99437524741471
108411,Royal Bites 295,3,2.0,3.8,Good,322.0,28.584719789859285,77.45864413845727
108412,Domino's Pizza,14,4.0,4.5,Excellent,777.0,51.49584734952601,-0.17221230806094273
108413,Bistro Garden 746,2,4.0,3.8,Good,720.0,28.43123661938701,76.99782674264408
108414,Barbeque Nation,3,4.0,3.0,Good,31.0,28.58782381036593,77.46779915408734
108415,House Bites 890,1,3.0,0.0,Not rated,55.0,28.662228790786425,77.20456074454817
108416,Kitchen Lounge 172,1,3.0,3.5,Good,922.0,28.579324400645646,77.2067443036837
108417,Tasty Hub 381,8,1.0,2.8,Average,222.0,17.371855228555756,78.50071827781089
108418,Spice House 851,5,3.0,0.0,Not rated,93.0,19.103633276260805,72.83552726440149
108419, Domino's Pizza ,7,2.0,3.9,Good,215.0,18.511571735517716,73.82442756390398
108420,Tasty Point 825,1,4.0,4.6,Excellent,487.0,28.615007554538625,77.18741837576438
108421,Kitchen Bites 868,5,2.0,2.4,Average,218.0,19.024581360145213,72.91417775927508
108422,Tasty Garden 969,1,1.0,3.4,Good,92.0,28.574618729296784,77.23250482966213
108423,Urban Garden 588,1,2.0,3.0,Good,523.0,28.610699742733335,77.18694137682192
108424,Kitchen Cafe 498,1,2.0,2.2,Average,32.0,28.58944282947583,77.20432714614178
108425,Green Kitchen 536,1,1.0,3.1,Good,929.0,,77.23628035074509
108426,Cafe Restaurant 789,1,1.0,2.5,Average,50.0,28.602904959593364,77.12553005810746
108427,Curry Restaurant 589,1,2.0,2.2,Average,289.0,28.583186030373128,77.21957868925918
108428,Bistro Garden 863,14,1.0,2.5,Average,126.0,51.50838238967534,-0.1012716513515323
108429,Urban Garden 614,1,1.0,2.3,Average,82.0,28.648637312944093,77.17685481979352
108430,Grill House 36,1,1.0,2.6,Average,870.0,28.603355697144085,77.23175439730963
108431,Cafe Express 834,1,4.0,2.7,Average,412.0,28.598987090494923,77.20952503004334
108432,The Food Cafe 720,5,2.0,0.0,Not rated,83.0,19.113579438423347,72.94107440190601
108433,Green Hub 844,1,1.0,2.5,Average,1382.0,28.639573317768967,77.19069280372176
108434,Tasty Garden 222,10,2.0,3.4,Good,647.0,22.600530255673497,88.38458126072251
108435,Starbucks,13,2.0,3.6,Good,72.0,25.116575234955103,55.21935094741841
108436,Biryani Blues,1,1.0,3.2,Good,10.0,28.59820931638564,77.21163200037313
108437,Tasty Kitchen 134,3,1.0,2.8,Average,190.0,28.515489102698872,77.41953537865021
108438,Starbucks,1,2.0,3.0,Good,981.0,28.585004564165565,77.19061083665363
108439,Bistro Lounge 825,6,2.0,2.7,Average,349.0,13.008475670433128,77.63378580865007
108440,House Kitchen 338,2,3.0,2.9,Average,1218.0,28.440478974714406,77.05880681553093
108441,Grill Express 234,1,1.0,3.5,Good,92.0,28.56523633572567,77.21403378637729
108442,Spice Restaurant 75,1,1.0,0.0,Not rated,77.0,28.622515883359576,77.19950566732594
108443,Barbeque Nation,6,4.0,3.5,Good,173.0,12.97133350930209,77.48666079777357
108444,Bistro Hub 141,2,1.0,2.8,Average,225.0,28.427215043316572,77.00389815596837
108445,Cafe Lounge 721,1,2.0,3.6,Good,518.0,28.64952568424636,77.24752827173232
108446,Curry Garden 177,6,1.0,2.1,Average,1099.0,12.990180894376277,77.58503097655662
108447,House Hub 350,5,1.0,3.0,Good,1743.0,19.09446803165231,72.89351589666968
108448,Curry Restaurant 517,10,1.0,3.2,Good,1461.0,22.5895388241714,88.34766008175433
108449,Urban Lounge 793,1,1.0,1.8,Poor,308.0,28.652035809823154,77.15905958805587
108450,Royal Hub 210,8,1.0,2.3,Average,97.0,17.379560802111254,78.51287551138672
108451,House Lounge 665,6,1.0,2.9,Average,225.0,12.928145527808256,77.5516086474253
108452,Kitchen Bites 560,1,2.0,3.5,Good,440.0,28.606647292461364,77.19982111948674
108453,The Food Kitchen 398,6,2.0,3.3,Good,220.0,12.913653174418295,77.60735257089026
108454,Tasty Restaurant 79,3,1.0,3.4,Good,60.0,28.498328003341808,77.36726129914167
108455,Green Restaurant 741,12,3.0,2.7,Average,91.0,23.079167652328362,72.62636272108492
108456,House Express 411,1,1.0,2.0,Average,413.0,28.575379548003287,77.27803076141659
108457,Bistro Cafe 614,6,1.0,3.1,Good,130.0,12.93051176955416,77.56626550263935
108458,The Food House 26,2,2.0,2.4,Average,157.0,28.482936777951558,76.99963946754303
108459,Kitchen Lounge 439,13,2.0,2.6,Average,144.0,25.23501241048201,55.25545246009667
108460,Cafe Garden 581,2,2.0,3.8,Good,68.0,28.401179123067788,77.0669566923607
108461,Tasty Point 905,13,1.0,3.1,Good,143.0,25.21350743495378,55.28780767752969
108462,Green Corner 877,11,3.0,3.0,Good,98.0,26.893206244896383,75.81358472704787
108463,Curry Hub 207,1,2.0,2.7,Average,68.0,28.62547019955136,77.25503640460902
108464,Urban Corner 860,8,1.0,3.4,Good,50.0,17.374406438210368,78.45500542569523
108465,Cafe Hub 428,15,1.0,3.1,Good,157.0,1.304303905562271,103.83739589923805
108466,Burger King,1,3.0,2.6,Average,345.0,28.597052491208462,77.21079607401352
108467,KFC,3,2.0,1.9,Poor,554.0,28.55740256744672,77.40605334179365
108468,Kitchen Express 751,4,1.0,4.2,Very Good,39.0,28.476929668864045,77.35802001426462
108469,Grill House 974,1,1.0,2.2,Average,1087.0,28.627544731918587,77.20369029193833
108470,Curry Bites 950,1,1.0,3.3,Good,268.0,28.600217593314472,77.18461381416724
108471,Tasty Express 336,1,2.0,4.2,Very Good,55.0,28.572612336974032,77.17221144885784
108472,Kitchen Studio 361,1,3.0,3.5,Good,117.0,28.608354187014754,77.27039646893971
108473,McDonald's,3,1.0,2.6,Average,15.0,28.52225448592698,77.38952916511143
108474,Tasty Garden 6,1,1.0,2.1,Average,18.0,28.624602267527475,77.16112526424324
108475,Burger King,10,3.0,2.5,Average,1341.0,22.570513122045302,88.41230469579504
108476,Kitchen Lounge 806,6,2.0,3.4,Good,79.0,12.98838528980758,77.53475238965774
108477,Grill Hub 299,1,2.0,4.1,Very Good,434.0,28.601310312138416,77.15475292498354
108478,Kitchen Kitchen 425,6,1.0,2.7,Average,141.0,13.031419098414647,77.58354037917675
108479,The Food Express 110,6,2.0,2.8,Average,170.0,12.992033765894552,77.57546059850438
108480,Cafe Coffee Day,13,2.0,3.7,Good,321.0,25.180065694553782,55.28171763563895
108481,The Food Kitchen 789,1,1.0,2.6,Average,11.0,28.648938873935254,77.14157721363021
108482,Cafe Studio 956,1,4.0,3.8,Good,1079.0,28.57343963131517,77.22041257346284
108483,Royal Point 207,11,3.0,3.4,Good,168.0,26.882486181690798,75.83204429255252
108484,Grill House 18,12,2.0,2.9,Average,90.0,22.99446546741434,72.53703303249002
108485,Green Express 841,7,2.0,3.2,Good,326.0,18.566893276463848,73.84345720591581
108486,Spice Restaurant 66,8,2.0,4.3,Very Good,94.0,17.378743686342943,78.4586456670164
108487,Green House 199,1,1.0,3.4,Good,246.0,28.59189598628798,77.22021339661387
108488,Biryani Blues,4,1.0,3.7,Good,165.0,28.414643635136102,77.2801587636952
108489,The Food Hub 939,1,3.0,2.8,Average,405.0,28.63287238338393,77.16697213235526
108490,The Belgian Waffle Co,1,2.0,0.0,Not rated,68.0,28.669521348726132,77.20371128149593
108491,Royal Corner 817,8,3.0,3.8,Good,57.0,17.332605287935333,78.49849611215916
108492,Bistro Corner 554,1,1.0,2.0,Average,219.0,28.658115947514325,77.21426710150156
108493,Grill Point 32,3,2.0,3.6,Good,141.0,28.46314292534313,77.37561413437837
108494,The Food Restaurant 71,12,2.0,2.9,Average,17.0,23.054220017923075,72.59479152960475
108495,The Belgian Waffle Co,1,2.0,2.2,Average,186.0,28.65461486762019,77.21706278271508
108496,Cafe House 654,13,3.0,3.5,Good,99.0,25.247327437584385,55.22987816446235
108497,Biryani Blues,14,4.0,4.0,Very Good,334.0,51.52730933061125,-0.22145508548884618
108498,Curry Cafe 899,5,1.0,3.1,Good,61.0,19.038721401028692,72.89595690874981
108499,The Food Express 157,1,1.0,2.9,Average,37.0,28.640047781717925,77.20001983024048
108500,Urban Point 372,1,1.0,2.8,Average,728.0,28.576537286664312,77.17015180824741
108501,The Food Lounge 14,2,2.0,4.8,Excellent,742.0,28.426645577745337,77.08348770223505
108502,Spice Studio 210,1,1.0,2.2,Average,144.0,28.597930715576368,77.26552047006366
108503,Tasty Restaurant 504,1,2.0,3.8,Good,358.0,28.601084713671487,77.25357459256026
108504,Grill Corner 587,13,1.0,3.0,Good,479.0,25.213224612876125,55.2787165491279
108505,House Bites 977,1,2.0,2.6,Average,157.0,28.589560982180714,77.09824745494028
108506,Cafe Coffee Day,7,2.0,3.2,Good,40.0,18.531939344086073,73.89783433662014
108507,Kitchen Cafe 849,1,2.0,2.3,Average,,28.56586884460106,77.1767806097835
108508,Grill Corner 144,5,2.0,2.8,Average,583.0,19.07735847329226,72.85812944633571
108509,Tasty Corner 173,11,1.0,3.0,Good,365.0,26.90286399596164,75.81877267273046
108510,The Food Garden 151,1,1.0,2.0,Average,150.0,28.64938401939425,77.28011348859722
108511,Spice Point 993,1,2.0,3.5,Good,394.0,28.65290650830618,77.26293779450387
108512,Haldiram's,6,2.0,2.6,Average,120.0,12.965651440442805,77.6006430854472
108513,Royal Express 534,7,3.0,2.5,Average,575.0,18.45181796238882,73.88256338417722
108514,Spice Studio 196,6,3.0,2.7,Average,878.0,12.92000048066509,77.5558996329162
108515,Royal Corner 233,1,3.0,4.8,Excellent,51.0,28.65323104631516,77.15220925161691
108516,Starbucks,1,1.0,1.7,Poor,527.0,28.608882515722524,77.24679905603332
108517,Curry Studio 293,13,2.0,3.5,Good,3186.0,25.266020413195125,55.28209061870545
108518,Curry Express 625,11,1.0,2.5,Average,300.0,26.9437842532713,75.73660892525857
108519,Urban Bites 317,3,1.0,2.8,Average,570.0,28.54443099294817,77.38932006758495
108520,Burger King,9,1.0,3.4,Good,84.0,13.087199241670277,80.2922931848946
108521,House Lounge 739,3,1.0,3.4,Good,101.0,28.495288833696307,77.42273747074762
108522,Domino's Pizza,2,1.0,2.6,Average,122.0,28.43740401164191,77.04858597248055
108523,Bistro Hub 860,1,2.0,2.3,Average,90.0,28.628469687619585,77.19628866370094
108524,House Lounge 895,3,4.0,4.0,Very Good,42.0,28.523421998421288,77.36130837856248
108525,Grill Garden 109,4,1.0,3.4,Good,153.0,28.425289814910858,77.3218992186974
108526,Royal Point 663,1,3.0,3.2,Good,517.0,28.64992334311147,77.23707493076584
108527,Royal House 32,3,1.0,3.3,Good,36.0,28.529212025596028,77.42268368903632
108528,Kitchen Restaurant 562,8,1.0,2.7,Average,203.0,17.369895964432242,78.54201137467673
108529,CAFE GARDEN 170,6,2.0,2.7,Average,196.0,12.940229232393563,77.59582515067795
108530,Curry Garden 951,5,2.0,3.2,Good,124.0,19.105221009183587,72.8388401347043
108531,Urban Studio 198,11,1.0,3.3,Good,346.0,26.93877251002827,75.82532743980342
108532,Tasty House 187,1,1.0,3.2,Good,301.0,28.69044776790824,77.21190406092316
108533,Green Bites 990,5,2.0,3.5,Good,122.0,19.082190085694634,72.83280551552556
108534,House Kitchen 381,8,1.0,2.5,Average,587.0,17.38161766127307,78.50853014502736
108535,Haldiram's,4,2.0,4.2,Very Good,457.0,28.425256400063944,77.36721559188666
108536,Urban Studio 554,1,2.0,3.0,Good,1244.0,28.603821574031244,77.22240595065072
108537,The Food Hub 908,1,1.0,2.9,Average,156.0,28.5829139518395,77.25884263167887
108538,Kitchen Express 577,10,3.0,2.5,Average,104.0,22.575707313727552,88.34694193429054
108539,Cafe Lounge 608,3,1.0,0.0,Not rated,69.0,28.55152340742071,77.36553609400153
108540,Tasty Hub 242,10,2.0,3.5,Good,848.0,22.590943231248865,88.39380831999608
108541,Starbucks,5,3.0,0.0,Not rated,74.0,19.091542328437104,72.86535364401915
108542,The Belgian Waffle Co,6,4.0,4.6,Excellent,221.0,13.008836112962689,77.63678213122802
108543,Curry Cafe 515,8,2.0,3.5,Good,2255.0,17.403218192883056,78.49267681506635
108544,Spice Hub 906,6,2.0,3.4,Good,35.0,12.981071020064258,77.63725480729356
108545,Barbeque Nation,2,1.0,2.7,Average,254.0,28.41520448857673,77.04869444162703
108546,Cafe Corner 37,4,2.0,2.8,Average,154.0,28.417505753656176,77.28629808542762
108547,Tasty Express 844,8,2.0,3.8,Good,151.0,17.379020227679106,78.41699684950824
108548,Bistro Lounge 643,2,1.0,3.6,Good,60.0,28.4202434989405,77.05396784104116
108549,Spice Bites 910,2,3.0,2.7,Average,71.0,28.477030449765426,77.0463802651392
108550,Curry Studio 595,1,1.0,3.5,Good,116.0,28.632036901184097,77.17337123123694
108551,The Food Kitchen 643,11,3.0,3.8,Good,385.0,26.927289127635603,75.81525023296365
108552,Tasty Studio 322,1,3.0,2.7,Average,473.0,28.63334582334658,77.2576713734251
108553,Cafe Lounge 80,6,2.0,3.6,Good,21.0,12.975936977707994,77.56984388398281
108554,Grill Lounge 640,2,2.0,2.5,Average,34.0,28.450864528107793,76.95892646406469
108555,Curry Restaurant 216,2,1.0,1.4,Poor,242.0,28.52145149718124,77.06057172933684
108556,Urban Express 598,6,4.0,3.5,Good,428.0,12.976788237470144,77.63913476548876
108557,Barbeque Nation,1,1.0,3.2,Good,29.0,28.524909637685315,77.18331401405091
108558,Grill Cafe 310,5,2.0,0.0,Not rated,268.0,18.991030129622562,72.90479014702616
108559,Cafe Restaurant 643,8,2.0,5.0,Excellent,265.0,17.42717303049449,78.4983065856234
108560,Tasty Lounge 216,9,3.0,3.6,Good,505.0,13.018510151723564,80.2668663211183
108561,Grill Lounge 454,1,3.0,3.5,Good,67.0,28.594848232785235,77.22931975488943
108562,Grill Corner 882,11,2.0,3.5,Good,34.0,26.869846847863368,75.76972789654413
108563,Domino's Pizza,6,1.0,2.7,Average,110.0,12.961009958762459,77.55605307139005
108564,Tasty Kitchen 155,10,1.0,3.6,Good,142.0,22.586113848536034,88.37810440217477
108565,Burger King,3,1.0,3.2,Good,121.0,28.512237017803663,77.40038436146412
108566,Royal Kitchen 959,4,3.0,3.6,Good,122.0,28.38035371822185,77.22865970185768
108567,House Cafe 29,11,2.0,2.8,Average,1383.0,26.93792483556416,75.74595968647529
108568,Kitchen Restaurant 91,11,2.0,2.2,Average,17.0,27.00451579817926,75.76377294549742
108569,Grill Kitchen 159,3,2.0,2.9,Average,59.0,28.554414880384925,77.40937230698333
108570,House Lounge 536,1,2.0,3.4,Good,112.0,28.581909184663846,77.15570902386666
108571,House Kitchen 524,2,1.0,0.0,Not rated,92.0,28.48998983647716,77.01541312570563
108572,Spice Bites 848,2,1.0,3.2,Good,442.0,28.52054484376657,77.09441837330971
108573,Tasty House 733,1,1.0,2.8,Average,491.0,28.65111700448554,77.21133782389127
108574,Cafe Corner 895,1,2.0,3.5,Good,746.0,28.55987007513671,77.21351816397578
108575,Barbeque Nation,10,1.0,2.4,Average,278.0,22.59109568885975,88.3617647782773
108576,Green Studio 799,1,2.0,0.0,Not rated,10.0,28.59783365087912,77.24337189858245
108577,Haldiram's,6,2.0,2.8,Average,20.0,12.973438060712237,77.59606072101111
108578,Haldiram's,1,2.0,2.2,Average,612.0,28.600804798522297,77.2013035014243
108579,Green Point 282,2,1.0,2.9,Average,659.0,28.485496216080126,77.03192670946927
108580,Grill Bites 953,1,1.0,4.0,Very Good,480.0,28.601546788712792,77.25540132747254
108581,House Garden 623,1,1.0,2.1,Average,51.0,28.663524123245743,77.2230721096952
108582,Spice Point 731,8,2.0,3.3,Good,124.0,17.38489603425999,78.48871172536411
108583,Tasty Studio 336,10,1.0,3.5,Good,118.0,22.564778258701942,88.40511585302659
108584,Cafe House 883,1,3.0,4.9,Excellent,73.0,28.633912098509672,77.19072387936124
108585,Bistro Point 998,3,2.0,2.9,Average,235.0,28.54800234656141,77.27892796167924
108586,Pizza Hut,3,1.0,2.6,Average,2359.0,28.556514620067052,77.40667087605192
108587,Spice Studio 453,10,2.0,0.0,Not rated,48.0,22.567936715205178,88.37916286967761
108588,KFC,8,2.0,3.9,Good,1073.0,17.431707363997653,78.46492214909173
108589,House Point 103,4,2.0,2.6,Average,52.0,28.44355924129248,77.3083864501109
108590,Kitchen Bites 44,6,1.0,2.8,Average,24.0,12.97117037849024,77.63862829403287
108591,Kitchen Studio 693,9,1.0,1.8,Poor,459.0,13.111493700503017,80.28658775052031
108592,Kitchen Hub 660,1,1.0,3.6,Good,151.0,28.60469482304826,77.26061326075798
108593,Barbeque Nation,2,1.0,3.8,Good,1017.0,28.479459354306346,77.03599955561967
108594,House Restaurant 228,11,3.0,3.9,Good,1334.0,26.941286115201653,75.78192167054472
108595,Bistro Garden 270,7,2.0,2.2,Average,103.0,18.529140077348586,73.88147286621577
108596,Pizza Hut,4,3.0,3.8,Good,1112.0,28.380195433985122,77.33068434015506
108597,Grill Point 108,4,1.0,1.9,Poor,45.0,28.367129719431922,77.33315665480254
108598,The Food Kitchen 316,2,1.0,3.0,Good,57.0,28.4697722886241,77.01853978847434
108599,Spice Bites 942,4,2.0,3.3,Good,710.0,28.383564656449938,77.29778083837314
108600,Royal Point 664,6,1.0,3.2,Good,26.0,13.008501368268583,77.57589774982776
108601,Spice Point 411,2,1.0,3.3,Good,185.0,28.406693248719748,77.04479773404005
108602,Curry Kitchen 333,7,2.0,3.2,Good,867.0,18.56650339050139,73.87943200704999
108603,Tasty Lounge 617,10,1.0,1.7,Poor,678.0,22.57438381014625,88.27189776194736
108604,Domino's Pizza,1,2.0,3.5,Good,113.0,28.58400029235771,77.18335234592006
108605,Curry Studio 633,3,1.0,3.1,Good,628.0,28.519702973275795,77.33533038744542
108606,Spice Hub 238,2,2.0,2.6,Average,39.0,28.45237483973438,77.00915935437686
108607,The Food Bites 274,6,3.0,2.4,Average,66.0,12.988505912818766,77.57348474587576
108608,Grill Garden 270,1,1.0,4.0,Very Good,289.0,28.57101624252764,77.21418435364907
108609,Curry Cafe 830,6,3.0,4.2,Very Good,363.0,12.938031748276781,77.60110731878999
108610,Green House 744,10,2.0,3.7,Good,54.0,22.561250895155517,88.4384632489363
108611,The Food Corner 68,2,3.0,3.0,Good,1786.0,28.458424528545525,77.03965052993398
108612,Royal Cafe 327,11,1.0,1.4,Poor,11.0,26.937477307076243,75.80964844147447
108613,Curry Lounge 678,14,2.0,3.7,Good,217.0,51.51682315727482,-0.17756655722609468
108614,KFC,1,1.0,3.2,Good,232.0,28.600268078865827,77.19728223314127
108615,Curry Express 464,1,3.0,3.2,Good,20.0,28.622175760972418,77.17108394484474
108616,Royal Cafe 932,12,2.0,3.9,Good,1111.0,23.028291938665042,72.59234948767752
108617,Royal Bites 450,13,2.0,3.8,Good,82.0,25.19598943146782,55.27262484211948
108618,Haldiram's,1,3.0,3.5,Good,219.0,28.61796918280172,77.19704566384824
108619,Grill Restaurant 214,1,1.0,3.0,Good,262.0,28.538596286077706,77.24247553769608
108620,Royal Cafe 850,1,1.0,3.0,Good,28.0,28.646571970805304,77.19957482590992
108621,Haldiram's,15,2.0,0.0,Not rated,23.0,1.3712782566883808,103.86648878449107
108622,Bistro Bites 312,1,2.0,2.6,Average,1125.0,28.66632937615545,77.25522267623037
108623,Green Point 180,3,1.0,3.3,Good,171.0,28.507116761156798,77.36875217408954
108624,Tasty Restaurant 382,9,2.0,2.6,Average,5.0,13.102702498862534,80.30967214720563
108625,Pizza Hut,1,4.0,4.5,Excellent,166.0,28.547225586352308,77.21294406787412
108626,The Food Lounge 254,5,2.0,3.5,Good,186.0,19.014202916410124,72.86390826105162
108627,Tasty Corner 970,1,1.0,2.6,Average,209.0,28.605606823467483,77.22281854528933
108628,Green Garden 299,10,1.0,3.1,Good,14.0,22.552346666073067,88.30835315773923
108629,Curry Restaurant 261,1,4.0,3.0,Good,167.0,28.650556892179782,77.1901731293021
108630,Bistro Kitchen 354,6,2.0,4.2,Very Good,80.0,13.012842039781349,77.60922257346603
108631,Cafe Express 558,6,3.0,4.5,Excellent,319.0,13.016527112772616,77.58429864132637
108632,Urban Bites 499,1,1.0,3.5,Good,366.0,28.63482618846916,77.24673475755529
108633,Cafe Kitchen 435,1,2.0,4.2,Very Good,373.0,28.636335331695992,77.19506763627828
108634,Domino's Pizza,2,2.0,3.3,Good,1075.0,28.414640557738938,77.0308515755242
108635,Royal Hub 79,1,1.0,3.5,Good,3005.0,28.662889566425406,77.20478933795027
108636,Urban House 579,8,2.0,4.0,Very Good,52.0,17.428816224764216,78.43322203265159
108637,House Garden 913,8,2.0,0.0,Not rated,55.0,17.336702081840308,78.50043330061321
108638,Green Garden 858,3,2.0,3.2,Good,460.0,28.551881647964795,77.40210062929931
108639,Curry House 716,5,3.0,4.0,Very Good,185.0,19.056865013191107,72.81005492843524
108640,Bistro Cafe 262,5,3.0,3.8,Good,6.0,19.140736533369513,72.79125817874724
108641,Green Restaurant 499,9,3.0,2.9,Average,133.0,13.048574569101108,80.25482766629833
108642,The Food Corner 754,2,3.0,2.0,Average,653.0,28.462740702028448,77.06967086245125
108643,Cafe Restaurant 881,1,2.0,3.1,Good,31.0,28.620408919356546,77.30414185127138
108644,Burger King,1,1.0,1.6,Poor,168.0,28.61203257523732,77.14526968078803
108645,House Point 995,4,3.0,2.8,Average,15.0,28.484092451450653,77.37469602725902
108646,Domino's Pizza,3,2.0,2.6,Average,473.0,28.59468685966333,77.43165363861615
108647,Tasty Bites 357,3,1.0,2.6,Average,215.0,28.478183907789276,77.37058285885769
108648,Bistro Corner 589,1,2.0,3.7,Good,99.0,28.63094934297732,77.27491150277723
108649,Cafe House 725,7,1.0,3.7,Good,120.0,18.520002749534637,73.8730289000682
108650,Urban Lounge 913,1,2.0,3.5,Good,29.0,28.64310021937678,77.20103857293856
108651,Burger King,1,,3.4,Good,670.0,28.621351360965367,77.1466843233994
108652,Urban Cafe 765,2,1.0,3.4,Good,70.0,28.431058741811327,77.0301729485621
108653,Tasty House 446,1,4.0,0.0,Not rated,168.0,28.57758769575565,77.21044926820666
108654,Spice Hub 321,5,3.0,3.4,Good,57.0,19.061933269132833,72.95605813846682
108655,Green Garden 179,2,3.0,2.2,Average,2280.0,28.455281158748885,76.99349486756441
108656,Spice Hub 813,3,2.0,3.5,Good,1365.0,28.542286770250644,77.35998672502218
108657,Royal Hub 697,4,3.0,2.0,Average,1867.0,28.388930531468205,77.29992663152554
108658,Green Garden 629,1,2.0,3.1,Good,2752.0,28.6736090827916,77.30196703235141
108659,Spice Kitchen 922,1,2.0,3.6,Good,89.0,28.63263390813965,77.16873253625006
108660,Bistro Studio 996,10,4.0,2.9,Average,56.0,22.603188504774337,88.40968374064639
108661,Green House 500,3,1.0,3.6,Good,2501.0,28.53064443519286,77.33647739002912
108662,Bistro Corner 97,2,4.0,3.9,Good,177.0,28.423186566988527,77.0417078108287
108663,Curry Cafe 74,1,1.0,3.2,Good,515.0,28.644816928243515,77.2124374878524
108664,House Garden 283,3,2.0,3.7,Good,93.0,28.500728745576613,77.36650938553083
108665,Urban Garden 301,5,1.0,2.8,Average,78.0,19.00520151145948,72.90282464606275
108666,McDonald's,5,2.0,3.3,Good,525.0,19.095796805749334,72.84968488937838
108667,Pizza Hut,6,2.0,3.2,Good,15.0,12.945153539515434,77.53806914289571
108668,Cafe Coffee Day,1,4.0,3.6,Good,528.0,28.602200847442365,77.19809322556334
108669,Kitchen House 903,1,4.0,3.2,Good,350.0,28.63818961717763,77.17689422508064
108670,Tasty Corner 113,8,4.0,2.8,Average,85.0,17.352436734423506,78.4957733350762
108671,Green Studio 770,12,1.0,2.8,Average,171.0,22.966422758330733,72.56138630247465
108672,Subway,1,4.0,3.3,Good,233.0,28.656579827476367,77.26374085721885
108673,Biryani Blues,3,2.0,2.7,Average,219.0,28.53345920041873,77.37982855519803
108674,Kitchen Restaurant 927,1,3.0,4.0,Very Good,514.0,28.657907058997065,77.21865092110168
108675,Cafe Bites 343,1,1.0,2.2,Average,52.0,28.635814651543615,77.16832348533308
108676,Royal Bites 188,2,2.0,3.1,Good,5188.0,28.482447643609937,77.01166808101097
108677,Curry House 872,1,4.0,4.4,Very Good,183.0,28.61962022540199,77.17709291600538
108678,Urban Garden 623,6,4.0,4.2,Very Good,192.0,12.97729123344258,77.63606739254425
108679,Subway,4,2.0,4.0,Very Good,2467.0,28.448607876852368,77.2912849969218
108680,Grill Express 3,1,3.0,3.0,Good,17.0,28.64240651924706,77.18623597349114
108681,Bistro Express 352,1,1.0,3.5,Good,2181.0,28.593284197122905,77.21945917444654
108682,Starbucks,8,2.0,2.5,Average,175.0,17.402255029076855,78.4617202164121
108683,The Food Garden 948,1,2.0,3.0,Good,89.0,28.59222298020572,77.25833784141253
108684,Grill House 493,5,1.0,2.9,Average,42.0,19.065058788289647,72.94622086016788
108685,Haldiram's,2,1.0,2.6,Average,32.0,28.479393400717427,76.99518963799848
108686,Green Cafe 1,5,1.0,0.0,Not rated,58.0,19.053794671114645,72.90729705332105
108687,Green Point 68,1,2.0,2.9,Average,241.0,28.619066452218405,77.17942503081835
108688,Kitchen Garden 388,1,1.0,2.4,Average,332.0,28.627203587892833,77.19651990975126
108689,Bistro Kitchen 383,1,2.0,3.8,Good,289.0,28.60202329877828,77.23315606087026
108690,The Food Cafe 850,1,1.0,2.9,Average,90.0,28.639088933608857,77.21389425216603
108691,Pizza Hut,3,2.0,3.3,Good,992.0,28.52011869998778,77.39682200826394
108692,Cafe Coffee Day,6,2.0,3.3,Good,5261.0,13.004592069214535,77.63304067555964
108693,Cafe Studio 539,1,2.0,3.2,Good,1178.0,28.618474358036934,77.24719770076423
108694,Cafe Express 219,1,2.0,3.3,Good,118.0,28.619949605446664,77.21078880612554
108695,Starbucks,4,2.0,3.0,Good,326.0,28.37744357925292,77.29559404947936
108696,Domino's Pizza,5,1.0,3.9,Good,430.0,19.067788166799563,72.8777322807255
108697,The Food Point 452,13,3.0,3.9,Good,1575.0,25.211619974533786,55.23549350082933
108698,Tasty House 98,5,1.0,3.0,Good,114.0,19.111854728250776,72.90521158198877
108699,Spice Restaurant 542,3,1.0,2.7,Average,48.0,28.524241048200455,77.3844112594295
108700,Grill Corner 62,5,2.0,3.1,Good,734.0,19.111724813191344,72.83900574407319
108701,Starbucks,11,1.0,3.3,Good,309.0,26.88595324452126,75.83423349891524
108702,Green Kitchen 320,9,3.0,4.4,Very Good,59.0,13.09439570385906,80.27021154006661
108703,KFC,1,1.0,2.1,Average,345.0,28.59616284075863,77.18281914727707
108704,Urban Garden 235,1,2.0,3.6,Good,1977.0,28.667945921690144,77.24900396242228
108705,Grill House 175,1,1.0,3.7,Good,85.0,28.661628628842067,77.25301240755478
108706,Spice Studio 818,3,1.0,2.0,Average,45.0,28.54549973645453,77.32495576038212
108707,Grill Studio 100,7,1.0,2.9,Average,176.0,18.501672476366394,
108708,The Belgian Waffle Co,3,3.0,2.7,Average,381.0,28.482405905209173,77.39652134726168
108709,Grill Express 434,1,4.0,3.9,Good,193.0,28.627140182012727,77.24299934190873
108710,Kitchen Studio 860,7,2.0,3.0,Good,719.0,18.527663812203734,73.85432172422807
108711,The Belgian Waffle Co,8,3.0,3.3,Good,257.0,17.415035593425298,78.49997325981477
108712,Spice Hub 885,1,2.0,2.9,Average,603.0,28.56257731428787,77.19835150700115
108713,Cafe Bites 203,6,4.0,4.1,Very Good,90.0,12.97655317452242,77.6293298341077
108714,Bistro Kitchen 382,3,3.0,3.5,Good,41.0,28.550514501967236,77.36750231484852
108715,Royal Restaurant 761,10,1.0,3.2,Good,118.0,22.541031030677768,88.39981710617737
108716,Burger King,9,2.0,3.3,Good,34.0,13.08677839400612,80.2769533659372
108717,McDonald's,4,2.0,3.6,Good,331.0,28.383456785458236,77.34428505638728
108718,McDonald's,6,1.0,2.8,Average,13.0,12.942712622737274,77.55927595667777
108719,Tasty Express 663,10,1.0,0.0,Not rated,51.0,22.55402881855216,88.37869730115828
108720,Kitchen Restaurant 20,3,3.0,2.6,Average,111.0,28.52618655775576,77.40966223072172
108721,Royal Hub 296,1,3.0,2.3,Average,40.0,28.65725572070377,77.27390107238094
108722,Urban Garden 808,7,3.0,2.2,Average,99.0,18.509138002573565,73.88112102168168
108723,Burger King,1,4.0,2.2,Average,146.0,28.584295204006686,77.18841523191348
108724,Spice Kitchen 323,2,3.0,0.0,Not rated,439.0,28.487951161530724,77.00456710948909
108725,Pizza Hut,10,1.0,3.4,Good,51.0,22.608569105832025,88.39053889736091
108726,Cafe Hub 20,7,1.0,3.8,Good,324.0,18.549080676205993,73.83780102125725
108727,Burger King,2,1.0,2.3,Average,299.0,28.50742435569164,77.00841853927925
108728,Green Point 870,1,1.0,3.5,Good,189.0,28.620629087445167,77.17892981978252
108729,Royal Hub 139,2,1.0,3.0,Good,93.0,28.464946215165714,77.03125866711747
108730,The Food Corner 33,1,2.0,3.3,Good,44.0,28.58926438055026,77.2166739480513
108731,Green Cafe 134,1,3.0,3.8,Good,2228.0,28.662865653154455,77.19758454325886
108732,McDonald's,7,3.0,2.9,Average,186.0,18.51717426059775,73.91602504197766
108733,Burger King,1,2.0,4.9,Excellent,178.0,28.603274947721555,77.22898812779918
108734,Domino's Pizza,3,3.0,0.0,Not rated,1276.0,28.5217447184187,77.45253906106547
108735,The Belgian Waffle Co,2,2.0,2.9,Average,224.0,28.481780075136903,77.03118026591757
108736,Spice Kitchen 117,14,3.0,2.7,Average,3918.0,51.510324073828734,-0.15344883076601637
108737,The Food Lounge 315,2,2.0,3.1,Good,30.0,28.466132561001256,76.99178970039796
108738,Biryani Blues,1,1.0,0.0,Not rated,66.0,28.602541277517375,77.20469397369915
108739,Subway,1,3.0,4.1,Very Good,40.0,28.606959485950668,77.23536414961532
108740,Kitchen Hub 530,5,1.0,2.2,Average,125.0,19.070817703430556,72.86730018303388
108741,Urban Point 163,5,2.0,0.0,Not rated,76.0,19.12575496792028,72.90769143524594
108742,Cafe Garden 344,2,1.0,2.0,Average,78.0,28.396456892972914,77.07571620801531
108743,Tasty Bites 291,3,2.0,3.5,Good,207.0,28.551186695928113,77.36276608103323
108744,Green Garden 191,1,4.0,3.5,Good,116.0,28.651985682081147,77.17051757778549
108745,The Food Garden 625,4,1.0,4.3,Very Good,201.0,28.34455151451762,77.35098588982473
108746,Spice Hub 271,3,3.0,2.4,Average,59.0,28.53299824969096,77.40041421439147
108747,Tasty House 198,1,1.0,0.0,Not rated,546.0,28.648273877509393,77.22039124430643
108748,Bistro Corner 748,1,1.0,1.9,Poor,34.0,28.587546094364857,77.23340770309167
108749,Kitchen Point 448,1,1.0,2.1,Average,186.0,28.6232989346758,77.15559212720264
108750,House Bites 485,1,2.0,2.1,Average,32.0,28.58128077593889,77.22444370908758
108751,Green Garden 678,5,1.0,3.2,Good,64.0,19.077157982563968,72.88401649165236
108752,House Bites 370,1,2.0,2.4,Average,61.0,28.658615614208774,77.22516636696488
108753,Barbeque Nation,1,1.0,2.1,Average,121.0,28.67324639258212,77.1755826677198
108754,Kitchen House 855,1,1.0,3.1,Good,221.0,28.62283328396579,77.21182304804098
108755,Kitchen Restaurant 182,13,3.0,3.7,Good,50.0,25.160036212827418,55.25387272633738
108756,Tasty Express 834,10,1.0,3.0,Good,103.0,22.561733504954884,88.4004300560821
108757,Urban Garden 500,1,1.0,2.9,Average,49.0,28.55043907492401,77.20596320863403
108758,Tasty Hub 379,2,1.0,4.2,Very Good,62.0,28.449210478751613,77.00559827518212
108759,House Lounge 63,1,2.0,3.3,Good,767.0,28.647664443038877,77.1743206135932
108760,Tasty House 308,3,2.0,3.7,Good,35.0,28.48779910818537,77.42154971046403
108761,Barbeque Nation,1,1.0,3.1,Good,195.0,28.606652415501564,77.24334188584048
108762,Kitchen Point 256,6,1.0,2.3,Average,1247.0,12.943033425893415,77.66191917551384
108763,Cafe Restaurant 380,4,1.0,3.4,Good,858.0,28.471679121542444,77.30652782258542
108764,Barbeque Nation,11,1.0,2.6,Average,271.0,26.926354027144907,75.75184679717923
108765,The Food House 445,1,3.0,3.3,Good,182.0,28.6436630846151,77.20459188543091
108766,House Point 347,8,3.0,3.6,Good,499.0,17.395240846908045,78.46227869729562
108767,Biryani Blues,8,2.0,1.9,Poor,216.0,17.411634434350862,78.46468113181689
108768,Bistro House 131,1,1.0,2.0,Average,827.0,28.651722430410317,77.225604773522
108769,Cafe Lounge 910,2,2.0,3.8,Good,175.0,28.460840586014587,77.06482166587033
108770,Green Hub 297,1,3.0,3.0,Good,608.0,28.595308481753836,77.22346165507781
108771,Starbucks,1,2.0,2.8,Average,110.0,28.581166490988238,77.21296284358726
108772,Tasty Studio 946,1,3.0,0.0,Not rated,959.0,28.67545561233024,77.2377183110941
108773,The Food Kitchen 347,5,2.0,0.0,Not rated,73.0,19.104723752820757,72.86973836343704
108774,Royal Bites 469,2,2.0,0.0,Not rated,11.0,28.38168793159052,77.07734726955248
108775,Bistro House 974,12,1.0,3.0,Good,191.0,23.013938168384126,72.67636845309295
108776,The Belgian Waffle Co,1,2.0,3.3,Good,483.0,28.6284629261692,77.18696321459828
108777,Green Express 278,13,1.0,2.5,Average,1194.0,25.263328965425504,55.31312338246043
108778,The Belgian Waffle Co,1,3.0,3.5,Good,55.0,28.57530635223264,77.2513780925497
108779,Grill Express 513,8,3.0,4.1,Very Good,25.0,17.399922275891488,78.50515025338781
108780,Green Bites 592,2,3.0,3.0,Good,324.0,28.445509446995256,77.07162407734089
108781,KFC,1,2.0,3.8,Good,371.0,28.57200740438869,77.22141829292559
108782,Grill Hub 304,10,1.0,3.0,Good,29.0,22.61969004493199,88.38660957954124
108783,Cafe Bites 243,1,1.0,3.5,Good,128.0,28.58015403982986,77.21186845119121
108784,Grill Bites 80,6,2.0,3.3,Good,130.0,13.005577435956402,77.5995131354218
108785,Kitchen Point 690,5,3.0,3.4,Good,532.0,19.02018954037894,72.89996372681614
108786,Urban Kitchen 404,3,2.0,3.4,Good,113.0,28.5183495315378,77.40574608658642
108787,Grill Bites 202,3,1.0,3.8,Good,120.0,28.55552118629278,77.3543557228993
108788,Urban Corner 251,7,3.0,3.6,Good,229.0,18.54548720528931,73.87451869925795
108789,Subway,1,4.0,0.0,Not rated,16.0,28.629190868397547,77.20040587578265
108790,Tasty Corner 483,6,1.0,2.8,Average,1793.0,13.006089657292835,77.57514000904176
108791,Spice Kitchen 281,11,2.0,4.2,Very Good,728.0,26.902298952870964,75.8212477156178
108792,Tasty Studio 982,1,3.0,3.8,Good,86.0,28.662633561720618,77.17631452283405
108793,Bistro Corner 570,1,2.0,3.3,Good,46.0,28.62638159929807,77.19951108702452
108794,Tasty Restaurant 282,7,4.0,3.5,Good,52.0,18.54611823404346,73.81938799796984
108795,Urban Hub 126,3,1.0,3.6,Good,413.0,28.54822572640517,77.37692501355107
108796,Tasty Point 607,2,2.0,2.8,Average,47.0,28.47670026152282,77.11034965667595
108797,Curry House 189,1,2.0,2.0,Average,102.0,28.578859899453594,77.18223083501015
108798,The Food Hub 767,3,3.0,3.4,Good,22.0,28.502542135673576,77.38570362265841
108799,House Hub 398,1,3.0,4.2,Very Good,446.0,28.594958605588708,77.25772093425552
108800,The Food Express 769,3,4.0,4.6,Excellent,510.0,28.553501083823924,77.40634787663498
108801,Green Cafe 112,8,2.0,3.1,Good,141.0,17.364398531918578,78.48185020380642
108802,Bistro Cafe 882,1,3.0,3.4,Good,242.0,28.603537344623884,77.18474837221055
108803,House Garden 12,3,1.0,3.3,Good,503.0,28.532957559540872,77.41457474467943
108804,Biryani Blues,14,1.0,2.8,Average,205.0,51.55702549511372,-0.13913649583328927
108805,House Kitchen 684,6,1.0,3.3,Good,493.0,12.992697490775019,77.67071400109332
108806,The Belgian Waffle Co,9,3.0,3.3,Good,43.0,13.031554301362387,80.26080923094443
108807,Tasty Restaurant 300,2,4.0,4.3,Very Good,372.0,28.46508913327708,77.08574984809964
108808,Urban Cafe 420,8,1.0,3.5,Good,247.0,17.374380221570586,78.51741567702939
108809,House Corner 422,1,1.0,3.5,Good,873.0,28.605908565907335,77.23941505754698
108810,Grill Point 224,1,3.0,3.3,Good,193.0,28.613922557028975,77.20346217860317
108811,Cafe Kitchen 34,1,2.0,4.5,Excellent,214.0,28.653304453121528,77.1929200860988
108812,Burger King,2,4.0,3.9,Good,105.0,28.43102731265688,77.0175027215358
108813,Pizza Hut,9,1.0,3.2,Good,1173.0,13.089835917824505,80.30729081423178
108814,Cafe Corner 117,2,1.0,2.5,Average,8.0,28.4696722466636,77.04494544606676
108815,Bistro Point 582,6,2.0,3.1,Good,337.0,12.963851866846378,77.52929123999202
108816,Bistro Cafe 35,6,1.0,3.1,Good,173.0,12.949258709210495,77.54950188406899
108817,Urban Point 232,5,1.0,2.5,Average,124.0,19.04956321026716,72.87296883074916
108818,Cafe Coffee Day,2,1.0,2.8,Average,110.0,28.444777629409817,77.04536882613748
108819,The Belgian Waffle Co,5,1.0,2.9,Average,158.0,19.101816872113677,72.8696781693796
108820,Curry Bites 820,2,1.0,3.0,Good,316.0,28.44695818147004,77.0090042751908
108821,The Belgian Waffle Co,1,4.0,2.5,Average,57.0,28.610430137707606,77.17455339568984
108822,Urban Garden 47,14,1.0,2.9,Average,201.0,51.466906015637825,-0.09584453221875003
108823,Grill Restaurant 272,1,1.0,2.8,Average,258.0,28.597297793453134,77.21248306868306
108824,Domino's Pizza,1,3.0,3.4,Good,57.0,28.62192745889256,77.26781600427843
108825,Tasty Studio 615,10,2.0,0.0,Not rated,168.0,22.514247200151587,88.3184102434415
108826,KFC,1,,4.5,Excellent,379.0,28.6504712527047,77.23319277752536
108827,Grill Kitchen 107,6,2.0,3.6,Good,73.0,12.950849854903485,77.61376867189522
108828,The Food Cafe 671,2,3.0,2.6,Average,36.0,28.521204564611317,77.05625002934302
108829,House Bites 86,2,3.0,3.2,Good,65.0,28.474199461298017,77.05553333853051
108830,Spice Garden 672,1,2.0,3.6,Good,235.0,28.54968032125671,77.19125356112113
108831,Royal Corner 155,2,3.0,3.7,Good,184.0,28.469213474844423,77.02027739995003
108832,Tasty House 949,2,2.0,3.8,Good,1186.0,28.44836915951885,77.03242438592771
108833,Haldiram's,7,1.0,2.9,Average,107.0,18.530549431543424,73.82160115946017
108834,Bistro Kitchen 898,4,3.0,3.2,Good,59.0,28.465485752148084,77.35390749865908
108835,Spice Point 299,12,2.0,4.3,Very Good,527.0,23.04717402678983,72.48479233083798
108836,Subway,1,3.0,3.4,Good,55.0,28.605999597554028,77.16832081580155
108837,Bistro Express 310,3,1.0,0.0,Not rated,33.0,28.48660934213408,77.3322665648223
108838,Royal Corner 215,5,1.0,4.0,Very Good,82.0,19.106547228978986,72.91619161703234
108839,Urban House 63,11,4.0,2.6,Average,3.0,26.93024066634158,75.79484632743264
108840,Cafe Bites 99,1,1.0,0.7,Poor,213.0,28.65442657413322,77.19034745215299
108841,Cafe Kitchen 211,5,4.0,4.1,Very Good,718.0,19.070999787015047,72.88107092049304
108842,Tasty Corner 82,10,4.0,4.2,Very Good,713.0,22.58292881733987,88.37314863863944
108843,Curry Kitchen 876,1,3.0,,Good,2144.0,28.605280770393804,77.16561344422271
108844,Urban Studio 119,10,2.0,2.4,Average,1004.0,22.575639682967118,88.36900834662038
108845,McDonald's,1,2.0,3.2,Good,119.0,28.560891719209575,77.25760764978457
108846,Urban Cafe 699,7,3.0,3.2,Good,728.0,18.53153941814667,73.91147334588092
108847,Spice Hub 311,12,3.0,3.1,Good,157.0,23.0358838253967,72.60126580452132
108848,House Corner 166,6,2.0,4.1,Very Good,130.0,12.953965177446152,77.60364037577624
108849,Grill Lounge 823,3,4.0,2.9,Average,66.0,28.556732967651108,77.42335920350716
108850,The Food Kitchen 123,1,2.0,3.4,Good,136.0,28.644439663583956,77.23369988841233
108851,Haldiram's,11,4.0,4.4,Very Good,357.0,26.96140576406378,75.74796158141555
108852,House Garden 325,3,1.0,3.2,Good,1313.0,28.499798185062456,77.35902197943581
108853,Barbeque Nation,1,1.0,3.8,Good,516.0,28.63732846832407,77.23121293807503
108854,Urban Cafe 219,6,2.0,3.6,Good,75.0,13.018426488621676,77.57120223337937
108855,Curry Lounge 378,3,1.0,3.3,Good,50.0,28.52322216946938,77.35511689085828
108856,The Food House 193,1,5.0,0.0,Not rated,183.0,28.662722169737986,77.25412793043212
108857,Green Lounge 808,1,1.0,3.4,Good,587.0,28.588493254054686,77.21119547178668
108858,Spice Bites 512,1,4.0,3.3,Good,862.0,28.61633980597366,77.20672709601617
108859,Urban Bites 389,5,1.0,2.2,Average,104.0,19.015553848937987,72.83559711069394
108860,Biryani Blues,5,1.0,3.6,Good,357.0,19.010645912395987,72.86199582968
108861,Royal Point 657,3,1.0,3.8,Good,605.0,28.481131876744232,77.37898002328458
108862,Pizza Hut,9,2.0,3.4,Good,35.0,13.132355675284872,80.23902082670864
108863,Spice Kitchen 728,10,1.0,2.6,Average,225.0,22.545454384599704,88.32135871003895
108864,Pizza Hut,5,1.0,2.0,Average,432.0,19.048943216727533,72.93887679940656
108865,Domino's Pizza,1,2.0,3.3,Good,352.0,28.62818873406617,77.25832906546331
108866,House House 989,6,1.0,0.0,Not rated,81.0,12.945575605042098,77.5909259283481
108867,Tasty Kitchen 417,2,1.0,2.0,Average,3649.0,28.501674659037498,76.98013378535828
108868,Kitchen Express 172,5,3.0,3.4,Good,2124.0,19.141227569739744,72.81731146550993
108869,Royal Bites 509,6,1.0,2.5,Average,157.0,12.893841798337164,77.57879509416678
108870,Urban Corner 143,2,1.0,3.2,Good,143.0,28.477709157816662,76.9477271475135
108871,The Food Studio 738,11,1.0,2.9,Average,408.0,26.840283122886117,75.77145224742434
108872,Bistro Studio 598,1,1.0,2.6,Average,148.0,28.56629549109154,77.13825052230666
108873,Bistro Cafe 283,6,2.0,2.1,Average,700.0,12.988317679366167,77.59130076781153
108874,Kitchen House 400,1,1.0,2.4,Average,31.0,28.58087058157408,77.21587445072996
108875,Grill Cafe 973,11,3.0,2.9,Average,126.0,26.921532208984885,75.78076039523934
108876,Spice Corner 379,1,3.0,2.6,Average,375.0,28.61498711653257,77.28501165134035
108877,The Belgian Waffle Co,1,1.0,2.8,Average,584.0,28.556217775651618,77.20177963331638
108878,Kitchen House 463,2,4.0,2.9,Average,26.0,28.482509450560855,77.08715978033023
108879,House House 214,2,1.0,2.9,Average,51.0,28.469964918037974,77.0369688536923
108880,Grill Garden 908,1,1.0,3.2,Good,22.0,28.615258934071914,77.27944624454285
108881,McDonald's,5,1.0,2.5,Average,52.0,19.053318266734056,72.81625368971119
108882,Bistro Kitchen 467,3,1.0,3.3,Good,37.0,28.549138447789588,77.353112971921
108883,Burger King,1,2.0,2.3,Average,292.0,28.568613681236855,77.19895594658912
108884,The Belgian Waffle Co,1,1.0,2.3,Average,198.0,28.578619040875772,77.26511022508805
108885,Kitchen Corner 266,8,3.0,3.3,Good,153.0,17.39623247086519,78.47833303134297
108886,Spice Studio 24,6,2.0,3.6,Good,205.0,13.007655325747592,77.57079358420769
108887,Urban Garden 880,7,1.0,3.6,Good,884.0,18.503700436631195,73.87793444586708
108888,The Food Kitchen 859,6,2.0,4.2,Very Good,61.0,12.987595381652639,77.62630689995328
108889,Burger King,1,4.0,3.4,Good,17.0,28.621073536375857,77.18215055787574
108890,Tasty Hub 267,1,1.0,2.9,Average,414.0,28.628400660245905,77.18489761018486
108891,Starbucks,1,1.0,2.3,Average,91.0,28.58968758203192,77.26832270117124
108892,Urban Corner 4,9,2.0,2.4,Average,42.0,13.077476349568968,80.31440866104195
108893,Tasty House 555,14,2.0,3.3,Good,371.0,51.50606178739288,-0.07472559743061055
108894,House Garden 996,3,2.0,2.7,Average,13.0,28.58794356363229,77.42392339104093
108895,Urban Studio 139,1,1.0,3.8,Good,71.0,28.575242635496775,77.17912411296982
108896,Spice Studio 418,1,2.0,2.2,Average,7.0,28.564767343524903,77.20784616484674
108897,Haldiram's,1,2.0,3.5,Good,268.0,28.71887863503313,77.17184899337391
108898,Urban Express 892,5,2.0,2.5,Average,1115.0,19.086813941134057,72.91185390684436
108899,Royal Hub 235,1,1.0,2.5,Average,76.0,28.6330977323183,77.18997799992815
108900,McDonald's,12,2.0,3.6,Good,73.0,23.044975860865748,72.51149053958845
108901,Haldiram's,2,1.0,2.6,Average,1484.0,28.486515982781306,77.03057860027488
108902,Domino's Pizza,11,2.0,0.0,Not rated,197.0,26.943864964553292,75.82668249763528
108903,Curry Express 888,8,3.0,2.9,Average,3339.0,17.412176002946325,78.4385021675368
108904,Subway,7,2.0,4.4,Very Good,289.0,18.559845708350533,73.8523238001765
108905,Cafe Cafe 610,5,1.0,2.6,Average,211.0,19.081858694507446,72.85829145483707
108906,Spice Garden 95,5,1.0,3.0,Good,1060.0,19.113527865595437,72.91238839017007
108907,Haldiram's,5,3.0,3.3,Good,154.0,19.142219526530603,72.80605223350786
108908,Cafe Kitchen 234,5,3.0,3.5,Good,264.0,19.082857052045213,72.91742435837223
108909,Urban Restaurant 119,5,2.0,2.8,Average,8.0,19.0928274928328,72.85302161806787
108910,Kitchen Bites 31,14,1.0,2.9,Average,1495.0,51.487106635440625,-0.1333996666867553
108911,Kitchen Point 327,7,2.0,3.5,Good,316.0,18.514631054104832,73.88675112489737
108912,Curry Hub 169,8,2.0,2.6,Average,139.0,17.397349852885288,78.53846140113299
108913,Grill Cafe 135,10,4.0,4.3,Very Good,720.0,22.558976812069464,88.36569631905306
108914,Spice House 297,1,2.0,4.0,Very Good,49.0,28.61713675479544,77.18362508004428
108915,Starbucks,1,2.0,0.0,Not rated,45.0,28.625846479399623,77.19039749326762
108916,Kitchen Studio 570,3,2.0,3.2,Good,363.0,28.588721796198886,77.43181321907038
108917,Cafe Studio 537,4,1.0,1.1,Poor,121.0,28.37866726252625,77.28685318612514
108918,Royal Lounge 18,9,3.0,3.7,Good,355.0,13.097405706835156,80.28221073642533
108919,Spice Garden 105,3,2.0,2.9,Average,232.0,28.51435424014679,77.39126034826302
108920,Bistro Express 249,5,4.0,3.4,Good,418.0,19.10281127099528,72.90427428719683
108921,Cafe Express 893,4,,2.0,Average,26.0,28.438492480259146,77.31899488163138
108922,Grill Kitchen 953,1,1.0,3.3,Good,919.0,28.67261114452503,77.19381412751895
108923,The Food Studio 570,5,2.0,2.3,Average,81.0,19.06110091757704,72.8600568154893
108924,Curry Garden 751,9,1.0,3.1,Good,191.0,13.087794578462367,80.25240219045388
108925,Royal Lounge 38,1,1.0,3.6,Good,93.0,28.642042102484623,77.16071873722863
108926,The Belgian Waffle Co,5,1.0,2.7,Average,113.0,19.099052293959257,72.89541167938793
108927,Grill Cafe 229,5,2.0,4.0,Very Good,288.0,18.988927032364884,72.88504855381304
108928,Subway,1,2.0,2.7,Average,408.0,28.589839366462883,77.15768569850185
108929,Curry Lounge 658,1,1.0,3.4,Good,586.0,28.633854074787113,77.19480311856381
108930,Spice Bites 233,14,2.0,2.4,Average,262.0,51.500057145101685,-0.13744254774010833
108931,Cafe Kitchen 684,2,1.0,3.7,Good,96.0,28.487900790297203,77.00611042612954
108932,Subway,1,3.0,4.0,Very Good,344.0,28.65037259301182,77.20480408447189
108933,Cafe Restaurant 927,1,2.0,0.0,Not rated,121.0,28.606427833711756,77.20525731698896
108934,The Food Point 842,6,2.0,2.9,Average,183.0,12.992628812361408,77.62590241336511
108935,Cafe Cafe 15,5,1.0,2.1,Average,278.0,19.126964966649957,72.87753620810017
108936,Kitchen Lounge 331,6,2.0,2.9,Average,34.0,13.007247620056466,77.61537716964489
108937,Curry Express 607,1,2.0,3.9,Good,16.0,28.586927350596927,77.16031936000205
108938, Bistro Corner 558 ,11,3.0,3.5,Good,860.0,26.905920329137622,75.75014603156433
108939,Royal Cafe 917,2,1.0,2.0,Average,118.0,28.46046182285682,76.97851754455094
108940,Tasty Cafe 988,1,1.0,2.3,Average,251.0,28.58116709069406,77.19514933410787
108941,House Corner 707,3,2.0,4.0,Very Good,73.0,28.572949804513446,77.39294589119118
108942,Royal Lounge 623,2,1.0,3.3,Good,901.0,28.436926555846252,77.08496996715981
108943,Tasty Corner 387,10,1.0,2.2,Average,226.0,22.569050150081086,88.33486166648125
108944,Domino's Pizza,12,4.0,2.5,Average,124.0,23.060014417798754,72.60112586072762
108945,Tasty Studio 247,1,1.0,0.0,Not rated,128.0,28.598115238473177,77.17986973828062
108946,Cafe Coffee Day,10,4.0,2.4,Average,17.0,22.56081871375831,88.36473635833568
108947,Spice Kitchen 409,8,1.0,2.9,Average,271.0,17.396831757517244,78.48136976600257
108948,Curry House 96,12,2.0,4.8,Excellent,1659.0,23.008188015840872,72.53906628058067
108949,Tasty Bites 574,1,2.0,2.2,Average,216.0,28.66754138323574,77.17940427220003
108950,Biryani Blues,5,2.0,3.1,Good,224.0,19.043959429264266,72.9336122472858
108951,Spice Hub 367,1,4.0,4.5,Excellent,162.0,28.533581549678793,77.19033771755221
108952,Domino's Pizza,9,1.0,3.5,Good,752.0,13.112204878971102,80.3056523703371
108953,Green Studio 741,1,3.0,3.3,Good,866.0,28.60138509648583,77.23275365824429
108954,Cafe Hub 656,5,2.0,3.1,Good,103.0,19.047732926383123,72.85631277530321
108955,Tasty Garden 276,2,1.0,2.2,Average,228.0,28.47293699054799,77.02648134872796
108956,Curry Hub 331,1,3.0,3.2,Good,243.0,28.62857868992271,77.21322465367413
108957,Spice Lounge 289,6,1.0,0.0,Not rated,148.0,12.944934083499934,77.61164340183089
108958,Green Restaurant 145,9,3.0,4.1,Very Good,84.0,13.1242411261703,80.25652342751947
108959,Royal Point 309,5,1.0,2.6,Average,665.0,19.10616569545841,72.82496216556017
108960,Spice Garden 82,10,3.0,3.3,Good,377.0,22.641710065009857,88.33938452727915
108961,Royal Garden 114,1,2.0,2.6,Average,716.0,28.5978478079958,77.24979475826632
108962,Kitchen Point 965,4,1.0,3.1,Good,44.0,28.414369403719235,77.31670119129853
108963,Cafe Kitchen 336,3,2.0,3.7,Good,54.0,28.54366661178272,77.37627222890504
108964,Kitchen Studio 289,1,1.0,3.4,Good,2495.0,28.602456844457674,77.15737156730705
108965,Cafe Corner 394,5,1.0,2.2,Average,612.0,19.090112662103436,72.92099763912778
108966,Barbeque Nation,6,1.0,3.1,Good,64.0,12.988344853138903,77.58734526395006
108967,Tasty Corner 167,5,1.0,2.6,Average,472.0,19.092760790999527,72.9157623943784
108968,Kitchen Studio 63,7,1.0,3.7,Good,113.0,18.50897274199829,73.88058412985787
108969,Subway,5,2.0,3.1,Good,21.0,19.06867372998794,72.90553394628076
108970,McDonald's,1,2.0,2.2,Average,10.0,28.59405167339949,77.26708078744446
108971,Kitchen Bites 615,1,2.0,3.1,Good,173.0,28.58762122398165,77.21323169683009
108972,Royal Point 869,5,1.0,3.3,Good,1308.0,19.07376178270133,72.87302801767088
108973,The Belgian Waffle Co,1,2.0,3.4,Good,1273.0,28.666978623540746,77.26373602721637
108974,Royal Lounge 397,1,2.0,2.9,Average,823.0,28.685266722907663,77.23818906044654
108975,Cafe Coffee Day,3,1.0,2.6,Average,450.0,28.58148503800671,77.36633156748509
108976,McDonald's,5,3.0,0.0,Not rated,133.0,19.05976425928005,72.91421763420722
108977,Tasty Hub 927,2,2.0,2.9,Average,719.0,28.47376851144324,77.07962465461789
108978,Cafe Cafe 93,7,2.0,2.6,Average,12.0,18.448758028814556,73.77620042041819
108979,Urban Studio 303,6,1.0,3.6,Good,684.0,12.966174868808942,77.55104261512597
108980,Cafe Hub 850,2,1.0,2.4,Average,37.0,28.445900618976406,76.99824684825613
108981,Cafe Coffee Day,7,3.0,3.5,Good,62.0,18.58600180043333,73.88200718112165
108982,Barbeque Nation,6,3.0,3.4,Good,453.0,12.980714325117106,77.62221123632054
108983,Royal Kitchen 368,5,1.0,3.6,Good,634.0,19.077775256197615,72.8958838494842
108984,Cafe Hub 922,5,1.0,3.7,Good,94.0,19.073604807166237,72.90837382714535
108985,Cafe Point 487,1,2.0,3.7,Good,455.0,28.603719810083177,77.17021310802033
108986,Spice House 227,6,2.0,3.4,Good,384.0,12.990204501953368,77.55238839016626
108987,Kitchen Corner 995,2,3.0,2.7,Average,110.0,28.436315920575662,77.07045995112816
108988,Subway,12,1.0,2.3,Average,180.0,23.041745384532103,72.57503250245017
108989,Grill Corner 310,9,1.0,2.5,Average,2102.0,13.132811484275084,80.31300355687645
108990,Kitchen Corner 190,5,1.0,3.5,Good,136.0,19.07994242159039,72.85324948372225
108991,Burger King,1,,3.0,Good,127.0,28.60289840738184,77.17203570586874
108992,Biryani Blues,1,1.0,3.6,Good,239.0,28.611263789532476,77.16451971968732
108993,Biryani Blues,2,3.0,4.1,Very Good,176.0,28.50152399112197,77.05463533518635
108994,Subway,3,2.0,2.7,Average,437.0,28.54037261166369,77.43062003953602
108995,Biryani Blues,1,3.0,3.4,Good,1193.0,28.592573307964265,77.22796197027868
108996,Biryani Blues,4,1.0,3.0,Good,127.0,28.437202874735778,77.30088194016074
108997,Cafe Corner 3,1,1.0,2.8,Average,57.0,28.58902579498382,77.23129984065271
108998,Domino's Pizza,13,1.0,2.7,Average,1924.0,25.19663003472123,55.292139545051825
108999,Biryani Blues,1,1.0,3.8,Good,241.0,28.621920701119137,77.13811675722812
109000,Tasty Kitchen 386,12,3.0,3.4,Good,22.0,22.994253939729234,72.5591357611855
109001,Pizza Hut,11,1.0,0.0,Not rated,923.0,26.84987560988318,75.79708056538038
109002,Bistro Bites 288,4,1.0,,Average,637.0,28.42463051500634,77.35658187041466
109003,Urban Lounge 758,7,1.0,3.4,Good,1407.0,18.44368561886955,73.85372038262908
109004,Cafe Garden 3,3,1.0,2.3,Average,896.0,28.503070334358515,77.39621646920526
109005,Cafe Cafe 832,5,2.0,3.5,Good,5304.0,19.103236511374735,72.87534215490419
109006,Green Corner 293,2,1.0,3.3,Good,50.0,28.474171974604914,77.03588494544714
109007,Kitchen Restaurant 824,1,2.0,2.9,Average,63.0,28.60837243344536,77.16109234498502
109008,Royal Restaurant 240,5,2.0,3.4,Good,102.0,19.044657689398722,72.85650919752187
109009,Burger King,3,1.0,3.1,Good,92.0,28.520414448531703,77.31289939452569
109010,Curry Studio 939,5,1.0,3.0,Good,203.0,19.096177030185828,72.86223159546408
109011,Urban Garden 340,1,2.0,3.2,Good,98.0,28.6092671753652,77.22634853470755
109012,Curry Restaurant 295,2,2.0,3.2,Good,41.0,28.416269447380223,76.99887918316747
109013,Curry Corner 802,1,1.0,3.1,Good,59.0,28.583102563389645,77.20019656142428
109014,Cafe Garden 968,1,1.0,3.0,Good,120.0,28.598688220387213,77.22267462890301
109015,Green Bites 630,1,1.0,2.3,Average,624.0,28.62674435087243,77.30428862207236
109016,Urban Kitchen 687,1,1.0,2.9,Average,83.0,28.617559650823832,77.20614326308403
109017,Curry House 993,1,1.0,3.2,Good,500.0,28.570274118353645,77.23417228382334
109018,Tasty Express 60,9,1.0,3.1,Good,34.0,13.129846971377813,80.26416051204421
109019,House Studio 664,1,1.0,3.6,Good,3.0,28.58789846750612,77.22145886530296
109020,Tasty Kitchen 129,6,1.0,3.4,Good,161.0,12.987036627765297,77.5936068679245
109021,Biryani Blues,1,1.0,2.4,Average,71.0,28.58074227806093,77.1942297012853
109022,KFC,10,3.0,3.3,Good,61.0,22.65946760751122,88.35681186407794
109023,House Express 489,3,2.0,3.0,Good,49.0,28.581875597183647,77.43464890567768
109024,Tasty Bites 76,1,3.0,3.4,Good,78.0,28.586795526956717,77.21912011656516
109025,Cafe Corner 160,4,1.0,3.0,Good,50.0,28.411996120825943,77.27590574949541
109026,KFC,2,2.0,3.6,Good,64.0,28.423477042814504,77.0117516660484
109027,Tasty Studio 642,5,1.0,3.1,Good,32.0,19.063540481512412,72.84648339544465
109028,Curry Corner 396,1,2.0,4.0,Very Good,15.0,28.628703118934354,77.24145988792566
109029,Curry Bites 438,15,1.0,3.2,Good,11.0,1.3816766562491627,103.79322109193632
109030,Subway,2,1.0,2.5,Average,3382.0,28.41615646951361,77.05676399643765
109031,Subway,2,3.0,3.1,Good,164.0,28.433300485573128,77.06078034579195
109032,Urban Lounge 365,6,2.0,3.6,Good,1336.0,13.004561787883038,77.59965093439986
109033,URBAN HUB 388,2,3.0,2.4,Average,122.0,28.505836952677317,77.04565500595994
109034,Grill Restaurant 292,9,1.0,2.1,Average,119.0,13.055640552028631,80.25314895373174
109035,Kitchen House 226,3,1.0,3.0,Good,255.0,28.5689899320717,77.42072033673611
109036,Urban Kitchen 293,7,1.0,3.6,Good,442.0,18.477154262960784,73.8133083820906
109037,Cafe Garden 198,1,2.0,4.0,Very Good,45.0,28.60348746306879,77.19280606014117
109038,Domino's Pizza,9,2.0,3.1,Good,110.0,13.0426457192315,80.2599320469833
109039,Green Studio 851,7,3.0,,Very Good,324.0,18.506199243057193,73.89122724913278
109040,Green Cafe 771,1,1.0,3.0,Good,15.0,28.680724530057315,77.26868363747433
109041,Bistro Hub 895,1,2.0,2.2,Average,739.0,28.611978466970836,77.1930766420494
109042,Bistro Kitchen 213,1,1.0,3.0,Good,657.0,28.604032398653253,77.20561417421492
109043,Burger King,13,1.0,2.6,Average,11.0,25.185032895874066,55.22945915043844
109044,House Bites 515,1,2.0,3.8,Good,69.0,28.60340636724875,77.20609081983355
109045,Tasty Cafe 214,3,2.0,3.2,Good,207.0,28.507202227223743,77.42955241690709
109046,Barbeque Nation,1,1.0,2.2,Average,418.0,28.618688128598027,77.14614808501734
109047,Grill Restaurant 265,2,1.0,2.0,Average,941.0,28.45835921062855,77.02724704113645
109048,The Belgian Waffle Co,5,1.0,3.0,Good,78.0,19.059990730687794,72.9028308342801
109049,House Studio 423,12,1.0,1.4,Poor,2277.0,23.0034155893289,72.57339649188155
109050,Urban Express 918,4,1.0,2.7,Average,153.0,28.41529926556659,77.3111726645989
109051,Haldiram's,9,1.0,3.2,Good,137.0,13.057173616837467,80.30137719565421
109052,KFC,4,1.0,2.3,Average,301.0,28.400495265905572,77.28949376179806
109053,Cafe Coffee Day,1,4.0,4.2,Very Good,334.0,28.598107349066726,77.18171976621475
109054,Spice House 824,1,,4.4,Very Good,325.0,28.53668663477439,77.14438187875443
109055,Bistro House 403,5,2.0,2.5,Average,1891.0,19.106103209449692,72.88908705454477
109056,Tasty Studio 887,12,4.0,3.4,Good,259.0,22.95835718923698,72.57914033700222
109057,Green Express 66,10,2.0,3.8,Good,60.0,22.510710092413618,88.34382874121664
109058,Curry Hub 287,1,1.0,3.0,Good,60.0,28.645236792284756,77.17772206810812
109059,Kitchen Point 986,1,1.0,2.1,Average,900.0,28.575103737262896,77.20734034038396
109060,Green Studio 973,1,3.0,3.3,Good,437.0,28.541223088752115,77.21236461644644
109061,House House 322,11,2.0,2.6,Average,22.0,26.959208144153664,75.74538612918357
109062,Tasty Cafe 481,9,3.0,4.1,Very Good,29.0,13.060369325946136,80.20259040226217
109063,The Food Lounge 452,8,3.0,3.8,Good,214.0,17.427515638106353,78.42631168969322
109064,Cafe House 164,2,1.0,2.8,Average,360.0,28.427465514783368,76.97572532050373
109065,Biryani Blues,3,1.0,3.1,Good,76.0,28.477978147935865,77.34880458782915
109066,Kitchen Kitchen 23,3,1.0,2.1,Average,17.0,28.524242461191815,77.38805969948524
109067,House Hub 323,1,1.0,2.5,Average,38.0,28.57161982738881,77.21197109875425
109068,Burger King,3,1.0,4.0,Very Good,1697.0,28.54964887919179,77.38512071341191
109069,Cafe House 335,1,1.0,3.0,Good,324.0,28.63756546628922,77.22155578315952
109070,Kitchen Kitchen 147,1,1.0,3.6,Good,693.0,28.646439751417585,77.22302807533497
109071,Spice House 785,10,1.0,3.2,Good,780.0,22.561693343313895,88.37544774440144
109072,Barbeque Nation,7,1.0,3.9,Good,97.0,18.568711796945607,73.85981905983567
109073,Bistro Studio 184,2,1.0,1.7,Poor,82.0,28.427031233867137,76.98962672740711
109074,Green Restaurant 328,4,2.0,3.1,Good,144.0,28.413593559171336,77.27107304046596
109075,Cafe Studio 599,2,1.0,4.1,Very Good,373.0,28.454657453229792,77.00692778395864
109076,The Food Bites 899,7,2.0,3.8,Good,810.0,18.589441913576806,73.89643955671745
109077,Royal Kitchen 135,8,3.0,4.3,Very Good,2400.0,17.427272880375106,78.56874740897773
109078,The Food House 890,8,1.0,3.0,Good,481.0,17.38612547110238,78.50620272603757
109079,Kitchen Corner 191,7,1.0,2.7,Average,455.0,18.52734558939453,73.8692273390727
109080,Subway,1,3.0,2.7,Average,1812.0,28.667645212735774,77.24634398477694
109081,Curry Studio 564,2,2.0,2.5,Average,120.0,28.43319445244881,77.07955838220394
109082,Bistro Restaurant 685,3,2.0,3.7,Good,898.0,28.464342735612927,77.35872236552706
109083,Spice Garden 933,2,1.0,3.3,Good,383.0,28.4256321858481,77.1282061810114
109084,Curry Restaurant 581,7,3.0,3.4,Good,410.0,18.50589257511394,73.91227699459952
109085,Royal Express 120,2,3.0,3.7,Good,155.0,28.507126635321715,76.97877306118725
109086,The Food Restaurant 672,1,2.0,0.0,Not rated,15.0,28.65015209042498,77.17405308774659
109087,Domino's Pizza,2,1.0,3.6,Good,305.0,28.457964889132295,77.12519176203098
109088,The Belgian Waffle Co,14,3.0,4.0,Very Good,335.0,51.52373031007034,-0.09151097345643747
109089,Royal Kitchen 300,1,3.0,2.7,Average,79.0,28.589088368610938,77.1880986940368
109090,House Hub 793,5,2.0,3.4,Good,168.0,19.149098547141552,72.8804717794566
109091,Curry Bites 749,3,1.0,1.9,Poor,45.0,28.577957922578236,77.41739359636905
109092,Bistro Corner 949,1,3.0,3.5,Good,65.0,28.615774269571418,77.24010491882058
109093,Bistro Garden 325,3,1.0,0.0,Not rated,49.0,28.532923813735366,77.4388892571655
109094,Burger King,6,1.0,2.1,Average,27.0,12.996152751422677,77.60307850350696
109095,Bistro Studio 13,4,2.0,2.9,Average,82.0,28.406898890536933,77.32761562481211
109096,Tasty Bites 225,10,1.0,3.0,Good,425.0,22.50885168725759,88.35116639933761
109097,Grill House 206,1,2.0,3.4,Good,1173.0,28.667564219434066,77.17648644072383
109098,KFC,1,2.0,3.0,Good,2331.0,28.654802356834352,77.17487187550255
109099,Royal Corner 842,12,1.0,2.2,Average,88.0,23.035520144665362,72.56636799182205
109100,Spice Restaurant 693,2,2.0,3.2,Good,815.0,28.444813804718162,77.0386468366679
109101,Grill Garden 130,5,3.0,2.3,Average,227.0,19.076343599983097,72.82676515714746
109102,The Food Lounge 209,8,1.0,2.8,Average,123.0,17.292464150803735,78.55832127948946
109103,Subway,1,2.0,0.0,Not rated,148.0,28.575141344301308,77.18465252298894
109104,Curry Bites 591,7,1.0,2.9,Average,675.0,18.582248441241322,73.82669610881881
109105,Grill Hub 962,1,2.0,0.0,Not rated,48.0,28.632004436045147,77.20801072881589
109106,Grill Cafe 416,1,1.0,2.0,Average,72.0,28.545695527719698,77.12605193658909
109107,Bistro Bites 88,1,1.0,2.8,Average,99.0,28.584929763298533,77.22166017316447
109108,Tasty Corner 873,8,1.0,3.6,Good,90.0,17.317614876037673,78.4520415218474
109109,House Garden 622,1,4.0,0.0,Not rated,402.0,28.58658394608736,77.14172950076646
109110,Tasty Cafe 137,7,2.0,4.8,Excellent,99.0,18.514619276733892,73.86172079151528
109111,Pizza Hut,12,2.0,4.3,Very Good,111.0,23.078556169631113,72.5763759859033
109112,The Food Cafe 733,4,1.0,2.2,Average,215.0,28.436378852056656,77.38588401841723
109113,Urban Point 150,4,2.0,2.9,Average,227.0,28.39832489084056,77.32408693966651
109114,Kitchen Kitchen 930,3,1.0,3.0,Good,104.0,28.52664422467626,77.39702656482174
109115,Green Express 52,2,1.0,2.9,Average,1397.0,28.431481338468892,77.0280456574896
109116,Spice Kitchen 111,3,2.0,3.2,Good,82.0,28.573661190439424,77.30075540397215
109117,The Food House 113,5,1.0,4.6,Excellent,199.0,19.118333984262865,72.88038884713146
109118,Grill Restaurant 708,14,1.0,2.3,Average,13.0,51.46056057010453,-0.12949593577660828
109119,House Corner 554,12,2.0,2.7,Average,111.0,22.962277097176585,72.56633417434647
109120,Green Lounge 752,10,3.0,4.5,Excellent,46.0,22.56145192367289,88.33471611661989
109121,House Restaurant 753,10,1.0,2.6,Average,50.0,22.565743075442015,88.38367669512317
109122,Cafe Coffee Day,3,1.0,0.0,Not rated,,28.544553288697614,77.35681789955821
109123,Spice Garden 63,6,1.0,3.7,Good,66.0,12.912985511896071,77.6192888978155
109124,Urban Express 416,11,4.0,0.0,Not rated,81.0,26.88735338823225,75.80088615919473
109125,Grill Express 78,2,3.0,3.5,Good,143.0,28.4566159018803,77.07568290725686
109126,Kitchen Point 535,13,2.0,3.8,Good,123.0,25.177541961605446,55.25455928476365
109127,Urban Garden 528,2,3.0,2.8,Average,111.0,28.48952513290678,77.07340166643031
109128,Curry Garden 470,5,1.0,2.7,Average,86.0,19.141398646085072,72.88513089774875
109129,Grill Corner 202,6,4.0,3.9,Good,203.0,12.952747586183555,77.59196762514868
109130,The Belgian Waffle Co,12,1.0,1.7,Poor,114.0,23.05362196496237,72.54154041456705
109131,Burger King,1,1.0,3.9,Good,299.0,28.601398927916218,77.22284566740502
109132,Kitchen House 289,7,2.0,3.4,Good,147.0,18.487843996431888,73.84003690226264
109133,Curry Studio 563,4,1.0,3.1,Good,103.0,,77.3168243295027
109134,Urban Cafe 39,1,2.0,2.1,Average,377.0,28.6408020072052,77.23620959903641
109135,Barbeque Nation,8,1.0,,Average,310.0,17.362543162952583,78.48562438599943
109136,House Kitchen 415,5,2.0,2.9,Average,163.0,19.060388005456925,72.88880313627098
109137,Grill Restaurant 573,6,1.0,3.5,Good,865.0,12.93156587461803,77.64757749411045
109138,Green Studio 719,1,1.0,1.7,Poor,145.0,28.636087518829086,77.22869882480428
109139,KFC,3,3.0,3.9,Good,173.0,28.551535600744515,77.36722983444994
109140,Haldiram's,5,3.0,3.2,Good,167.0,19.126925966267805,72.86350811493953
109141,Tasty Lounge 433,2,4.0,3.5,Good,238.0,28.480370538436752,77.03152488984793
109142,Biryani Blues,1,2.0,3.4,Good,60.0,28.628351803441706,77.28325462894679
109143,Tasty Studio 365,13,2.0,3.4,Good,18.0,25.225214816226337,55.224085743060414
109144,Bistro Lounge 207,4,2.0,0.0,Not rated,127.0,28.399942243927757,77.32445534293483
109145,Royal House 68,7,1.0,3.4,Good,539.0,18.524254049571933,73.9044553311989
109146,Spice Restaurant 329,2,1.0,1.5,Poor,35.0,28.492091708607493,77.04811181986166
109147,Kitchen Lounge 213,2,1.0,2.7,Average,623.0,28.430792431966573,77.02197496788227
109148,The Food Express 660,2,3.0,3.5,Good,24.0,28.51905885300588,76.96641295845586
109149,Cafe Express 433,2,1.0,2.8,Average,82.0,28.481829435549088,77.07950050817456
109150,Bistro Hub 559,4,3.0,2.2,Average,1232.0,28.479640700732894,77.301237726046
109151,Kitchen Point 254,4,2.0,3.7,Good,317.0,28.36775906391222,77.28444552545005
109152,Cafe Lounge 168,3,2.0,2.4,Average,104.0,28.494354727934763,77.39978223705589
109153,Tasty House 676,1,1.0,3.0,Good,238.0,28.62692042752852,77.25894996340666
109154,Barbeque Nation,3,1.0,3.1,Good,794.0,28.5398246515633,77.40517077103928
109155,Bistro Studio 344,1,4.0,3.6,Good,32.0,28.597902946041636,77.19623862679614
109156,Urban Bites 339,1,1.0,3.8,Good,1078.0,28.569472310104636,77.21768003054801
109157,The Food House 439,12,1.0,3.0,Good,94.0,23.01312873126543,72.57554609594182
109158,Cafe Point 5,5,1.0,3.3,Good,451.0,19.08359939040014,72.86131591776963
109159,Green Corner 156,6,1.0,3.0,Good,80.0,12.92580264395373,77.59695402864841
109160,Kitchen Point 162,2,1.0,3.4,Good,1560.0,28.445136730792854,76.9977500155657
109161,Curry Hub 491,11,2.0,4.1,Very Good,213.0,26.9257852350672,75.75268537725354
109162,Tasty Cafe 574,5,2.0,3.3,Good,35.0,19.103569398194946,72.89703909033292
109163,Green Garden 325,8,2.0,3.7,Good,365.0,17.374981768612155,78.4728941474104
109164,Pizza Hut,2,1.0,3.9,Good,1079.0,28.431463195159193,77.02570108031016
109165,Bistro Corner 169,13,3.0,4.3,Very Good,1023.0,25.208832590352102,55.243784224678365
109166,Grill Express 967,9,3.0,3.1,Good,200.0,13.075463216159653,80.2508561513243
109167,Urban Point 5,10,1.0,3.7,Good,560.0,22.521323242289196,88.34697904283041
109168,Curry Point 964,1,1.0,3.2,Good,107.0,28.598132167354308,77.18844504187018
109169,Grill Cafe 947,1,1.0,3.7,Good,425.0,28.59325764090771,77.19465494069185
109170,Bistro Corner 655,1,3.0,3.8,Good,326.0,28.61469740368869,77.2159102756603
109171,Green Lounge 886,1,2.0,3.4,Good,5.0,28.58821992284233,77.25764803360242
109172,Royal Studio 813,10,3.0,3.7,Good,58.0,22.553404515072422,88.39053181983485
109173,Curry Restaurant 973,1,1.0,3.2,Good,235.0,28.607523809308,77.19728997898002
109174,Urban Lounge 300,1,2.0,3.4,Good,233.0,28.63624362551756,77.18685982090263
109175,McDonald's,1,1.0,2.9,Average,164.0,28.61714837298856,77.1467347389746
109176,Curry Bites 517,1,1.0,2.8,Average,186.0,28.707171342016082,77.18543993187451
109177,Green Corner 799,1,2.0,0.0,Not rated,407.0,28.56962880597416,77.17055591211474
109178,Spice Studio 930,8,1.0,3.3,Good,289.0,17.416909014915582,78.48860808009393
109179,KFC,5,2.0,2.8,Average,9.0,19.073267215130596,72.93610011357666
109180,McDonald's,1,2.0,3.0,Good,1987.0,28.565102194358943,77.19516839087439
109181,The Food Hub 199,3,3.0,4.1,Very Good,20.0,28.522256151879997,77.3401544930833
109182,The Food Studio 222,2,1.0,2.5,Average,516.0,28.406528434565324,77.01974016388223
109183,Spice Express 757,1,3.0,2.4,Average,21.0,28.616792637133614,77.19357134224195
109184,Bistro Bites 458,6,4.0,2.7,Average,966.0,12.960925400263925,77.63873822041832
109185,Urban Cafe 855,6,3.0,2.3,Average,105.0,12.947619622505512,77.52863204155217
109186,Bistro House 958,7,3.0,2.6,Average,257.0,18.48329563728478,73.82199271275586
109187,Biryani Blues,7,3.0,2.6,Average,13.0,18.55598460329433,73.8833348384332
109188,Curry Kitchen 386,1,2.0,4.1,Very Good,552.0,28.608310429836923,77.154065448763
109189,Cafe House 359,12,1.0,3.0,Good,293.0,23.029832491584006,72.59148258775222
109190,,9,2.0,3.0,Good,376.0,13.088890362568835,80.24741268268082
109191,Cafe Cafe 741,11,2.0,2.3,Average,489.0,26.916182445721834,75.82321922733456
109192,Grill Point 200,1,4.0,3.5,Good,243.0,28.602470849649425,77.20728633633148
109193,The Food Corner 18,12,2.0,2.1,Average,109.0,23.07561646440977,72.56581166142772
109194,Kitchen Hub 166,8,1.0,2.8,Average,60.0,17.46327124879163,78.50765815671888
109195,The Food Hub 691,9,2.0,4.5,Excellent,139.0,13.133376481624275,80.27136702174467
109196,Bistro Express 201,1,4.0,4.0,Very Good,980.0,28.61465061350579,77.16573582732723
109197,Cafe Point 981,7,1.0,2.9,Average,59.0,18.518737815630384,73.83847056198061
109198,Royal Kitchen 594,13,1.0,3.5,Good,19.0,25.243046513441556,55.213849763826175
109199,Cafe Coffee Day,6,2.0,2.9,Average,49.0,12.945082903820461,77.56434822674794
109200,Cafe Restaurant 14,5,1.0,2.5,Average,332.0,19.135861010244458,72.80284170653601
109201,Kitchen Restaurant 292,12,1.0,4.1,Very Good,151.0,23.050199788813345,72.6532375460864
109202,Green House 52,3,1.0,2.3,Average,317.0,28.52570939434886,77.39007879300473
109203, Kitchen Studio 808 ,5,3.0,3.2,Good,14.0,19.085866663107776,72.89635708252037
109204,Urban Kitchen 930,3,1.0,3.2,Good,4.0,28.55744094362238,77.36176649068516
109205,Spice Restaurant 719,12,1.0,2.4,Average,212.0,23.007536727408734,72.5897977784441
109206,KFC,1,2.0,0.0,Not rated,316.0,28.650102807153324,77.23608264409339
109207,Royal House 10,3,4.0,3.4,Good,22.0,28.580049019345534,77.42376815988256
109208,Domino's Pizza,6,4.0,4.0,Very Good,418.0,12.962407634834799,77.59170810023804
109209,Pizza Hut,8,1.0,3.4,Good,842.0,17.36835222615182,78.5222402038279
109210,Bistro Point 686,5,4.0,3.4,Good,189.0,19.072310616493947,72.85643214505782
109211,Curry Express 613,11,1.0,0.0,Not rated,277.0,26.871910995328893,75.80039525709041
109212,Grill Point 226,12,2.0,2.8,Average,211.0,22.964134847419473,72.5730894758631
109213,Grill Lounge 731,1,2.0,4.1,Very Good,159.0,28.59873577724838,77.16786969899914
109214,Barbeque Nation,2,1.0,3.8,Good,579.0,28.42590160664926,76.96255641283345
109215,Cafe Hub 111,1,2.0,0.0,Not rated,983.0,28.675875138838602,77.19853562500758
109216,Tasty Studio 584,2,1.0,3.1,Good,88.0,28.443532698593128,77.01626372010647
109217,Cafe Coffee Day,4,3.0,2.9,Average,152.0,28.42484974856852,77.30836278990037
109218,Bistro Lounge 947,11,1.0,4.3,Very Good,67.0,26.89041272350894,75.82404946491704
109219,House House 874,9,2.0,3.0,Good,211.0,13.145078238778021,80.31886674739576
109220,Green Hub 24,1,1.0,2.5,Average,128.0,28.607113301273163,77.23200250247426
109221,Urban Studio 710,1,1.0,2.9,Average,724.0,28.570371984596047,77.22955356437872
109222,The Belgian Waffle Co,5,4.0,3.0,Good,1027.0,19.099458892969203,72.87490280653724
109223,Kitchen Hub 798,4,2.0,3.5,Good,520.0,28.417980500633803,77.32398042082762
109224,The Food House 552,1,4.0,3.2,Good,673.0,28.65600735943396,77.22403510575745
109225,Cafe Hub 738,11,1.0,2.8,Average,69.0,26.907005931991478,75.79220211686592
109226,Royal Garden 3,11,1.0,3.6,Good,60.0,26.916175686246095,75.80803921389939
109227,Domino's Pizza,2,2.0,0.0,Not rated,155.0,28.406741277920805,77.02820292944212
109228,Bistro Bites 674,10,2.0,3.2,Good,186.0,22.601842043209185,88.34656714114264
109229,Haldiram's,2,1.0,0.0,Not rated,1095.0,28.46169496524793,77.03575162763613
109230,Spice Kitchen 312,7,2.0,3.2,Good,16.0,18.51605306619757,73.84843987928215
109231,Tasty Corner 328,3,1.0,2.7,Average,353.0,28.527474816859133,77.44183092713287
109232,Domino's Pizza,1,1.0,3.0,Good,370.0,28.60402023312025,77.1940413631265
109233,Kitchen Garden 214,11,1.0,3.3,Good,71.0,26.942115698280592,75.88738982549786
109234,Curry Kitchen 411,3,2.0,3.1,Good,53.0,28.503104383592248,77.4483886998477
109235,Green Restaurant 59,7,2.0,3.5,Good,127.0,18.546422276594242,73.8170588367884
109236,Bistro Restaurant 203,2,2.0,2.7,Average,20.0,28.403312939927993,77.0704081288447
109237,Kitchen House 866,1,2.0,0.0,Not rated,556.0,28.54682047545829,77.20460810264163
109238,Green House 613,1,1.0,2.5,Average,4563.0,28.663275484752763,77.22879408958296
109239,Green Corner 92,3,3.0,3.0,Good,113.0,28.499699164430552,77.44618392581006
109240,Spice Restaurant 39,6,3.0,4.2,Very Good,101.0,12.975302800151468,77.56747455037257
109241,Grill Cafe 603,2,2.0,3.7,Good,39.0,28.450119830139176,77.01038123553292
109242,Haldiram's,6,1.0,2.3,Average,37.0,12.983646080500664,77.62096986090845
109243,Urban Restaurant 4,6,2.0,3.5,Good,93.0,12.973398971121526,77.58176306598429
109244,The Food Lounge 991,6,2.0,2.9,Average,771.0,13.008105346193107,77.51673033031243
109245,Haldiram's,3,4.0,3.2,Good,9850.0,28.485478072708197,77.4247294439713
109246,Green Express 716,11,4.0,2.6,Average,64.0,26.935882589249367,75.80022922209876
109247,Urban Express 557,3,3.0,4.0,Very Good,70.0,28.533704378419365,77.39018329260789
109248,Cafe Hub 640,3,1.0,2.1,Average,33.0,28.48187092733491,77.39537986201334
109249,Cafe Restaurant 236,1,4.0,3.6,Good,349.0,28.59535346045419,77.28734094831623
109250,Cafe Coffee Day,1,2.0,2.6,Average,245.0,28.557763858038484,77.24444322250638
109251,House Studio 428,1,3.0,3.9,Good,240.0,28.55533701274394,77.17886623563551
109252,Green House 404,5,1.0,2.8,Average,95.0,19.060717750591795,72.88200740080501
109253,The Belgian Waffle Co,1,1.0,2.9,Average,931.0,28.655421805618396,77.25050882078946
109254,KFC,1,2.0,3.1,Good,462.0,28.62484178238653,77.24977108749741
109255,McDonald's,8,1.0,3.2,Good,448.0,17.430478238932704,78.43411424283836
109256,Tasty Lounge 69,2,1.0,3.0,Good,276.0,28.462158288686627,77.00905518293395
109257,Cafe Garden 799,1,3.0,3.4,Good,150.0,28.668141860856007,77.16931187095464
109258,Bistro Garden 788,1,1.0,2.7,Average,66.0,28.664530817206895,77.23138826935886
109259,Spice Express 934,8,1.0,2.0,Average,267.0,17.351750074266484,78.45495119824481
109260,Urban Kitchen 38,1,1.0,2.3,Average,253.0,28.616385022949622,77.26341355881345
109261,House Lounge 970,3,1.0,3.5,Good,395.0,28.51021501816447,77.43633582742085
109262,Starbucks,3,4.0,3.4,Good,26.0,28.53043136969825,77.38236166817254
109263,Cafe House 510,6,1.0,2.6,Average,243.0,13.029637428512427,77.55033160901216
109264,Cafe Studio 634,5,1.0,2.1,Average,97.0,19.053543542587924,72.85008545812258
109265,Royal Kitchen 572,8,3.0,2.3,Average,49.0,17.343484450103748,78.50248752395503
109266,Urban Restaurant 316,1,3.0,0.0,Not rated,223.0,28.57469990989855,77.23882654088688
109267,Burger King,1,1.0,3.6,Good,248.0,28.600058635097753,77.20765411170841
109268,Curry House 752,1,2.0,2.8,Average,3161.0,28.744988272979153,77.11911904584365
109269,House Corner 776,1,2.0,3.5,Good,356.0,28.665448780699833,77.23280158114608
109270,Tasty Studio 438,1,2.0,2.8,Average,114.0,28.513346710154778,77.13828549036086
109271,Urban Lounge 508,1,2.0,3.6,Good,173.0,28.612646836287514,77.13483093807798
109272,Royal Bites 544,4,4.0,3.4,Good,43.0,28.38688643697382,77.35273989817533
109273,Green House 950,6,1.0,2.2,Average,680.0,13.006121294096634,77.55309093448057
109274,Haldiram's,2,1.0,2.8,Average,247.0,28.418234885880366,77.03537131818749
109275,House Bites 367,7,1.0,4.2,Very Good,343.0,18.48412467396396,73.85991804318891
109276,Starbucks,2,1.0,4.2,Very Good,59.0,28.439497981659592,76.99841380483907
109277,House Hub 471,1,3.0,3.7,Good,537.0,28.58969027738711,77.21621443156324
109278,Royal Cafe 163,4,2.0,3.1,Good,55.0,28.431704063162282,77.2985382661714
109279,Burger King,1,1.0,0.0,Not rated,45.0,28.60219071026427,77.21066473786227
109280,Grill Restaurant 528,1,1.0,3.2,Good,212.0,28.64901365386635,77.19548305235885
109281,Starbucks,2,1.0,3.0,Good,84.0,,77.00904904242329
109282,Curry Bites 407,12,4.0,3.9,Good,78.0,23.052801556356933,72.54831248810733
109283,Burger King,7,2.0,3.3,Good,174.0,18.479903280457865,73.82525424769341
109284,Kitchen Hub 192,1,2.0,3.0,Good,615.0,28.63541637768778,77.23883786256157
109285,House Cafe 693,9,2.0,2.4,Average,467.0,13.065204021267792,80.25484801111315
109286,Grill Cafe 1,7,3.0,3.1,Good,431.0,18.551607239428563,73.81709458893478
109287,Cafe Cafe 248,5,2.0,3.7,Good,373.0,18.99056779020261,72.86338571946683
109288,Cafe Lounge 109,9,1.0,3.0,Good,96.0,13.055286035354666,80.25222609086856
109289,Pizza Hut,2,3.0,3.6,Good,806.0,28.50039137505037,77.01280745015731
109290,Curry Studio 156,1,2.0,3.0,Good,19.0,28.60683548274885,77.2339698995978
109291,Cafe Studio 390,4,2.0,2.5,Average,268.0,28.349355989483993,77.29582798635177
109292,Grill Point 935,5,4.0,0.0,Not rated,257.0,19.051255423849916,72.8644154544979
109293,Bistro Lounge 26,4,3.0,2.7,Average,145.0,28.422325459442554,77.34031019500853
109294,Urban Restaurant 964,5,3.0,2.7,Average,66.0,19.04761807976455,72.89323757056347
109295,Urban Studio 112,12,4.0,4.4,Very Good,226.0,23.063136838519434,72.54735193971673
109296,Tasty Express 495,11,1.0,2.7,Average,63.0,26.95037852740198,75.82111099905758
109297,Green Cafe 72,10,2.0,2.7,Average,310.0,22.595970004510754,88.39572959068029
109298,Royal Cafe 981,8,2.0,4.3,Very Good,756.0,17.421079413973924,78.51607087910429
109299,Kitchen House 360,12,1.0,3.5,Good,339.0,23.004468681493666,72.5819897166252
109300,Grill Lounge 452,1,3.0,3.2,Good,295.0,28.665949314514933,77.20292198051327
109301,KFC,1,2.0,3.5,Good,502.0,28.651547071939792,77.17140367900474
109302,The Food Lounge 439,3,2.0,3.0,Good,520.0,28.53098929343835,77.3425739998027
109303,The Belgian Waffle Co,9,4.0,3.1,Good,67.0,13.025774173348875,80.26773227899274
109304,Spice Corner 736,3,1.0,3.3,Good,27.0,28.452664075660735,77.3914970736156
109305,The Food Garden 609,7,2.0,3.0,Good,246.0,18.555038465253453,73.8475582632455
109306,Royal Lounge 971,1,2.0,3.2,Good,577.0,28.557512754369476,77.20511495986082
109307,Curry Express 655,1,1.0,3.7,Good,28.0,28.58165442912071,77.25672646731289
109308,Spice Bites 239,7,1.0,3.6,Good,216.0,18.537097858306076,73.91365777867728
109309,Royal Cafe 201,1,3.0,3.0,Good,713.0,28.568408340314964,77.17029188872775
109310,KFC,2,2.0,3.5,Good,168.0,28.54470172447654,77.0366980054985
109311,Royal Express 649,1,3.0,2.7,Average,1091.0,28.62221070235654,77.21081891030211
109312,The Belgian Waffle Co,2,2.0,3.5,Good,1029.0,28.511233254734723,77.0502237687922
109313,House Corner 506,6,1.0,3.1,Good,141.0,13.008090547395225,77.65527403661315
109314,Cafe Corner 412,2,1.0,3.2,Good,114.0,28.370671171145343,77.10317999887216
109315,Cafe Express 153,5,1.0,2.8,Average,107.0,19.102055928624118,72.90288670793797
109316,Royal Point 872,1,4.0,5.0,Excellent,320.0,28.613335236900205,77.21040247760897
109317,Biryani Blues,8,1.0,2.4,Average,35.0,17.382813594212145,78.47401025845673
109318,KFC,2,4.0,4.2,Very Good,41.0,28.458611015257326,77.1136372775062
109319,Spice House 173,6,4.0,2.9,Average,9.0,13.008515000058646,77.5677404644966
109320,Spice Studio 655,7,4.0,3.9,Good,206.0,18.57798792823948,73.8854948243669
109321,McDonald's,1,2.0,3.6,Good,2541.0,28.57217574600013,77.19975290327366
109322,Royal House 667,10,4.0,3.6,Good,16.0,22.575305593676326,88.3170479366649
109323,Royal Garden 719,5,1.0,2.7,Average,129.0,19.125067345742014,72.93774300270499
109324,Curry Express 245,3,5.0,3.1,Good,136.0,28.52824060322632,77.33002096845378
109325,Bistro Bites 296,1,1.0,3.2,Good,150.0,28.62100433362944,77.13379323939652
109326,Bistro Express 507,12,4.0,4.8,Excellent,1245.0,23.03010498743347,72.59590404689419
109327,Bistro Kitchen 827,7,1.0,2.4,Average,50.0,18.594416965515947,73.84604875383432
109328,The Food Garden 401,1,2.0,2.8,Average,14.0,28.640092585039515,77.22410579976709
109329,Cafe Express 923,2,,3.2,Good,93.0,28.531971709493465,77.02635025679619
109330,Curry Garden 51,8,1.0,2.8,Average,72.0,17.446025927409764,78.50772153650563
109331,GRILL STUDIO 808,6,1.0,2.9,Average,10.0,12.963653542725881,77.58425063112651
109332,The Belgian Waffle Co,8,3.0,4.1,Very Good,301.0,17.395527346868317,78.51827827168039
109333,Kitchen Point 261,3,2.0,1.4,Poor,27.0,28.60732543957784,77.42358658703655
109334,Urban Garden 390,7,3.0,3.0,Good,156.0,18.480439490634748,73.91091193041038
109335,Grill Lounge 679,2,2.0,2.1,Average,90.0,28.486138932947952,77.07084102281718
109336,Kitchen Lounge 204,1,4.0,,Average,43.0,28.640891124347913,77.20527429348145
109337,The Food Lounge 204,5,2.0,4.8,Excellent,787.0,19.066325960780937,72.90206560502058
109338,Grill Restaurant 877,13,2.0,3.6,Good,139.0,25.191485051742564,55.285407783436824
109339,Pizza Hut,1,2.0,3.8,Good,222.0,28.605387668252664,77.22373831012952
109340,Tasty Bites 164,3,2.0,3.1,Good,370.0,28.560085640585648,77.34466810679798
109341,Curry Point 445,6,3.0,3.9,Good,304.0,13.023153753696317,77.620962680897
109342,The Food Lounge 321,4,2.0,2.1,Average,171.0,28.434765494933437,77.33910587423378
109343,Spice Bites 831,9,3.0,4.1,Very Good,79.0,13.038678055914295,80.33440994001815
109344,Kitchen Lounge 483,8,3.0,2.9,Average,42.0,17.43770489623256,
109345,Haldiram's,1,1.0,2.7,Average,198.0,28.655652457584605,77.21423506368438
109346,The Food Point 163,15,2.0,3.5,Good,58.0,1.3435039461605787,103.8162387002911
109347,House House 790,7,1.0,3.2,Good,491.0,18.497493317062553,73.8215573415109
109348,Grill Point 673,10,2.0,3.3,Good,158.0,22.540813675558006,88.42751998011535
109349,The Food Garden 250,6,2.0,2.3,Average,335.0,13.009201800793432,77.55731043603164
109350,Bistro House 612,10,4.0,3.7,Good,59.0,22.506821649978665,88.29848526967744
109351,Grill Corner 365,1,1.0,3.6,Good,47.0,28.65236045831236,77.24049579415946
109352,Starbucks,2,1.0,2.7,Average,1329.0,28.443703460290354,77.02964355191921
109353,Kitchen Corner 370,10,1.0,3.9,Good,176.0,22.582571694771882,88.37315442121765
109354,Spice Cafe 180,1,1.0,2.4,Average,477.0,28.494151713257416,77.21552992095761
109355, Tasty Studio 170 ,1,3.0,3.4,Good,32.0,28.55183316788588,77.17196840357136
109356,Spice Corner 469,8,3.0,4.4,Very Good,166.0,17.361222041497616,78.4996098344387
109357,McDonald's,9,2.0,2.8,Average,848.0,13.050766255035446,80.2594025436964
109358,Cafe Point 581,1,3.0,4.1,Very Good,31.0,28.640444848941787,77.19280300763505
109359,Barbeque Nation,10,1.0,4.3,Very Good,3984.0,22.58321204917371,88.41370619152448
109360,Bistro Studio 929,6,1.0,3.1,Good,229.0,13.039292220414938,77.62228819777212
109361,Biryani Blues,4,1.0,2.7,Average,58.0,28.426866579796723,77.23726768472527
109362,House Express 683,9,3.0,2.9,Average,264.0,13.059947155785034,80.278270768603
109363,House Corner 248,2,2.0,0.0,Not rated,360.0,28.502317129196452,77.06391194932075
109364,Spice Kitchen 432,1,2.0,4.0,Very Good,77.0,28.597692778615677,77.16539169695805
109365,Haldiram's,1,1.0,3.9,Good,90.0,28.595682913037482,77.17877162483029
109366,Urban Express 40,3,1.0,3.0,Good,237.0,28.535574303161045,77.42600928325557
109367,Bistro Restaurant 652,4,4.0,4.3,Very Good,413.0,28.465571725759414,77.30191046725535
109368,Pizza Hut,8,1.0,3.0,Good,135.0,17.421786773798235,78.41746227350106
109369,McDonald's,8,3.0,2.8,Average,275.0,17.420695794363706,78.52869096623219
109370,Urban Garden 215,5,1.0,3.7,Good,590.0,19.14461794224922,72.87159928903937
109371,Urban Hub 931,8,1.0,4.1,Very Good,275.0,17.41986625332859,78.49977958122733
109372,The Food Bites 704,1,2.0,2.5,Average,65.0,28.57090411658349,77.20727512402866
109373,Green Point 769,1,1.0,2.3,Average,145.0,28.63274129829857,77.24823419666942
109374,Kitchen Point 81,10,2.0,3.2,Good,1634.0,22.62941053571917,88.32543578859581
109375,Bistro Kitchen 115,1,2.0,3.8,Good,314.0,28.56076212235283,77.23224407468743
109376,The Belgian Waffle Co,1,2.0,2.5,Average,735.0,28.613362043703265,77.25515452867069
109377,Spice Garden 890,6,3.0,3.5,Good,102.0,12.934225202002166,77.54737205745904
109378,Pizza Hut,2,2.0,2.8,Average,231.0,28.46399644598988,77.0007160117697
109379,Barbeque Nation,10,1.0,3.5,Good,524.0,22.61233324511411,88.42146224512005
109380,Royal Lounge 445,1,2.0,2.7,Average,1060.0,28.66089577161813,77.24684070163053
109381,Tasty Hub 826,1,2.0,3.7,Good,942.0,28.60745346196676,77.18032392980149
109382,Urban Restaurant 53,1,1.0,2.9,Average,42.0,28.637048574498447,77.16649247664286
109383,Curry Point 542,5,3.0,2.8,Average,703.0,19.023357786106416,72.88759389427639
109384,Starbucks,2,2.0,3.2,Good,1497.0,28.39830418616455,77.03813645175246
109385,Kitchen Garden 351,4,3.0,2.1,Average,69.0,28.448085836780027,77.31573000325635
109386,The Food Bites 775,10,3.0,3.0,Good,56.0,22.46667363656291,88.4455671031679
109387,Spice Cafe 844,11,1.0,3.2,Good,176.0,26.888343593451275,75.80993628665256
109388,Urban Cafe 238,1,2.0,2.0,Average,174.0,28.637591742117568,77.17958445765453
109389,Urban Studio 682,3,1.0,1.3,Poor,77.0,28.543221750837983,77.42801775685665
109390,The Food Express 849,5,1.0,1.5,Poor,28.0,18.976731983198935,72.87973621248162
109391,House Point 706,12,3.0,4.3,Very Good,1460.0,23.040898034081827,72.54771494701086
109392,Spice House 139,15,3.0,0.0,Not rated,30.0,1.3219548960761016,103.85133634879763
109393,Grill Kitchen 426,1,1.0,2.7,Average,86.0,28.6181285414751,77.26064569856507
109394,Green Studio 257,7,2.0,3.8,Good,238.0,18.49856001619562,73.86425472656298
109395,Royal Kitchen 684,2,4.0,3.3,Good,29.0,28.435273437070695,76.99239570873576
109396,Curry Express 987,1,2.0,3.4,Good,27.0,28.550912940849653,77.21295905527212
109397,Bistro Restaurant 171,1,3.0,3.4,Good,110.0,28.601334002452514,77.17553382722832
109398,The Food Kitchen 178,3,2.0,2.9,Average,478.0,28.578766606840954,77.3989276342342
109399,Spice Lounge 264,3,1.0,3.2,Good,230.0,28.52070773781031,77.4174068044607
109400,Grill Bites 453,1,1.0,3.5,Good,14.0,28.60069833146239,77.13981823367067
109401,Spice Cafe 637,6,2.0,3.1,Good,1011.0,12.946942192048093,77.61964317123517
109402,Tasty Cafe 240,1,2.0,2.9,Average,461.0,28.568885893919248,77.19591835480348
109403,Burger King,5,2.0,3.0,Good,221.0,19.04107761371005,72.85802025780535
109404,Green Cafe 613,1,2.0,1.7,Poor,160.0,28.62165524661806,77.16254332038228
109405,Urban House 763,1,3.0,3.6,Good,461.0,28.69997364930806,77.17142743162906
109406,Spice Garden 344,2,1.0,2.2,Average,2675.0,28.493643863883275,77.08836270884426
109407,Pizza Hut,1,1.0,3.4,Good,571.0,28.635601341760754,77.23872711448426
109408,Cafe Lounge 147,4,1.0,2.9,Average,246.0,28.478602360235797,77.36311430006718
109409,Royal Bites 721,1,2.0,3.3,Good,40.0,28.630277491974873,77.1789934085887
109410,Curry Point 693,4,1.0,3.5,Good,238.0,28.44651197702497,77.38075301114313
109411,Royal Point 288,1,2.0,2.6,Average,419.0,28.621387373951716,77.2066689644422
109412,Grill Lounge 544,6,1.0,3.2,Good,157.0,12.987420781096208,77.56699107850183
109413,The Food Lounge 353,7,2.0,3.4,Good,98.0,18.47110228555023,73.81896841921672
109414,Urban Bites 299,1,1.0,2.9,Average,340.0,28.603051040364303,77.1723075985416
109415,Spice Hub 379,3,2.0,2.6,Average,46.0,28.515832670942693,77.36486749436177
109416,Green House 305,1,1.0,3.4,Good,562.0,28.592376236337294,77.17771435043913
109417,House Hub 567,5,1.0,3.5,Good,112.0,19.052421909694676,72.90935001072202
109418,Starbucks,1,3.0,3.5,Good,13.0,28.663985367322287,77.30004066159941
109419,Subway,4,1.0,2.3,Average,84.0,28.396001046540775,77.30915423321377
109420,Curry Express 786,4,2.0,2.9,Average,158.0,28.403843938779758,77.30983077715184
109421,Tasty Studio 190,11,3.0,3.4,Good,379.0,26.99166590682269,75.7222753290787
109422,Urban Kitchen 736,5,2.0,3.6,Good,343.0,19.1031410293517,72.84531583941161
109423,Cafe Corner 767,5,3.0,2.4,Average,30.0,19.0762786238916,72.82096985661853
109424,The Food Point 917,2,1.0,2.6,Average,185.0,28.49654363038533,77.05507063770892
109425,Starbucks,12,2.0,2.9,Average,87.0,22.999081090339256,72.63906969524962
109426,Cafe Coffee Day,8,2.0,3.1,Good,113.0,17.37013694288501,78.44886362219039
109427,Cafe Express 231,1,1.0,2.2,Average,41.0,28.601241818416526,77.20189308282998
109428,Urban Corner 703,9,1.0,2.9,Average,159.0,13.091434426967227,80.2620036919953
109429,Royal Bites 600,3,5.0,0.0,Not rated,4516.0,28.551834975506157,77.41491873664245
109430,Urban Bites 658,9,2.0,2.5,Average,1588.0,13.049477498135696,80.27438586462121
109431,Domino's Pizza,9,3.0,3.3,Good,53.0,13.096944602223513,80.3447058589147
109432,House Cafe 118,1,1.0,2.6,Average,173.0,28.63505588719618,77.18277926783759
109433,Curry Cafe 130,6,1.0,3.3,Good,125.0,12.955230502085884,77.62608442817827
109434,Kitchen Kitchen 932,1,1.0,0.0,Not rated,107.0,28.60810654053109,77.18816705863433
109435,Royal Lounge 115,1,2.0,3.3,Good,584.0,28.57410671712467,77.1529345057111
109436,Royal Bites 630,1,3.0,2.9,Average,144.0,28.56108799741139,77.25893175703808
109437,Domino's Pizza,7,1.0,2.6,Average,65.0,18.480250742093784,73.92227028922782
109438,Curry Point 840,1,1.0,3.2,Good,772.0,28.639122293999197,77.22334960442574
109439,Royal Kitchen 608,1,2.0,3.4,Good,40.0,28.63220566601799,77.1869462724865
109440,Tasty Cafe 922,7,3.0,3.1,Good,225.0,18.587864049272547,73.81685189161722
109441,Pizza Hut,1,2.0,3.0,Good,27.0,28.61523967782446,77.2286211677159
109442,House Studio 446,1,2.0,2.3,Average,41.0,28.61570984769078,77.1345623704005
109443,Urban Corner 368,1,1.0,3.9,Good,538.0,28.62570004709384,77.23951075094863
109444,Haldiram's,2,1.0,3.4,Good,81.0,28.42215642126157,77.01197405558452
109445,Curry Corner 453,3,1.0,3.4,Good,18.0,28.56711917062829,77.37562138909549
109446,Kitchen Cafe 759,1,1.0,2.0,Average,56.0,28.62727296139438,77.17144163713381
109447,Bistro Kitchen 383,13,3.0,3.0,Good,61.0,25.171642391986193,55.2204971020063
109448,Spice Garden 281,7,2.0,3.0,Good,35.0,18.533408555614265,73.8546649435424
109449,Spice Hub 7,1,1.0,1.7,Poor,260.0,28.640446186336273,77.2158429252542
109450,The Belgian Waffle Co,1,1.0,3.6,Good,28.0,28.56729897865869,77.20578952872091
109451,Grill Point 574,3,1.0,3.9,Good,101.0,28.572505654440683,77.42931596913877
109452,Cafe Corner 909,5,2.0,4.5,Excellent,286.0,19.060241519154374,72.87979653566528
109453,Cafe Coffee Day,1,1.0,2.3,Average,97.0,28.506438592564006,77.23404521159947
109454,Spice Hub 609,1,1.0,3.1,Good,107.0,28.647918725231513,77.15759574410451
109455,Tasty Studio 780,10,2.0,4.1,Very Good,89.0,22.619595711895116,88.34843364405452
109456,Green Bites 798,1,1.0,2.8,Average,36.0,28.574575896323758,77.26092286167201
109457,Domino's Pizza,2,1.0,2.6,Average,71.0,28.401014620864867,77.0606094588226
109458,Bistro Point 280,10,1.0,1.8,Poor,304.0,22.619075047258498,88.37557731566416
109459,Bistro Studio 696,6,1.0,0.0,Not rated,52.0,12.949992351169078,77.58134941602682
109460,House Kitchen 550,2,1.0,3.0,Good,214.0,28.506570887062594,76.9938320986401
109461,Royal Point 808,6,1.0,2.5,Average,630.0,12.908881335070166,77.57606296095388
109462,Grill Kitchen 46,1,3.0,3.6,Good,420.0,28.66308046420933,77.23131190316617
109463,SUBWAY,7,2.0,3.3,Good,37.0,18.5579673303382,73.78730148376579
109464,House Hub 458,3,2.0,3.3,Good,325.0,28.554419725179283,77.45382624168826
109465,Domino's Pizza,9,3.0,3.3,Good,689.0,13.012550973541462,80.31405916322552
109466,Kitchen Kitchen 250,13,1.0,4.1,Very Good,107.0,25.192115769110774,55.313356984592716
109467,Tasty Corner 103,11,3.0,3.3,Good,25.0,26.94766294425352,75.80881087636483
109468,Royal Hub 3,11,1.0,4.1,Very Good,127.0,26.85335504530295,75.79107859194846
109469,Haldiram's,4,1.0,3.4,Good,240.0,28.390617841825136,77.33102270200881
109470,Royal Express 816,2,1.0,3.2,Good,381.0,28.473375712837832,77.01378821002152
109471,Domino's Pizza,3,1.0,2.9,Average,88.0,28.494935945453804,77.46512213452938
109472,Bistro Point 702,6,4.0,4.2,Very Good,17.0,13.017117579679075,77.58975264013014
109473,House House 536,10,1.0,3.1,Good,36.0,22.6111912596575,88.34725184185007
109474,The Belgian Waffle Co,1,1.0,2.4,Average,239.0,28.62237668478044,77.19970838806326
109475,Tasty Corner 244,11,1.0,2.4,Average,1837.0,26.927590901533122,75.76198717499797
109476,House Bites 697,9,1.0,3.3,Good,181.0,13.063783411587972,80.29901637281564
109477,Starbucks,13,1.0,2.4,Average,787.0,25.225439779922397,55.25263323220216
109478,Green Restaurant 390,10,1.0,0.0,Not rated,24.0,22.55167981714986,88.3594952952925
109479,Curry Restaurant 523,1,1.0,3.7,Good,90.0,28.607012656289452,77.25577199912945
109480,The Food Bites 498,1,3.0,3.6,Good,10.0,28.596665689511386,77.24647873094497
109481,Royal Corner 44,1,1.0,0.0,Not rated,142.0,28.664143394961076,77.17316617126215
109482,McDonald's,1,1.0,3.9,Good,69.0,28.656147053810102,77.25032658224121
109483,Starbucks,5,2.0,3.6,Good,420.0,19.040879411259905,72.82812477345058
109484,Spice Studio 936,8,4.0,4.3,Very Good,123.0,17.431816861132294,78.43415964572304
109485,KFC,11,1.0,1.5,Poor,1567.0,26.884469371881817,75.77586910746071
109486,The Food Lounge 374,5,1.0,3.2,Good,1712.0,19.14085044972189,72.88795258994108
109487,Spice Bites 688,1,4.0,4.1,Very Good,12.0,28.668883270570785,77.20113819635256
109488,Cafe Express 107,1,1.0,4.1,Very Good,464.0,28.69064703135088,77.2243620548937
109489,Barbeque Nation,1,2.0,2.2,Average,57.0,28.62415307820269,77.19581710876751
109490,Pizza Hut,2,1.0,3.8,Good,466.0,28.449682905396386,76.95452369316959
109491,KFC,3,3.0,4.5,Excellent,45.0,28.524903285300226,77.38432762706867
109492,Cafe Kitchen 638,1,4.0,0.0,Not rated,545.0,,77.15577924244188
109493,House Garden 371,2,3.0,3.7,Good,736.0,28.424009386721888,77.02671008975855
109494,Kitchen House 621,1,1.0,3.4,Good,32.0,28.529562841391307,77.16514920981174
109495,Cafe House 353,6,1.0,2.8,Average,132.0,12.957611748079984,77.61270618205064
109496,Urban Cafe 191,3,1.0,2.7,Average,199.0,28.53693247697867,77.43841364281796
109497,Curry Kitchen 242,3,3.0,3.8,Good,510.0,28.55494342875923,77.33048388955987
109498,Bistro Bites 831,3,3.0,3.0,Good,171.0,28.549402854356156,77.31953423118155
109499,The Belgian Waffle Co,13,1.0,2.9,Average,455.0,25.209728957311743,55.26028642255452
109500,Tasty Hub 867,1,2.0,3.7,Good,185.0,28.6548314804138,77.24852764077478
109501,Cafe Express 411,4,1.0,4.1,Very Good,476.0,28.378358223624847,77.3232598000588
109502,Starbucks,7,1.0,3.3,Good,33.0,18.496879142338777,73.84176642510172
109503,Tasty Studio 557,5,2.0,3.3,Good,180.0,19.149821109868817,72.84004780878527
109504,Domino's Pizza,12,1.0,2.7,Average,686.0,22.911068073869885,72.5967219331581
109505,Curry Point 470,2,1.0,2.3,Average,871.0,28.498666113768287,77.08040801750121
109506,,3,1.0,3.7,Good,252.0,28.555219344534496,77.32557183767065
109507,Grill Studio 766,1,3.0,0.0,Not rated,79.0,28.613851575952044,77.21928308562869
109508,Spice Hub 747,5,3.0,4.1,Very Good,1226.0,19.107365973275154,72.9667715035569
109509,The Belgian Waffle Co,1,4.0,3.4,Good,167.0,28.63904724378555,77.18780307141687
109510,Bistro Garden 684,1,2.0,2.8,Average,696.0,28.562824520990088,77.20232385936062
109511,Urban Garden 305,4,,3.5,Good,170.0,28.374812761434015,77.31658893905484
109512,Tasty Hub 507,4,5.0,3.0,Good,183.0,28.392076133610267,77.30350270822477
109513,Bistro Point 1,1,4.0,2.8,Average,41.0,28.53965600277431,77.2473973687575
109514,House Kitchen 74,6,2.0,4.4,Very Good,49.0,12.971297575276706,77.65765417723597
109515,Tasty Kitchen 701,5,2.0,2.8,Average,566.0,19.098312954087678,72.81804022284734
109516,House Bites 105,1,2.0,3.8,Good,1789.0,28.65470062974163,77.17629664675275
109517,The Food Lounge 233,3,3.0,3.9,Good,242.0,28.538228939318977,77.43461626755104
109518,Burger King,7,1.0,2.2,Average,118.0,18.49416504473777,73.87771101600592
109519,Bistro House 213,4,1.0,2.3,Average,536.0,28.41674016683574,77.33308504501215
109520,Tasty Garden 491,2,2.0,3.0,Good,265.0,28.456744512288143,77.0509790795204
109521,Cafe Coffee Day,1,3.0,2.8,Average,8.0,28.641377845957365,77.21236452187433
109522,Tasty Lounge 579,5,2.0,4.3,Very Good,802.0,19.074411652723093,72.89454145292356
109523,Grill Studio 950,12,1.0,2.9,Average,32.0,23.05363093908055,72.5600096992475
109524,Burger King,6,1.0,3.6,Good,195.0,12.962450264130974,77.58661959033692
109525,Green Corner 29,1,2.0,0.0,Not rated,51.0,28.659057927016246,77.2056667371293
109526,Green Studio 700,3,2.0,3.4,Good,85.0,28.541714057203336,77.37674262221329
109527,House Point 412,10,2.0,3.2,Good,192.0,22.551673938819086,88.38030859514133
109528,Bistro Kitchen 784,1,1.0,3.8,Good,634.0,28.602240268454366,77.21941701190148
109529,Royal Restaurant 975,14,3.0,2.9,Average,177.0,51.53284649691314,-0.19311581116084772
109530,Starbucks,12,2.0,4.3,Very Good,1350.0,22.978024634183882,72.56428523650393
109531,Cafe Kitchen 678,1,3.0,0.0,Not rated,,28.60936594635072,77.20972489668071
109532,Curry Corner 393,12,1.0,3.5,Good,1307.0,23.0599222202948,72.62495504349454
109533,Green Garden 66,2,1.0,2.1,Average,133.0,28.47759097907011,77.01656475255373
109534,Cafe Coffee Day,9,3.0,3.2,Good,100.0,13.042421585447551,80.27407565452248
109535,Starbucks,2,1.0,3.1,Good,170.0,28.470393418103267,77.02391326057048
109536,Royal Cafe 97,3,2.0,2.9,Average,695.0,28.48852983511724,77.43727626613678
109537,Barbeque Nation,5,2.0,3.1,Good,674.0,19.08252895926096,72.83588069614387
109538,Haldiram's,8,2.0,2.3,Average,5.0,17.433294670142427,78.45922729007432
109539,Barbeque Nation,1,1.0,2.4,Average,223.0,28.61646900463658,77.17918344940784
109540,Subway,5,1.0,3.3,Good,9.0,19.036383087079116,72.87819041044295
109541,Haldiram's,1,3.0,3.4,Good,185.0,28.607215370286838,77.15671650533814
109542,Starbucks,2,2.0,0.0,Not rated,46.0,28.466306355054442,77.07788040532874
109543,Tasty Bites 55,2,1.0,3.9,Good,74.0,28.49772368896795,77.04114325973877
109544,Curry Express 694,3,1.0,2.2,Average,422.0,28.5734094909739,77.41148874327477
109545,Cafe Restaurant 810,2,4.0,3.4,Good,84.0,28.42137671651435,77.10018060495149
109546,Grill Bites 259,1,1.0,2.7,Average,161.0,28.602556913179406,77.19695971150273
109547,Curry Garden 596,1,2.0,3.6,Good,61.0,28.627678401380326,77.23895925923031
109548,Cafe Cafe 59,1,1.0,3.0,Good,190.0,28.592733083505667,77.22937992534803
109549,Royal Kitchen 503,3,3.0,3.3,Good,617.0,28.55294341251466,77.44487912118436
109550,Cafe Coffee Day,13,2.0,2.0,Average,46.0,25.15761891250072,55.29499351491131
109551,Tasty Express 428,1,2.0,3.8,Good,462.0,28.62304914825063,77.1911789534521
109552,Bistro Kitchen 567,12,1.0,0.0,Not rated,96.0,23.05845623364219,72.58624012843502
109553,House Kitchen 964,7,3.0,3.5,Good,206.0,18.522288264783402,73.83406197818364
109554,Spice House 79,5,1.0,2.5,Average,100.0,19.08215089178536,72.86135100632954
109555,House Bites 875,6,3.0,2.8,Average,438.0,13.001150798772699,77.5941236075789
109556,Bistro Express 417,9,2.0,4.2,Very Good,524.0,13.067156357811577,80.26419788032393
109557,Urban House 205,1,2.0,2.0,Average,118.0,28.635671215665525,77.17771376107193
109558,Royal Cafe 473,3,1.0,2.3,Average,192.0,28.53443037890263,77.31156936308496
109559,Kitchen Express 460,6,2.0,4.2,Very Good,574.0,12.939816814060054,77.60497570039179
109560,Bistro House 106,5,1.0,3.4,Good,374.0,19.107580932462373,72.89056708413128
109561,The Food Cafe 421,9,1.0,2.8,Average,113.0,13.131732375944415,80.28342978413632
109562,Haldiram's,1,1.0,3.8,Good,891.0,28.65444826816079,77.27570839035047
109563,Urban Cafe 860,6,1.0,3.3,Good,547.0,13.003178944210314,77.54083454054593
109564,Grill Restaurant 728,4,1.0,3.2,Good,2547.0,28.426772651696517,77.37216077800853
109565,Cafe Cafe 55,2,1.0,3.1,Good,25.0,28.472203133736812,77.11382053486305
109566,Royal Restaurant 49,2,3.0,3.7,Good,488.0,28.4562163001616,77.0883323319269
109567,Subway,5,1.0,3.3,Good,785.0,19.05280823201638,72.865472971309
109568,Spice Studio 79,10,2.0,4.6,Excellent,869.0,22.500293685841225,88.37975558480468
109569,Curry Express 194,3,1.0,2.9,Average,124.0,28.48064247963687,77.36400732229232
109570,Bistro Hub 118,9,2.0,3.1,Good,32.0,13.083210213267929,80.24703950356144
109571,Bistro Point 432,2,2.0,2.4,Average,1045.0,28.414826245154185,77.08691588819718
109572,Green Kitchen 482,1,4.0,3.6,Good,108.0,28.628393237122435,77.23346777266859
109573,Grill Express 275,1,3.0,4.6,Excellent,171.0,28.675058598814115,77.23559859007756
109574,Spice Garden 706,1,2.0,3.8,Good,2749.0,28.501014283385217,77.16969505085919
109575,Spice Point 488,2,3.0,0.0,Not rated,18.0,28.425462662785616,76.97503462396666
109576,Cafe Express 768,2,,3.0,Good,484.0,28.53600575130995,77.06351593731075
109577,Grill Express 516,7,2.0,2.4,Average,59.0,18.54959787329212,73.8714585638953
109578,Starbucks,7,1.0,2.4,Average,57.0,18.516491700481566,73.84625625015445
109579,Green Bites 613,1,1.0,3.1,Good,219.0,28.595283860690643,77.26977401046344
109580,Grill Kitchen 157,1,1.0,2.7,Average,379.0,28.63440350339411,77.22976543882848
109581,The Food Restaurant 224,1,2.0,2.5,Average,511.0,28.648172171360077,77.17924718107858
109582,Royal Hub 933,4,2.0,3.5,Good,751.0,28.364471438954013,77.24996726930003
109583,Kitchen Kitchen 449,1,2.0,3.1,Good,73.0,28.66611281423139,77.22993846291679
109584,Urban Cafe 718,1,2.0,2.2,Average,34.0,28.627846190913743,77.19257097257905
109585,Kitchen Lounge 902,12,1.0,1.7,Poor,85.0,23.055334991200983,72.5665411845232
109586,House Restaurant 864,8,2.0,2.8,Average,257.0,17.420839918609207,78.47893982896757
109587,The Food Studio 889,1,3.0,2.4,Average,118.0,28.624829480737343,77.25908005232016
109588,Royal Kitchen 839,2,3.0,2.2,Average,1.0,28.475090081012542,77.05609793910729
109589,Royal Restaurant 193,2,2.0,3.9,Good,21.0,28.477621208759878,77.02323093158108
109590,Spice Kitchen 713,8,2.0,3.1,Good,131.0,17.372501472042856,78.48238855679931
109591,Green Cafe 613,4,2.0,3.0,Good,507.0,28.43159625600113,77.32788281794797
109592,The Food Kitchen 845,1,1.0,2.9,Average,54.0,28.604815421556356,77.2551318386634
109593,Haldiram's,7,1.0,2.3,Average,373.0,18.520423024985273,73.85960341834696
109594,Green Kitchen 322,2,1.0,3.3,Good,28.0,28.514236873112182,77.00648872826919
109595,Spice Cafe 249,1,1.0,2.9,Average,234.0,28.612638676227,77.1668293553047
109596,Barbeque Nation,2,2.0,2.7,Average,226.0,28.47397278175749,77.02360261879744
109597,Grill Bites 755,3,4.0,3.2,Good,326.0,28.52938288130432,77.34905974066255
109598, Cafe Corner 667 ,2,1.0,2.2,Average,41.0,28.446696069828317,77.03855025539288
109599,Bistro Bites 314,1,2.0,2.9,Average,24.0,28.681404921685196,77.22485556699496
109600,Cafe Lounge 476,2,2.0,3.0,Good,431.0,28.408245361379286,77.06827647892382
109601,Cafe Coffee Day,1,1.0,2.7,Average,24.0,28.61572363024312,77.2016693801157
109602,Spice Lounge 768,8,1.0,3.0,Good,66.0,17.3429363460713,78.52283182072169
109603,Royal Restaurant 111,1,2.0,3.1,Good,1013.0,28.657803754317488,77.26540440856087
109604,House Point 337,1,2.0,3.3,Good,230.0,28.611744708240586,77.21158031779521
109605,Urban House 411,6,4.0,4.2,Very Good,359.0,12.955191546033923,77.67283158785771
109606,Urban Point 221,8,1.0,3.4,Good,415.0,17.32077459231579,78.53699243284314
109607,Curry Point 957,9,3.0,4.0,Very Good,453.0,13.137869760050977,80.25392093009127
109608,Spice Studio 710,3,1.0,2.4,Average,148.0,28.48902681754799,77.49405469152471
109609,Barbeque Nation,1,2.0,2.9,Average,55.0,28.630936543900464,77.20663031057636
109610,Bistro Garden 999,7,2.0,3.6,Good,5693.0,18.553012251611996,73.90568494573736
109611,McDonald's,6,1.0,3.4,Good,131.0,13.047686404786988,77.61659807502446
109612,House Hub 662,1,1.0,2.6,Average,241.0,28.594605926551875,77.21961888992608
109613,Cafe Coffee Day,11,1.0,3.4,Good,329.0,26.882458074678965,75.83310931308701
109614,Biryani Blues,1,1.0,2.4,Average,78.0,28.59894536206957,77.21427968606653
109615,Bistro Point 831,14,2.0,3.5,Good,114.0,51.486808062524155,-0.13047469097656264
109616,Tasty Bites 935,10,1.0,3.0,Good,1119.0,22.506673368651317,88.3622828941666
109617,Bistro Point 445,6,2.0,2.3,Average,59.0,13.028840810723775,77.5545657979232
109618,Spice Kitchen 913,12,1.0,2.7,Average,273.0,23.007868239500592,72.60873234524583
109619,House Garden 298,7,3.0,4.8,Excellent,792.0,18.51481139277379,73.83360892983765
109620,The Food Lounge 894,1,3.0,3.5,Good,148.0,28.635861002498203,77.21635476619471
109621,Royal Bites 685,3,3.0,4.9,Excellent,235.0,28.58401335362754,77.39170521177384
109622,Starbucks,1,2.0,2.3,Average,493.0,28.573280166460183,77.23025934561025
109623,Kitchen Corner 715,2,1.0,3.5,Good,163.0,28.472016669819464,77.02614185661473
109624,Curry House 360,7,3.0,1.8,Poor,9.0,18.47784754254827,73.84730710633431
109625,Urban Kitchen 685,2,1.0,3.0,Good,1141.0,28.471177692094148,77.04111325062873
109626,Tasty Bites 67,2,1.0,3.4,Good,56.0,28.469727494425122,77.0381130653797
109627,Tasty Garden 9,5,1.0,3.5,Good,254.0,19.05944457898168,72.8405388983968
109628,Cafe Garden 106,10,2.0,2.7,Average,31.0,22.580770943357017,88.36005154092399
109629,Kitchen Point 636,1,2.0,3.9,Good,112.0,28.622712557553527,77.25344876482028
109630,Bistro Kitchen 919,2,2.0,2.9,Average,98.0,28.456641239920284,77.11260456571712
109631,Domino's Pizza,1,1.0,2.9,Average,211.0,28.60673903313999,77.14923604535306
109632,House Hub 308,6,1.0,2.7,Average,54.0,12.923846943541001,77.62357057624945
109633,Urban Bites 649,1,3.0,2.7,Average,1944.0,28.57572496947134,77.21270240816564
109634,Grill Hub 395,6,2.0,4.2,Very Good,233.0,12.950102126922443,77.57388077426236
109635,House Kitchen 28,1,1.0,3.0,Good,523.0,28.578596271388353,77.19402051668027
109636,Kitchen House 328,1,2.0,3.9,Good,209.0,28.593834915404614,77.17610888184112
109637,Royal Restaurant 592,12,1.0,3.7,Good,706.0,23.019834515131922,72.52372117395532
109638,Royal Corner 650,1,1.0,0.0,Not rated,6.0,28.616988749384117,77.22248507300571
109639,Green Studio 392,3,1.0,3.8,Good,86.0,28.555158719805316,77.45341424606119
109640,Tasty Cafe 680,1,1.0,3.3,Good,96.0,28.619390921232956,77.2213430643136
109641,Tasty Cafe 178,3,1.0,2.3,Average,76.0,28.539665277392054,77.39700501060767
109642,Cafe Express 240,3,3.0,3.7,Good,388.0,28.554274221208065,77.36917491933654
109643,Burger King,1,2.0,2.5,Average,325.0,28.581808924544546,77.17643841371184
109644,Cafe Coffee Day,1,2.0,4.2,Very Good,206.0,28.584736444332528,77.20976311258075
109645,KFC,2,2.0,0.0,Not rated,84.0,28.446437617294112,76.99057490458766
109646,Grill Point 624,6,4.0,3.6,Good,4199.0,12.947197860774734,77.63390833212888
109647,Cafe Point 803,8,1.0,3.8,Good,311.0,17.32364256512103,78.46648583269561
109648,Royal Garden 670,4,3.0,2.4,Average,9.0,28.4290595378423,77.2882791422488
109649,Royal Garden 3,5,2.0,2.7,Average,426.0,19.041058860692235,72.95647370998459
109650,House Hub 525,1,1.0,2.8,Average,335.0,28.67730622067273,77.25446011180172
109651,The Food House 196,1,1.0,4.5,Excellent,1031.0,28.61968786767029,77.16717340868473
109652,Cafe Coffee Day,1,2.0,2.5,Average,329.0,28.56133959793482,77.17812206708615
109653,Grill Cafe 236,1,2.0,2.1,Average,46.0,28.637242666181994,77.20217870796277
109654,THE FOOD POINT 484,1,1.0,2.1,Average,434.0,28.61506472171637,77.20336862115298
109655,Bistro Lounge 391,4,2.0,3.8,Good,235.0,28.419084344036815,77.30174242835042
109656,Cafe Garden 750,5,2.0,2.8,Average,616.0,19.058585174901406,72.92448586737058
109657,Burger King,12,1.0,2.9,Average,1179.0,22.9899063975858,72.57876796837608
109658,Kitchen Garden 180,1,3.0,3.9,Good,182.0,28.562755527153904,77.2077078352356
109659,Bistro Lounge 181,6,3.0,3.3,Good,555.0,12.926729961010995,77.57331763794897
109660,Cafe Hub 568,9,2.0,3.3,Good,677.0,13.034816505760686,80.23389345252875
109661,Spice Studio 276,5,4.0,3.9,Good,258.0,19.06349096408157,72.85584147155215
109662,Domino's Pizza,1,1.0,2.7,Average,1884.0,28.612093743594443,77.17834656659214
109663,Kitchen Hub 998,1,1.0,2.9,Average,629.0,28.559752189674217,77.16492300678189
109664,Grill Bites 926,1,1.0,3.2,Good,87.0,28.64549372570025,77.24673152674363
109665,Cafe Express 624,1,2.0,3.8,Good,287.0,28.61885756609277,77.24155500374373
109666,Curry Bites 887,7,2.0,2.7,Average,477.0,18.605349093980198,73.84358810635027
109667,Biryani Blues,1,2.0,1.2,Poor,1292.0,28.599721542457814,77.25511989549365
109668,Cafe House 291,1,1.0,3.4,Good,413.0,28.692053998271945,77.22965968080523
109669,Kitchen Cafe 99,6,1.0,3.6,Good,285.0,12.997709479735935,77.55678378582046
109670,Curry House 337,8,3.0,3.5,Good,943.0,17.31642299018113,78.43567255022971
109671,Barbeque Nation,3,3.0,3.6,Good,151.0,28.49382651306264,77.40171046206416
109672,Haldiram's,6,2.0,2.8,Average,48.0,12.982728276641852,77.61126055163182
109673,Spice Corner 781,2,2.0,3.5,Good,468.0,28.398334306243996,76.98135400168859
109674,Cafe Express 281,1,2.0,3.8,Good,129.0,28.582531015706618,77.19060233280808
109675,Haldiram's,2,1.0,3.0,Good,5191.0,28.40376818400404,77.05645998059742
109676,Green Garden 292,5,1.0,4.6,Excellent,339.0,19.15085491285622,72.93268093257912
109677,Cafe Bites 412,12,2.0,2.2,Average,354.0,23.06095197848767,72.57435433626007
109678,Grill House 441,1,2.0,3.3,Good,84.0,28.60203559991221,77.21096904648006
109679,Grill Cafe 594,3,1.0,2.2,Average,709.0,28.588434080323093,77.37521219694982
109680,Spice House 718,2,4.0,4.2,Very Good,219.0,28.50352678596089,77.07865300342475
109681,Starbucks,4,3.0,2.4,Average,130.0,28.45476189502568,77.33725585145828
109682,House Corner 894,1,1.0,2.1,Average,126.0,28.59432341576816,77.17956204109065
109683,Tasty Cafe 53,1,2.0,2.8,Average,33.0,28.60308899373244,77.23637403808559
109684,Cafe Coffee Day,9,3.0,3.6,Good,145.0,13.0443192709746,80.24616733334878
109685,Urban Kitchen 27,5,1.0,2.6,Average,315.0,19.07201999789181,72.8443875053457
109686,Green Lounge 267,3,2.0,2.8,Average,24.0,28.50706048568666,77.37534776531486
109687,Bistro Studio 106,1,2.0,3.1,Good,638.0,28.576305468218365,77.17888171766928
109688,Curry Express 429,1,1.0,2.8,Average,119.0,28.65350590786095,77.17733410611169
109689,Kitchen Corner 669,2,3.0,4.4,Very Good,321.0,28.483006392578023,76.9776303224018
109690,Grill Restaurant 518,9,1.0,0.0,Not rated,5.0,13.051815514448236,80.24624664225453
109691,Spice Bites 99,13,1.0,2.8,Average,220.0,25.237890879139677,55.25214410914152
109692,House Garden 268,3,1.0,4.4,Very Good,64.0,28.54630863168523,77.34370284725604
109693,Bistro Bites 186,2,1.0,3.3,Good,119.0,28.448462258173013,77.0455052343182
109694,Starbucks,9,1.0,2.4,Average,21.0,13.138376628561497,80.20887648276262
109695,Pizza Hut,3,2.0,3.4,Good,63.0,28.546188394447263,77.37765966818007
109696,House House 590,5,1.0,3.3,Good,151.0,19.1382132353118,72.9008423240206
109697,Spice Garden 332,1,2.0,2.8,Average,118.0,28.633706661308704,77.24862554379166
109698,Spice Bites 344,7,2.0,2.5,Average,471.0,18.543215529730467,73.83658370655832
109699,Tasty Restaurant 591,4,1.0,3.1,Good,17.0,28.371245171988647,77.35326707042272
109700,Green Studio 352,8,2.0,3.0,Good,163.0,17.365501374900333,78.47383874031566
109701,Royal Restaurant 768,8,2.0,4.2,Very Good,200.0,17.436011242536754,78.56562786648537
109702,Royal Lounge 446,1,2.0,3.7,Good,114.0,28.654567780582656,77.15790671424274
109703,Starbucks,7,1.0,2.6,Average,50.0,18.50785834303395,73.8214556581714
109704,Royal Express 821,8,2.0,3.5,Good,771.0,17.337647190338046,78.49233631303196
109705,The Food Corner 865,2,4.0,4.4,Very Good,3064.0,28.517592088246065,76.98245251599677
109706,Domino's Pizza,1,1.0,2.1,Average,16.0,28.65123249586637,77.1842184183985
109707,House Point 552,1,1.0,2.3,Average,47.0,28.573845121104732,77.22485158348307
109708,Bistro Studio 439,3,2.0,3.2,Good,51.0,28.495440813098693,77.39769018250792
109709,Tasty Garden 527,2,1.0,3.0,Good,122.0,28.523674325422636,77.025372720215
109710,Urban Bites 422,5,2.0,3.2,Good,874.0,19.05823340957175,72.87683651198948
109711,Green Lounge 663,1,1.0,2.8,Average,322.0,28.596755782886042,77.12285662380246
109712,,10,1.0,2.8,Average,137.0,22.548781639142213,88.36910090725087
109713,Spice Bites 395,1,2.0,3.4,Good,194.0,28.62634144852923,77.18673992218842
109714,Haldiram's,1,1.0,3.7,Good,136.0,28.564890361459323,77.19606034908158
109715,Spice Restaurant 861,3,1.0,2.7,Average,410.0,28.54381585974611,77.33534391437814
109716,KFC,3,1.0,4.6,Excellent,725.0,28.486264195910366,77.41456154558284
109717,Royal Studio 563,1,1.0,4.3,Very Good,485.0,28.56491038079957,77.22831354195124
109718,Cafe Express 87,1,3.0,4.3,Very Good,14.0,28.566102778620632,77.16823078269128
109719,Cafe Bites 214,1,3.0,0.0,Not rated,91.0,28.567448887704153,77.21527916052939
109720,Cafe Coffee Day,7,1.0,4.3,Very Good,183.0,18.5456827461963,73.9143252023394
109721,Grill Express 151,8,2.0,3.0,Good,601.0,17.410294189627578,78.4916037902972
109722,Bistro Studio 471,3,1.0,2.5,Average,210.0,28.529805407860138,77.32050136173255
109723,Tasty Studio 50,7,2.0,2.9,Average,341.0,18.498295337272825,73.83673335021545
109724,Tasty Express 425,7,1.0,2.3,Average,80.0,18.568762913713506,73.8611439665526
109725,Subway,1,1.0,3.1,Good,576.0,28.63821938661062,77.28306410641105
109726,Green Garden 312,13,2.0,3.4,Good,889.0,,55.22847967273012
109727,Green Bites 610,9,1.0,3.1,Good,23.0,13.094969602820637,80.26554114062893
109728,Grill Cafe 387,1,1.0,3.0,Good,34.0,28.624364522804676,77.17164082753523
109729,Bistro Point 239,1,2.0,3.3,Good,482.0,28.639045777957172,77.23977313211984
109730,KFC,1,2.0,0.0,Not rated,72.0,28.710115270716695,77.19617902542782
109731,Royal Point 228,1,2.0,3.6,Good,719.0,28.58525487736293,77.11339542254176
109732,House House 91,7,2.0,3.8,Good,280.0,18.539804811649574,73.8429359501586
109733,Bistro Corner 460,3,2.0,3.3,Good,442.0,28.587860684403765,77.3870766296054
109734,Urban Studio 309,8,1.0,0.0,Not rated,35.0,17.445138522633158,78.50027877408665
109735,Kitchen Studio 473,7,1.0,1.8,Poor,204.0,18.526719235191845,73.86305879394925
109736,Royal Bites 424,5,2.0,4.6,Excellent,380.0,19.0302324973044,72.90070300028118
109737,Tasty Point 966,6,2.0,2.9,Average,72.0,12.908778617293523,77.59027708371454
109738,Grill Express 714,1,2.0,2.8,Average,582.0,28.64282637521969,77.21196216719322
109739,Biryani Blues,1,2.0,3.4,Good,17.0,28.625888513051514,77.20942730386935
109740,Grill Cafe 501,5,1.0,3.4,Good,246.0,19.080484499950476,72.86317012308585
109741,The Food Studio 990,1,1.0,3.4,Good,37.0,28.62379259826099,77.2288858440573
109742,Kitchen Cafe 280,1,1.0,4.2,Very Good,63.0,28.64814805692832,77.23863461625028
109743, House Point 964 ,9,2.0,4.2,Very Good,777.0,13.101822019206212,80.26916991007754
109744,Grill Restaurant 343,6,2.0,2.7,Average,41.0,12.985132937626787,77.57739138411272
109745,Pizza Hut,1,3.0,4.0,Very Good,52.0,28.593124604756255,77.17111184829126
109746,Curry Restaurant 471,6,2.0,3.0,Good,359.0,13.00798176797642,77.60702302910747
109747,Spice Point 488,8,3.0,3.3,Good,46.0,17.364794484617583,78.45157684266037
109748,Tasty Lounge 487,1,2.0,2.5,Average,557.0,28.647771124163746,77.21458052293961
109749,The Food Hub 24,1,4.0,2.5,Average,349.0,28.600157082615222,77.21358941529319
109750,Curry House 479,12,2.0,3.2,Good,68.0,23.04313002050022,72.60874678000368
109751,The Food Cafe 456,2,4.0,3.0,Good,593.0,28.521226425023272,77.07515184393536
109752,The Food Kitchen 78,1,1.0,3.6,Good,17.0,28.637020051119325,77.10266596922342
109753,Curry Point 668,3,1.0,2.8,Average,300.0,28.58507224261544,77.3839473840887
109754,Spice Cafe 603,8,2.0,3.4,Good,40.0,17.371999813824846,78.41316765102376
109755,Domino's Pizza,1,4.0,4.5,Excellent,125.0,28.617265625770678,77.24965484063361
109756,Spice Cafe 872,1,1.0,2.0,Average,78.0,28.601488508485943,77.20818842014914
109757,Spice House 382,1,1.0,2.5,Average,774.0,28.55581049401834,77.24930829024761
109758,Bistro Lounge 154,14,2.0,3.3,Good,99.0,51.54480485793787,-0.1187643801510921
109759,The Food Restaurant 270,1,2.0,3.4,Good,172.0,28.63381072424632,77.16173953154437
109760,Grill Express 671,5,1.0,3.7,Good,117.0,19.093427271089876,72.84383206951814
109761,Kitchen Point 351,11,2.0,3.8,Good,60.0,26.955511805590028,75.78260001683489
109762,Green Bites 134,1,4.0,3.7,Good,56.0,28.57416059497465,77.22893390508897
109763,Tasty Corner 647,13,3.0,3.6,Good,292.0,25.156662212786458,55.272787254426405
109764,House Corner 883,12,1.0,3.2,Good,176.0,23.065947852454922,72.57761268564929
109765,The Food Studio 30,10,1.0,2.0,Average,362.0,22.57013805031513,88.3513895003728
109766,Cafe Restaurant 81,1,1.0,2.9,Average,125.0,28.621419767782594,77.24854896350092
109767,Starbucks,5,1.0,3.2,Good,140.0,19.02465144012812,72.8828123855074
109768,The Food Cafe 772,7,1.0,3.3,Good,484.0,18.57192437253655,73.85839479431718
109769,Tasty Kitchen 81,14,2.0,2.6,Average,100.0,51.53089394077407,-0.11745991214441663
109770,Cafe Lounge 582,1,1.0,2.2,Average,24.0,28.593753987327688,77.19447490707833
109771,Tasty Express 83,8,3.0,3.2,Good,525.0,17.45799957302808,78.47444307266092
109772,KFC,2,3.0,4.7,Excellent,108.0,28.411778647734735,77.04344603305232
109773,Kitchen Lounge 221,1,1.0,2.5,Average,169.0,28.60237041057559,77.2361708792227
109774,Curry Garden 412,2,4.0,4.4,Very Good,108.0,28.494043647549375,77.05742800053682
109775,The Food Restaurant 314,8,2.0,4.2,Very Good,67.0,17.425364703637356,78.479866557999
109776,Tasty Kitchen 523,3,2.0,3.2,Good,16.0,28.48324029431242,77.39531476737133
109777,House House 524,4,1.0,2.6,Average,243.0,28.398982098686066,77.2965727135395
109778,Spice Garden 738,15,2.0,3.5,Good,2.0,1.378202938773099,103.8473312982788
109779,Cafe House 410,2,1.0,3.1,Good,902.0,28.51105709987249,76.99353108738701
109780,Tasty Lounge 907,5,2.0,2.6,Average,579.0,19.124612337640414,72.88547483710163
109781,Biryani Blues,2,1.0,2.6,Average,51.0,28.484015213210572,77.05736432616888
109782,Pizza Hut,2,2.0,3.5,Good,1415.0,28.46263902373024,77.0309998244877
109783,Kitchen House 352,6,1.0,3.6,Good,2612.0,12.96532185206283,77.6051000936125
109784,Cafe Express 18,12,1.0,2.8,Average,118.0,23.03993419162997,72.56185270752788
109785,Cafe Kitchen 283,4,2.0,3.2,Good,304.0,28.45909067620225,77.25291302228163
109786,Bistro Point 709,8,2.0,3.6,Good,235.0,17.377509265292424,78.46312386533334
109787,Starbucks,1,1.0,2.9,Average,1130.0,28.60433902646163,77.21055245233603
109788,Starbucks,1,1.0,2.8,Average,29.0,28.65398387049229,77.18488298513525
109789,Burger King,3,3.0,2.9,Average,128.0,28.572656321421192,77.40798237213373
109790,Spice Express 285,1,2.0,2.7,Average,514.0,28.596403658052722,77.15775918381014
109791,House Point 639,1,1.0,4.7,Excellent,699.0,28.56774348415634,77.14118776051365
109792,Royal Hub 69,4,2.0,0.0,Not rated,85.0,28.34892947239363,77.34212639786037
109793,Kitchen Kitchen 222,1,2.0,4.1,Very Good,1264.0,28.618455806229086,77.19809255586722
109794,GRILL HOUSE 386,1,1.0,4.1,Very Good,297.0,28.57523909020502,77.22112328669284
109795,Barbeque Nation,4,2.0,0.0,Not rated,103.0,28.440269124953097,77.29956380813572
109796,Green Point 566,5,3.0,3.6,Good,474.0,19.015914260724593,72.89746592397634
109797,Urban Garden 465,11,2.0,3.3,Good,172.0,26.968877053240593,75.83480963513063
109798,Grill Express 172,6,1.0,2.0,Average,148.0,12.959812134477819,77.64459273176796
109799,The Food Garden 848,2,3.0,2.4,Average,57.0,28.431544402677147,77.00392135423058
109800,Subway,12,1.0,3.0,Good,6814.0,23.00355950078543,72.55663277128137
109801,The Food Garden 106,8,4.0,3.3,Good,102.0,17.35473313469134,78.49265493179082
109802,Starbucks,1,1.0,4.2,Very Good,564.0,28.66691464964279,77.27448208304237
109803,Royal Restaurant 232,1,2.0,3.0,Good,1892.0,28.637407044342133,77.16865106441776
109804,Curry Bites 232,6,2.0,4.5,Excellent,45.0,12.974989793782669,77.55449807151238
109805,Urban Lounge 938,5,1.0,2.7,Average,350.0,19.033899217879355,72.9081131064604
109806,Bistro House 424,8,3.0,4.6,Excellent,254.0,17.38307349620532,78.46339815367554
109807,Curry Studio 310,7,2.0,0.0,Not rated,848.0,18.49342820715971,73.87977049329093
109808,KFC,5,1.0,3.4,Good,61.0,18.983916743550857,72.85722453092319
109809,Kitchen Kitchen 518,14,2.0,2.9,Average,66.0,51.483123795321525,-0.11547012371579295
109810,Spice Hub 364,4,2.0,3.6,Good,186.0,28.430083390925596,77.29995073310843
109811, Green Garden 923 ,1,1.0,4.1,Very Good,119.0,28.598985121445015,77.1738359899078
109812,Tasty Express 548,9,4.0,3.5,Good,109.0,13.07762536609227,80.27582072276837
109813,Kitchen Point 974,1,3.0,3.2,Good,2297.0,28.65033479217706,77.16656133422198
109814,Grill Lounge 374,8,1.0,2.8,Average,195.0,17.415168299281532,78.50267059801574
109815,Bistro Kitchen 501,13,2.0,4.3,Very Good,86.0,25.273432102434978,55.26260031951765
109816,Kitchen Express 898,6,1.0,3.6,Good,122.0,12.894825781514804,77.54696432812409
109817,Cafe Corner 829,5,3.0,0.0,Not rated,149.0,19.046519929107053,72.88819774363577
109818,The Food Restaurant 908,3,3.0,3.6,Good,302.0,28.567284959554023,77.40076061688738
109819,Urban Hub 995,2,1.0,3.0,Good,84.0,28.474598838569538,76.94427352841086
109820,Tasty Express 370,2,3.0,3.7,Good,26.0,28.462981319742887,77.02481827273503
109821,Urban House 472,5,2.0,3.9,Good,199.0,19.054832300520804,72.87804636979759
109822,Cafe Hub 221,7,1.0,2.8,Average,151.0,18.528325801491288,73.85994361859835
109823,Urban Cafe 226,6,3.0,4.3,Very Good,103.0,12.977511039424828,77.53094321798409
109824,Cafe Kitchen 561,1,2.0,3.4,Good,941.0,28.549080292096743,77.22137967477296
109825,Spice Restaurant 57,3,2.0,1.6,Poor,262.0,28.54297718254765,77.40895591650106
109826,Grill Kitchen 839,8,2.0,0.0,Not rated,106.0,17.36690393560823,78.45387034400646
109827,Tasty Point 266,3,1.0,2.2,Average,93.0,28.564937248929112,77.34203004663443
109828,Biryani Blues,4,1.0,3.6,Good,1734.0,28.420962974006073,77.2835211645515
109829,Royal Garden 937,8,3.0,4.0,Very Good,51.0,17.453456684983607,78.49120731288917
109830,Starbucks,6,2.0,3.4,Good,102.0,12.971597430504936,77.55127647210351
109831,Kitchen Cafe 475,2,3.0,0.0,Not rated,51.0,28.421304110807103,76.97922356788015
109832,Green Corner 861,11,1.0,3.7,Good,295.0,26.825297003193057,75.86078147907867
109833,Urban Hub 65,1,2.0,2.9,Average,389.0,28.581060349576838,77.2088141422514
109834,Royal Studio 927,15,4.0,4.1,Very Good,41.0,1.365307297643014,103.80890832455027
109835,KFC,1,1.0,3.8,Good,88.0,28.636050477344323,77.1855335742224
109836,The Food Restaurant 412,1,1.0,4.1,Very Good,388.0,28.592717899962462,77.19419142546869
109837,Subway,10,2.0,2.5,Average,67.0,22.557545467379608,88.42696513828544
109838,The Belgian Waffle Co,1,1.0,3.3,Good,112.0,28.616347771524662,77.23756904579331
109839,Green Corner 976,7,1.0,2.4,Average,189.0,18.53370186232622,73.94023557678
109840,Subway,8,3.0,2.7,Average,47.0,17.42070285910977,78.50041789475337
109841,Domino's Pizza,10,4.0,3.8,Good,293.0,22.55203479901239,88.3304313588157
109842,The Food Corner 461,14,2.0,3.3,Good,400.0,51.48140790923182,-0.11830909724492564
109843,Urban Bites 730,1,3.0,4.1,Very Good,232.0,28.684767735248688,77.22820174667795
109844,Domino's Pizza,6,3.0,3.2,Good,1081.0,13.034012996770404,77.61608694709568
109845,Bistro House 370,1,2.0,3.1,Good,440.0,28.595370083885715,77.19352437086711
109846,The Food Bites 787,2,1.0,3.1,Good,169.0,28.499488868896997,77.08973565734057
109847,Curry House 760,9,1.0,2.4,Average,102.0,13.159864806564634,80.226265048522
109848,Tasty Point 768,2,1.0,2.5,Average,1398.0,28.505593541857646,77.0384807858029
109849,Kitchen Garden 123,5,1.0,3.7,Good,88.0,19.04929816047842,72.86746617514619
109850,Bistro Hub 612,3,1.0,2.6,Average,113.0,28.539168437680267,77.36380674195615
109851,Royal House 962,6,1.0,3.8,Good,124.0,12.910286587059145,77.60324869595
109852,Cafe Garden 350,13,1.0,0.0,Not rated,148.0,25.171026859818582,55.31478022078229
109853,Burger King,1,1.0,2.0,Average,2342.0,28.61336445466138,77.22313926753789
109854,Urban Cafe 940,5,2.0,3.5,Good,264.0,19.083691453253024,72.88725823385614
109855,Urban Corner 430,10,1.0,3.3,Good,124.0,22.54834532264246,88.29321323577517
109856,Bistro Restaurant 392,3,3.0,3.7,Good,257.0,28.43919144067744,77.423242125265
109857,Tasty Restaurant 631,1,1.0,2.9,Average,33.0,28.620674700006326,77.1947880638456
109858,Domino's Pizza,5,3.0,2.8,Average,131.0,19.101486006922215,72.89639615278637
109859,Bistro Restaurant 540,2,4.0,4.5,Excellent,2038.0,28.486314309160864,77.05880657225548
109860,Royal Bites 257,1,2.0,3.1,Good,407.0,28.606695185811745,77.21575078596406
109861,Starbucks,9,2.0,2.6,Average,743.0,13.077969345532647,80.20065922492556
109862,Haldiram's,4,3.0,3.7,Good,721.0,28.41752769747867,77.36737832202537
109863,Haldiram's,12,1.0,2.5,Average,64.0,23.036811470396465,72.63458238852135
109864,Royal Bites 86,8,4.0,0.0,Not rated,982.0,17.38172927363291,78.51515873211143
109865,Curry Express 951,6,3.0,3.2,Good,19.0,12.890295623034119,77.56917364274936
109866,Royal Bites 801,1,2.0,2.8,Average,252.0,28.662796665035863,77.2520439856213
109867,Cafe Cafe 798,3,1.0,2.4,Average,11.0,28.519248169369945,77.38112785752183
109868,Royal Corner 542,1,2.0,3.7,Good,23.0,28.571063515038745,77.20665596727315
109869,Cafe Coffee Day,11,2.0,3.1,Good,573.0,26.898659542263413,75.82921327195673
109870,Bistro Kitchen 764,1,2.0,4.0,Very Good,91.0,28.617809017285435,77.23166233481568
109871,Pizza Hut,1,2.0,2.6,Average,756.0,28.59258213960242,77.12664694121582
109872,Royal Bites 819,4,1.0,0.0,Not rated,5.0,28.389998638066363,77.32507489406694
109873,House Express 505,1,1.0,3.1,Good,159.0,28.6025377582748,77.25048703470354
109874,McDonald's,1,1.0,4.2,Very Good,49.0,28.626563415394795,77.16127441417848
109875,Curry Corner 721,5,1.0,3.3,Good,123.0,19.048035389833192,72.91191181497494
109876,McDonald's,1,1.0,5.0,Excellent,1873.0,28.625710487178345,77.15055848407548
109877,THE BELGIAN WAFFLE CO,1,1.0,,Good,1709.0,28.56559022941617,77.20148222901301
109878,The Food Lounge 348,2,1.0,3.2,Good,,28.52970599080596,77.04555009992072
109879,Bistro Hub 261,7,2.0,1.8,Poor,18.0,18.557931059256102,73.84784097030439
109880,Grill Studio 962,5,1.0,3.3,Good,41.0,19.06638657122102,72.91891722222971
109881,Biryani Blues,2,4.0,3.7,Good,248.0,28.471216250023627,76.9770859034879
109882,The Food Express 191,5,2.0,2.9,Average,62.0,19.035114082066006,72.90623317775847
109883,Spice Express 694,2,2.0,3.1,Good,405.0,28.4791637587605,77.02845166471334
109884,House Corner 724,12,1.0,3.0,Good,1415.0,23.05208929952717,72.54156054505654
109885,House Lounge 410,1,2.0,3.1,Good,52.0,28.62322145561914,77.2243564833466
109886,Burger King,6,2.0,4.6,Excellent,80.0,13.00317995118241,77.59213831431667
109887,Haldiram's,10,4.0,3.4,Good,43.0,22.572353891902196,88.41568454499205
109888,McDonald's,8,2.0,3.3,Good,135.0,17.381451575031985,78.50711927132316
109889,Tasty Express 868,1,2.0,2.9,Average,181.0,28.590804608766486,77.22344277210217
109890,Curry Garden 462,1,3.0,3.9,Good,218.0,28.633356627983904,77.18544660542979
109891,Tasty Restaurant 622,7,1.0,3.1,Good,546.0,18.491120451718583,73.86182986240804
109892,Spice Restaurant 594,1,1.0,2.8,Average,272.0,28.628402562495467,77.18886930842787
109893,KFC,8,2.0,1.9,Poor,127.0,17.395612789496315,78.48451965337371
109894,Bistro Cafe 518,7,1.0,3.2,Good,191.0,18.56743941588014,73.9002872782973
109895,Tasty Restaurant 266,7,1.0,2.8,Average,185.0,18.540822600148687,73.8466986510366
109896,KFC,1,2.0,3.2,Good,169.0,28.552411913220816,77.15838447988406
109897,Kitchen Bites 862,7,1.0,2.2,Average,62.0,18.497176838507855,73.87400851195137
109898,Royal Point 528,6,2.0,4.1,Very Good,49.0,12.947467982300028,77.62213964849677
109899,Grill Lounge 949,9,3.0,4.0,Very Good,259.0,13.057084059345717,80.32631377954733
109900,Bistro House 356,1,1.0,3.9,Good,113.0,28.647731041352376,77.23925306625252
109901,Cafe Cafe 850,1,1.0,3.7,Good,391.0,28.536782432749238,77.19949141941036
109902,Subway,2,1.0,3.4,Good,208.0,28.50935586641349,77.03572782111293
109903,Spice House 663,1,1.0,2.3,Average,152.0,28.64884872052779,77.2226259540427
109904,McDonald's,5,1.0,4.2,Very Good,776.0,19.08250140882782,72.89289648103308
109905,Spice Kitchen 101,11,1.0,2.4,Average,26.0,26.924621967123496,75.70070707646607
109906,Green Lounge 392,2,1.0,2.8,Average,1521.0,28.46212537045046,77.0065281449507
109907,Cafe Coffee Day,9,1.0,3.5,Good,12.0,13.088250392863653,80.287396614986
109908,Cafe Garden 682,1,2.0,3.7,Good,1245.0,28.65332202040561,77.24747810796724
109909,Urban Cafe 631,1,3.0,3.8,Good,266.0,28.606070365526367,77.18680060775041
109910,Haldiram's,1,3.0,3.1,Good,92.0,28.634911874704517,77.19447673767999
109911,Pizza Hut,2,2.0,2.8,Average,26.0,,77.01825300573006
109912,Starbucks,11,1.0,4.6,Excellent,117.0,26.931038811106777,75.78257879493086
109913,Grill Cafe 817,1,2.0,3.2,Good,148.0,28.60435418633982,77.2389056907102
109914,Kitchen Restaurant 252,5,1.0,2.9,Average,217.0,19.090979488200738,72.85185380079655
109915,Bistro Cafe 297,3,1.0,2.5,Average,950.0,28.505240024955096,77.42126811282851
109916,Cafe Restaurant 772,12,3.0,0.0,Not rated,98.0,23.03822360899403,72.62105745648044
109917,Barbeque Nation,1,1.0,3.1,Good,265.0,28.612263026307485,77.19522121603357
109918,Bistro Corner 981,1,1.0,3.0,Good,269.0,28.66866988359094,77.19395398498601
109919,The Food Studio 132,1,3.0,3.6,Good,131.0,28.622963264391956,77.21451398677829
109920,Cafe Express 904,3,3.0,4.5,Excellent,190.0,28.55276313381701,77.37047294589681
109921,Starbucks,1,1.0,2.6,Average,139.0,28.598446773734686,77.20592337134742
109922,Green Bites 58,10,1.0,3.0,Good,381.0,22.583523187529803,88.31246195044395
109923,Kitchen Restaurant 227,5,2.0,2.8,Average,53.0,19.092590323168462,72.9076497152407
109924,Starbucks,5,2.0,3.4,Good,100.0,19.063601575419128,72.93590576032935
109925,Spice Lounge 262,4,1.0,2.6,Average,248.0,28.39377177848078,77.29423755032302
109926,Grill House 835,1,2.0,2.9,Average,44.0,28.585668215108047,77.15138210779942
109927,Bistro House 855,3,4.0,2.7,Average,187.0,28.53283819256745,77.42323090880885
109928,Tasty Restaurant 677,15,1.0,3.1,Good,90.0,1.3292394349272048,103.80515269939359
109929,McDonald's,9,3.0,3.7,Good,382.0,13.092928990260587,80.24732566770088
109930,House Bites 548,11,4.0,4.8,Excellent,1441.0,26.884735819681733,75.7830303304126
109931,Royal Lounge 928,9,1.0,3.3,Good,94.0,13.078412784616193,80.22797036617797
109932,Haldiram's,1,2.0,2.9,Average,439.0,28.580798690394506,77.22587013031779
109933,Urban Lounge 224,1,1.0,2.1,Average,183.0,28.653953734272143,77.16473873681453
109934,Pizza Hut,1,2.0,2.4,Average,94.0,28.614769751822138,77.16754696972421
109935,Burger King,1,3.0,2.6,Average,160.0,28.61445732414625,77.16707689142586
109936,Grill Express 438,1,1.0,4.2,Very Good,1148.0,28.634741798159382,77.21473993350924
109937,The Food Bites 965,3,2.0,3.4,Good,153.0,28.597633572876557,77.32752086427291
109938,Curry House 655,6,3.0,3.0,Good,894.0,12.974438346713686,77.6676895354935
109939,Spice Cafe 972,10,1.0,2.4,Average,131.0,22.520418822613017,88.35075652300571
109940,Kitchen Lounge 225,7,1.0,2.4,Average,26.0,18.56176773167959,73.78263289531382
109941,The Food Restaurant 288,12,1.0,2.6,Average,132.0,22.974994005732174,72.53427419519647
109942,Cafe Studio 343,1,2.0,4.1,Very Good,34.0,28.596524613225846,77.22995747052309
109943,Subway,1,4.0,3.6,Good,133.0,28.65563818601945,77.25619206255026
109944,Green Kitchen 961,6,3.0,2.5,Average,99.0,12.959867199810725,77.6003115953749
109945,Kitchen Bites 807,1,1.0,4.5,Excellent,2347.0,28.593870541262913,77.21199735780965
109946,Cafe Bites 163,1,2.0,2.5,Average,1166.0,28.62374555465468,77.15544384835297
109947,Bistro Cafe 501,2,1.0,2.6,Average,177.0,28.459839008346403,77.07871001231939
109948,Bistro Studio 989,1,1.0,3.9,Good,965.0,28.589631608309478,77.22845752901631
109949,House Kitchen 723,4,2.0,3.5,Good,118.0,28.439615894718504,77.32903786150617
109950,Grill House 701,3,2.0,2.9,Average,28.0,28.578479147233953,77.39159198140021
109951,Royal House 455,4,2.0,2.4,Average,295.0,28.457477271721785,77.3363860291928
109952,Urban Restaurant 668,6,4.0,3.0,Good,273.0,12.99091163024154,77.56659814230203
109953,Biryani Blues,2,2.0,2.6,Average,49.0,28.434962661797048,77.05947691352495
109954,Tasty Garden 343,1,2.0,3.2,Good,59.0,28.56996520263724,77.23711864540905
109955,Biryani Blues,1,1.0,3.1,Good,576.0,28.532808985411258,77.20556493595764
109956,Kitchen Kitchen 786,2,4.0,3.5,Good,23.0,28.49565901805419,77.01707681375323
109957,House House 319,7,3.0,3.4,Good,382.0,18.527209914632707,73.78115472405699
109958,Cafe House 452,7,3.0,2.7,Average,110.0,18.505737948824926,73.79607274857777
109959,Tasty Point 958,6,1.0,3.2,Good,366.0,12.903934444033972,77.61370182542541
109960,Spice Cafe 979,1,2.0,4.0,Very Good,746.0,28.572491453557586,77.24066559206675
109961,Starbucks,5,2.0,3.1,Good,59.0,19.014207574659416,72.91515175866657
109962,Royal Corner 856,5,1.0,2.9,Average,40.0,19.126466684491977,72.83054887554341
109963,Subway,3,2.0,3.3,Good,1163.0,28.55774939716085,77.47127080131123
109964,Urban Restaurant 336,5,3.0,4.1,Very Good,206.0,19.030291996253155,72.91271018718456
109965,House Bites 159,3,1.0,2.4,Average,229.0,28.592727435403166,77.37092918250255
109966,CAFE COFFEE DAY,5,1.0,3.9,Good,662.0,19.05072500938612,72.88341631857897
109967,Haldiram's,7,2.0,3.5,Good,58.0,18.532624791581778,73.79729171568478
109968,Grill Restaurant 221,1,1.0,3.0,Good,537.0,28.626206676625085,77.18740840362346
109969,House Cafe 172,7,2.0,4.0,Very Good,483.0,18.51711324268681,73.8755391950226
109970,Tasty Lounge 50,1,2.0,2.4,Average,958.0,28.603291783510773,77.21119414261378
109971,Grill Garden 447,1,1.0,0.0,Not rated,553.0,28.61508981120921,77.27001002355887
109972,Spice Kitchen 824,13,3.0,3.7,Good,219.0,25.19500072668772,55.219019375410035
109973,Grill Corner 282,13,2.0,2.6,Average,408.0,25.213518481981822,55.26670035887695
109974,Subway,1,3.0,3.7,Good,214.0,28.624007500881827,77.16921844722006
109975,Cafe Coffee Day,3,2.0,3.4,Good,228.0,28.51715211533084,77.44472690295873
109976,Urban Express 892,1,3.0,3.3,Good,45.0,28.65244358130173,77.21828748673727
109977,Starbucks,3,1.0,3.6,Good,150.0,28.506203710680737,77.39129552173195
109978,Grill House 410,9,1.0,2.6,Average,16.0,13.096357039550876,80.26604017332906
109979,Curry Kitchen 951,12,1.0,3.2,Good,153.0,23.01062177907678,72.5407020678888
109980,The Food Garden 427,5,1.0,2.9,Average,887.0,19.045585240430267,72.91964564352466
109981,Kitchen Point 600,2,3.0,0.0,Not rated,238.0,28.449790362819225,77.03257119551435
109982,Burger King,5,2.0,3.5,Good,223.0,19.05287101683792,72.88626631720881
109983,Burger King,1,3.0,3.3,Good,144.0,28.636955582638443,77.22938125275483
109984,The Food Restaurant 845,11,1.0,2.0,Average,71.0,26.909090676693282,75.75713762975694
109985,House Restaurant 142,10,1.0,1.8,Poor,42.0,22.620522661736793,88.43373505296938
109986,,5,3.0,0.0,Not rated,250.0,19.042700609589843,72.93263293728684
109987,Tasty Restaurant 874,1,1.0,2.2,Average,21.0,28.53700955335714,77.20774144618576
109988,Cafe Cafe 65,1,3.0,3.6,Good,28.0,28.627716558551686,77.19846195535898
109989,Starbucks,1,1.0,3.0,Good,539.0,28.674192383194104,77.2313874590213
109990,Haldiram's,9,4.0,3.4,Good,246.0,13.099807850818195,80.30990660123013
109991,Kitchen House 456,3,2.0,4.5,Excellent,256.0,28.502515681603484,77.45225963605928
109992,House Hub 823,2,2.0,3.3,Good,241.0,28.42369779138169,77.0491684968632
109993,Bistro Corner 175,3,1.0,3.5,Good,2398.0,28.606404162847802,77.39577986115306
109994,Kitchen Express 740,9,2.0,3.4,Good,203.0,13.06942168440741,80.27549972670583
109995,House Bites 223,1,3.0,3.2,Good,262.0,28.5783782976383,77.14317594736568
109996,Spice Bites 510,10,3.0,3.4,Good,2491.0,22.614264690212593,88.34883962475514
109997,Kitchen Lounge 143,11,1.0,3.9,Good,196.0,26.9072468398122,75.79994275996984
109998,McDonald's,12,1.0,3.7,Good,1757.0,22.95154263300284,
109999,Tasty Garden 223,2,1.0,4.3,Very Good,16.0,28.532401399834786,77.03289778293222
110000,Kitchen House 490,1,1.0,3.1,Good,41.0,28.63435422716127,77.18057909357144
1000838,The Food House 81,2,3.0,2.5,Average,152.0,91.0,181.0
1000698,Bistro Garden 295,5,2.0,3.4,Good,272.0,-91.0,-181.0
1001198,Urban Bites 353,13,1.0,3.4,Good,9622.0,200.0,250.0
1006760,The Food Garden 672,1,2.0,0.0,Not rated,152.0,-200.0,-250.0
1005652,Green Point 203,6,1.0,3.7,Good,338.0,91.0,181.0
1003914,Domino's Pizza,13,3.0,3.5,Good,43.0,-91.0,-181.0
1003057,Bistro House 776,5,1.0,1.6,Poor,86.0,200.0,250.0
1004292,Urban House 132,1,1.0,3.4,Good,1104.0,-200.0,-250.0
1000521,Cafe Hub 612,5,2.0,3.1,Good,263.0,91.0,181.0
1005453,Tasty Kitchen 499,1,4.0,3.0,Good,191.0,-91.0,-181.0
1006511,Tasty House 562,1,3.0,0.0,Not rated,1016.0,200.0,250.0
1002508,Curry House 9,3,4.0,3.8,Good,989.0,-200.0,-250.0
1001890,Domino's Pizza,14,1.0,2.0,Average,45.0,91.0,181.0
1000088,Domino's Pizza,5,1.0,3.0,Good,574.0,-91.0,-181.0
1005663,Tasty Kitchen 87,9,2.0,2.0,Average,152.0,200.0,250.0
1007951,Cafe Hub 609,12,2.0,3.5,Good,933.0,-200.0,-250.0
1008363,McDonald's,1,1.0,4.0,Very Good,2215.0,91.0,181.0
1004398,Green Hub 469,1,1.0,3.1,Good,16.0,-91.0,-181.0
1005327,Green Corner 334,1,2.0,2.2,Average,52.0,200.0,250.0
1008446,Curry Garden 177,6,1.0,2.1,Average,1099.0,-200.0,-250.0
100050,Pizza Hut,1,4.0,4.1,Very Good,115.0,28.598931442008762,77.205312906016
105192,Cafe Cafe 25,6,1.0,3.5,Good,958.0,13.021683783948674,77.60880759108504
101799,Grill Lounge 570,1,1.0,4.3,Very Good,115.0,28.601034839932304,77.29132711983259
107985,Tasty Lounge 371,3,2.0,2.7,Average,78.0,28.567895628895826,77.39385763779703
104929,Spice Studio 327,7,1.0,3.8,Good,187.0,18.47021625848193,73.90467030745458
102003,Kitchen Garden 145,11,1.0,2.2,Average,20.0,26.87037754082729,75.7527283252053
106220,Domino's Pizza,1,3.0,3.7,Good,811.0,28.66598277887671,77.25315494322864
103719,Bistro Kitchen 362,3,1.0,4.9,Excellent,285.0,28.502142560164888,77.34777282909494
104430,Biryani Blues,8,1.0,2.8,Average,63.0,17.34481476791367,78.4531680539092
108422,Tasty Garden 969,1,1.0,3.4,Good,92.0,28.574618729296784,77.23250482966213
103347,Burger King,1,2.0,2.4,Average,574.0,28.643526324588915,77.23280647777739
100346,Urban Studio 968,5,1.0,2.7,Average,22.0,19.09370641627297,72.87319481173893
107334,Burger King,4,3.0,0.0,Not rated,103.0,28.41027367322589,77.31563686826635
104788,Tasty Studio 967,11,2.0,3.3,Good,162.0,26.87505707022385,75.82001925753461
106289,Spice House 486,13,1.0,2.6,Average,556.0,25.22453150757226,55.2957559706967
108786,Urban Kitchen 404,3,2.0,3.4,Good,113.0,28.5183495315378,77.40574608658642
108212,Pizza Hut,7,1.0,2.9,Average,214.0,18.49274729854672,73.84159977156696
102923,Grill Cafe 908,9,1.0,2.8,Average,81.0,13.034339974369411,80.22927970778579
109298,Royal Cafe 981,8,2.0,4.3,Very Good,756.0,17.421079413973924,78.51607087910429
104904,The Food Kitchen 372,1,1.0,3.6,Good,77.0,28.55905845070568,77.23463271934385
103043,Tasty Point 470,1,4.0,4.9,Excellent,51.0,28.541263913074275,77.21723498510755
107176,Burger King,3,2.0,3.2,Good,274.0,28.504135922343124,77.39084745491711
103649,McDonald's,5,2.0,2.4,Average,84.0,19.037942690228515,72.8933445628805
100461,Subway,1,2.0,0.0,Not rated,14.0,28.644885189258385,77.2913960300301
100477,Haldiram's,1,1.0,3.3,Good,116.0,28.66110628689527,77.17770321007751
102025,Haldiram's,2,1.0,2.5,Average,11.0,28.471548106165805,77.03165840045496
108208,Urban Bites 199,1,2.0,3.0,Good,72.0,28.660639093943697,77.17826063798648
100738,Cafe Coffee Day,9,2.0,3.3,Good,436.0,13.111207079775633,80.30170401777792
100632,Spice Corner 84,11,2.0,4.3,Very Good,34.0,26.877454735458706,75.80667816899918
104321,Pizza Hut,5,1.0,2.1,Average,304.0,19.11529818553111,72.85078864150627
109287,Cafe Cafe 248,5,2.0,3.7,Good,,18.99056779020261,72.86338571946683
100124,Tasty Cafe 768,1,2.0,2.8,Average,,28.621935713915274,77.08971038937355
105223,Green Bites 744,1,4.0,3.1,Good,121.0,28.592699396396327,77.20581293756997
105508,McDonald's,1,1.0,3.0,Good,204.0,28.599871511680202,77.1810425932949
100852,Subway,7,1.0,2.8,Average,554.0,18.501481381112445,73.92889386711943
101918,Tasty Restaurant 811,5,4.0,3.1,Good,80.0,19.03258955927293,72.83172073340947
109080,Subway,1,3.0,2.7,Average,1812.0,28.667645212735774,77.24634398477694
105131,Curry Studio 772,5,1.0,3.6,Good,174.0,19.006264647089242,72.87601171216797
104567,Curry Garden 521,1,4.0,4.8,Excellent,68.0,28.575820977513043,77.22291833216471
107410,Tasty Bites 629,5,2.0,3.3,Good,409.0,19.102989220519625,72.89919856443797
100142,Burger King,1,2.0,2.8,Average,36.0,28.58338449673749,77.11770869777895
106766,McDonald's,11,1.0,3.7,Good,11.0,26.932040032571994,75.76863681071517
109804,Curry Bites 232,6,2.0,4.5,Excellent,45.0,12.974989793782669,77.55449807151238
103778,Spice Point 592,5,2.0,3.4,Good,286.0,19.08212075655821,72.85894773904829
104356,Cafe Bites 326,5,1.0,3.0,Good,80.0,19.100504817612194,72.92295072769697
103683,Cafe Point 540,8,3.0,3.0,Good,212.0,17.366292837596394,78.47531180862946
103334,Bistro House 135,1,3.0,3.6,Good,45.0,28.623103027244554,77.2265005021446
103119,Tasty Bites 296,1,4.0,3.6,Good,266.0,28.63823474982465,77.18769076396262
108944,Domino's Pizza,12,4.0,2.5,Average,124.0,23.060014417798754,72.60112586072762
100787,House Bites 391,5,1.0,3.6,Good,68.0,19.08986528030907,72.8932358486198
108715,Royal Restaurant 761,10,1.0,3.2,Good,118.0,22.541031030677768,88.39981710617737
104219,Grill Kitchen 40,6,1.0,3.8,Good,3966.0,12.964567047123216,77.67198078922057
101734,Spice Bites 224,2,2.0,4.0,Very Good,191.0,28.42174380942908,76.9238855031889
103184,Cafe Coffee Day,1,1.0,0.0,Not rated,147.0,28.628453770437204,77.21646547124521
108123,House Hub 658,1,2.0,3.0,Good,465.0,28.67038208607793,77.25376158974076
102623,BURGER KING,3,4.0,3.1,Good,152.0,28.536319265402923,77.40070190784505
106866,Burger King,1,2.0,3.6,Good,291.0,28.552596569897357,77.17514302601134
100749,Spice Lounge 925,11,2.0,3.3,Good,331.0,26.940447482173735,75.79856980375716
102038,Tasty Express 507,1,3.0,3.6,Good,1396.0,28.630247687543015,77.22534079032265
109638,Royal Corner 650,1,1.0,0.0,Not rated,6.0,28.616988749384117,77.22248507300571
107189,McDonald's,3,1.0,3.5,Good,119.0,28.563782854676568,77.39503270955106
102220,Green Bites 368,1,1.0,3.7,Good,269.0,28.622129288592248,77.26987301287693
107763,The Food House 792,2,1.0,2.4,Average,566.0,28.460372488556747,77.03304066099584
108550,Curry Studio 595,1,1.0,3.5,Good,116.0,28.632036901184097,77.17337123123694
102637,KFC,13,2.0,2.2,Average,32.0,25.232689475416134,55.23225492909727
108693,Cafe Studio 539,1,2.0,3.2,Good,1178.0,28.618474358036934,77.24719770076423
105736,Cafe Coffee Day,6,1.0,3.4,Good,271.0,13.007727436744153,77.54087797833334
107696,Kitchen Point 346,6,2.0,4.6,Excellent,280.0,12.958531394240419,77.58573928255987
100009,Spice Hub 715,5,2.0,0.0,Not rated,18.0,19.106399699424188,72.93739666632246
105808,Spice Corner 967,14,3.0,3.3,Good,157.0,51.470524261984785,-0.1494119144928302
105494,Bistro Hub 371,1,1.0,3.4,Good,396.0,28.614422955493886,77.20682552604814
108581,House Garden 623,1,1.0,2.1,Average,51.0,28.663524123245743,77.2230721096952
105491,Starbucks,1,2.0,2.8,Average,308.0,28.590541216337368,77.23515532041831
108259,Subway,5,2.0,0.0,Not rated,30.0,19.13348018266381,72.88335336077178
109719,Cafe Bites 214,1,3.0,0.0,Not rated,91.0,28.567448887704153,77.21527916052939
106349,Urban Point 860,5,2.0,4.2,Very Good,55.0,19.102657049412446,72.9301690283529
108155,Haldiram's,8,1.0,2.4,Average,796.0,17.44382695459084,78.5196657734552
106135,Burger King,1,1.0,3.7,Good,575.0,28.588922654054326,77.19856648529583
102503,Cafe Corner 862,5,1.0,2.9,Average,165.0,19.12820648474204,72.8830717116627
102657,House Express 460,9,2.0,3.1,Good,81.0,13.07007739276402,80.20806795656705
100951,Cafe Corner 887,5,1.0,2.8,Average,41.0,19.083886760627347,72.82951185644893
104924,The Food Restaurant 812,10,2.0,2.4,Average,625.0,22.575634239528693,88.40454332598091
106082,Bistro Kitchen 682,13,1.0,0.0,Not rated,112.0,25.153774176614597,55.28690207395462
105241,Grill Cafe 647,13,4.0,3.0,Good,231.0,25.242136439345348,55.29248341028627
103793,The Food Corner 465,5,2.0,2.4,Average,861.0,19.047490457867276,72.90839108265226
102330,Burger King,1,1.0,2.5,Average,14.0,28.581292152521943,77.22766485549975
105940,Cafe Studio 983,1,3.0,3.6,Good,142.0,28.61191404793131,77.16380886060004
109256, Tasty Lounge 69 ,2,1.0,3.0,Good,276.0,28.462158288686627,77.00905518293395
105982,Green Studio 768,1,3.0,3.9,Good,5.0,28.54931847806728,77.20597859628359
104668,Urban Restaurant 618,9,2.0,2.6,Average,49.0,13.101866740282539,80.28927411099977
100249,Cafe Coffee Day,13,4.0,3.6,Good,519.0,25.249711202902244,55.30638681636695
107956,Pizza Hut,4,2.0,3.3,Good,85.0,28.404236392755365,77.24054053260738
108924,Curry Garden 751,9,1.0,3.1,Good,191.0,13.087794578462367,80.25240219045388
108066,Tasty Restaurant 331,1,2.0,3.5,Good,117.0,28.620045485516766,77.21003122096562
106873,Subway,5,1.0,3.6,Good,126.0,19.05684015020255,72.82451978718757
105185,Barbeque Nation,7,1.0,2.8,Average,1812.0,18.55020931950484,73.82920220480233
107243,Haldiram's,1,1.0,2.4,Average,247.0,28.6171020063698,77.25629662357028
101377,Subway,3,2.0,3.3,Good,35.0,28.5211365199876,77.32020951176862
102943,Urban Express 924,1,1.0,3.1,Good,474.0,28.60382227530688,77.21881446515039
107876,Green Cafe 199,4,2.0,2.9,Average,33.0,28.436373352337185,77.2883281102313
102099,Bistro Bites 172,8,2.0,2.8,Average,36.0,17.40747382225437,78.39918052966651
101053,Cafe Hub 377,12,2.0,4.2,Very Good,294.0,23.031676761586898,72.55999119088179
106207,Royal Garden 473,1,3.0,3.2,Good,41.0,28.618009482072974,77.25831435715597
107523,The Food Restaurant 571,5,1.0,2.9,Average,65.0,19.04147671174271,72.91112148196594
103836,KFC,1,2.0,3.6,Good,26.0,28.613602114331602,77.22562669212823
103166,Grill Bites 743,3,1.0,3.5,Good,43.0,28.513707342691276,77.40707341042847
102376,Urban Kitchen 943,1,2.0,4.1,Very Good,253.0,28.655914977801324,77.2281363577384
108700,Grill Corner 62,5,2.0,3.1,Good,734.0,19.111724813191344,72.83900574407319
102597,Royal Point 989,1,2.0,2.9,Average,508.0,28.66515618792832,77.17912808150385
106827,The Food Garden 865,1,2.0,3.4,Good,116.0,28.640942834823434,77.2206307201312
106116,Royal Corner 340,6,3.0,4.0,Very Good,430.0,13.014284046698165,77.63565811997113
105446,Cafe Coffee Day,1,1.0,3.2,Good,8.0,28.644190843055167,77.22012686640008
101707,Biryani Blues,6,4.0,3.9,Good,404.0,12.931301522265493,77.52644769778775
101974, Kitchen Express 68 ,4,2.0,2.5,Average,900.0,28.408197333052787,77.26591569526586
109433,Curry Cafe 130,6,1.0,3.3,Good,125.0,12.955230502085884,77.62608442817827
104015,Kitchen Bites 496,6,1.0,3.8,Good,1776.0,13.048774959544263,77.5487540494882
103819,Cafe Coffee Day,9,2.0,3.2,Good,107.0,13.112384290958422,80.29313118256107
104588,Domino's Pizza,1,1.0,2.5,Average,40.0,28.604704134182025,77.20295072413417
102239,Grill Corner 710,1,1.0,3.6,Good,347.0,28.63092440607986,77.19244623482705
108147,Subway,1,2.0,2.3,Average,814.0,28.625962505110543,77.17663800711549
