RestaurantID,Has Online delivery,Has Table booking
100001,No,No
100002,No,No
100003,Yes,No
100004,Yes,No
100005,No,No
100006,Yes,No
100007,No,no
100008,No,No
100009,Yes,No
100010,Yes,Yes
100011,Yes,No
100012,Yes,No
100013,No,Yes
100014,No,No
100015,No,No
100016,No,No
100017,Yes,No
100018,No,No
100019,No,No
100020,No,No
100021,No,No
100022,No,No
100023,No,No
100024,Yes,No
100025,Yes,No
100026,No,No
100027,No,No
100028,Yes,No
100029,No,Yes
100030,No, No
100031,Yes,No
100032,No,Yes
100033,Yes,No
100034,Yes,No
100035,Yes,No
100036,No,No
100037,No,No
100038,Yes,No
100039,No,No
100040,Yes,No
100041,Yes,No
100042,No,No
100043,No,No
100044,No,No
100045,No,No
100046,Yes,No
100047,Yes,No
100048,No,No
100049,No,No
100050,No,Yes
100051,Yes,No
100052,No,No
100053,No,No
100054,Yes, No
100055,Yes,No
100056,Yes,No
100057,No,No
100058,No,No
100059,No,Yes
100060,No,No
100061,Yes,No
100062,No,No
100063,No,No
100064,No,No
100065,No,No
100066,Yes,No
100067,No,No
100068,Yes,No
100069,Yes,No
100070,Yes,Yes
100071,No,Yes
100072,No,No
100073,Yes,No
100074,Yes,No
100075,Yes,Yes
100076,Yes,No
100077,No,No
100078,Yes,No
100079,Yes,No
100080,No,Yes
100081,Yes,No
100082,Y,No
100083,No,No
100084,No,Yes
100085,No,No
100086,No,Yes
100087,Yes,No
100088,No,No
100089,Yes,No
100090,No,No
100091,No,No
100092,No,No
100093,Yes,No
100094,No,No
100095,Yes,Yes
100096,No,No
100097,No,No
100098,No,No
100099,No,No
100100,Yes,No
100101,No,Yes
100102,Yes,No
100103,Yes,No
100104,Yes,No
100105,No,No
100106,No,No
100107,Yes,No
100108,No,No
100109,No,No
100110,No,No
100111,Yes,No
100112,No,No
100113,No,No
100114,Yes,No
100115,No,No
100116,No,No
100117,No,No
100118,Yes,No
100119,Yes,No
100120,Yes,No
100121,No,No
100122,Yes,No
100123,No,No
100124,No,No
100125,No,No
100126,Yes,No
100127,No,No
100128,No,No
100129,No,No
100130,Yes,No
100131,No,Yes
100132,No,No
100133,No,No
100134,No,No
100135,Yes,No
100136,Yes,No
100137,No,No
100138,Yes,No
100139,Yes,No
100140,No,No
100141,Yes,No
100142,Yes,No
100143,Yes,No
100144,No,No
100145,No,No
100146,Yes,No
100147,No,No
100148,Yes,No
100149,No,No
100150,No,No
100151,No,No
100152,No,No
100153,No,No
100154,No,No
100155,No,Yes
100156,No,No
100157,yes,No
100158,Yes,No
100159,Yes,Yes
100160,No,No
100161,Yes,No
100162,Yes,No
100163,No,No
100164,Yes,No
100165,Yes,No
100166,No,No
100167,No,No
100168,No,No
100169,Yes,No
100170,Yes,No
100171,Yes,No
100172,Yes,No
100173,No,Yes
100174,No,No
100175,No,No
100176,No,No
100177,No,Yes
100178,No,No
100179,No,No
100180,Yes,No
100181,Yes,No
100182,Yes,No
100183,No,No
100184,No,No
100185,No,No
100186,Yes,No
100187,Yes,No
100188,Yes,Yes
100189,No,No
100190,Yes,No
100191,No,No
100192,No,No
100193,Yes,No
100194,Yes,No
100195,No,No
100196,No,No
100197,Yes,No
100198,No,No
100199,No,No
100200,Yes,No
100201,Yes,No
100202,No,No
100203,Yes,No
100204,No,No
100205,No,No
100206,No,No
100207,No,No
100208,No,No
100209,No,No
100210,No,No
100211,No,Yes
100212,No,No
100213,No,No
100214,No,No
100215,No,No
100216,No,Yes
100217,Yes,No
100218,Yes,No
100219,Yes,Yes
100220,No,No
100221,Yes,Yes
100222,Yes,No
100223,nan,Yes
100224,Yes,No
100225,Yes,No
100226,No,No
100227,Yes,No
100228,No,Yes
100229,No,No
100230,No,No
100231,Yes,Yes
100232,No,No
100233,No, Ye
100234,Yes,No
100235,No,Yes
100236,Yes,No
100237,Yes,Yes
100238,Yes,No
100239,No,No
100240,No,No
100241,No,No
100242,No,No
100243,No,yes
100244,No,No
100245,No,No
100246,Yes,No
100247,No,No
100248,No,No
100249,Yes,Yes
100250,Yes,No
100251,Yes,No
100252,No,No
100253,Yes,No
100254,Yes,No
100255,Yes,No
100256,Yes,No
100257,Yes,No
100258,No,No
100259,Yes,No
100260,No,No
100261,No,No
100262,No,No
100263,No,No
100264,No,Yes
100265,Yes,No
100266,No,No
100267,No,No
100268,Yes,No
100269,No,No
100270,No,No
100271,No,No
100272,Yes,No
100273,No,No
100274,Yes,No
100275,Yes,No
100276,No,No
100277,Yes,No
100278,No,No
100279,No,No
100280,No,No
100281,No,No
100282,No,No
100283,No,Yes
100284,No,No
100285,No,No
100286,No,No
100287,Yes,No
100288,No,No
100289,Yes,No
100290,Yes,No
100291,No,No
100292,No,No
100293,No,No
100294,Yes,No
100295,no,No
100296,Yes,Yes
100297,No,No
100298,No,No
100299,Yes,Yes
100300,Yes,Yes
100301,Yes,Yes
100302,Yes,No
100303,No,No
100304,Yes,Yes
100305,No,No
100306,No,No
100307,Yes,No
100308,N,No
100309,No,No
100310,No,No
100311,Yes,No
100312,Yes,No
100313,No,Yes
100314,Yes,No
100315,No,No
100316,No,No
100317,No,No
100318,No,Yes
100319,Yes,No
100320,Yes,No
100321,No,No
100322,No,No
100323,Yes,Yes
100324,Yes,No
100325,Yes,No
100326,No,No
100327,No,No
100328,Yes,No
100329,No,No
100330,Yes,No
100331,No,No
100332,No,No
100333,No,No
100334,Yes,No
100335,No,No
100336,No,Yes
100337,No,No
100338,Yes,No
100339,No,No
100340,Yes,Yes
100341,No,No
100342,No,No
100343,Yes,No
100344,No,No
100345,No,No
100346,N,No
100347,Yes,No
100348,No,No
100349,No,Yes
100350,No,No
100351,Yes,No
100352,No,No
100353,No,No
100354,No,No
100355,No,No
100356,No,No
100357,No,No
100358,No,No
100359,Yes,No
100360,Yes,No
100361,Yes,No
100362,No,No
100363,Yes,Yes
100364,No,Yes
100365,Yes,No
100366,No,No
100367,Yes,No
100368,Yes,No
100369,Yes,No
100370,No,No
100371,Yes,No
100372, Ye,No
100373,No,Yes
100374,Yes,No
100375,No,Yes
100376,No,No
100377,No,No
100378,No,Yes
100379, Ye,Yes
100380,No,No
100381,No,Yes
100382,No,No
100383,No,No
100384,Yes,Yes
100385,No,No
100386,Yes,No
100387,No,No
100388,Yes,Yes
100389,Yes,Yes
100390,No,Yes
100391,Yes,No
100392,Yes,No
100393,Yes,Yes
100394,Yes,No
100395,No,No
100396,No,No
100397,No,No
100398,No,No
100399,Yes,No
100400,No,No
100401,No,No
100402,Yes,No
100403,No,No
100404,Yes,No
100405,Yes,No
100406,No,No
100407,Yes,No
100408,Yes,No
100409,Yes,No
100410,Yes,No
100411,Yes,No
100412,No,No
100413,Yes,Yes
100414,No,No
100415,No,Yes
100416,No,No
100417,Yes,No
100418,No,No
100419,No,No
100420,Yes,No
100421,No,No
100422,No,No
100423,No,No
100424,No,No
100425,Yes,Yes
100426,Y,No
100427,No,No
100428,No,Yes
100429,Yes,No
100430,No,Yes
100431,Yes,No
100432,No,No
100433,Yes,No
100434,No,No
100435,No,No
100436,No,No
100437,Yes,No
100438, No,N
100439,Yes,No
100440,No,No
100441,Yes,No
100442,No,Yes
100443,No,Yes
100444,No,Yes
100445,No,No
100446,Yes,No
100447,No,No
100448,No,No
100449,No,nan
100450,No,Yes
100451,No,No
100452,Yes,Yes
100453,No,No
100454,Yes,No
100455,Yes,Yes
100456,No,No
100457,No,No
100458,No,No
100459,No,No
100460,No,No
100461,No,No
100462,Yes,No
100463,No,Yes
100464,Yes,No
100465,No,No
100466,No,No
100467,yes,No
100468,No,No
100469,Yes,No
100470,Yes,No
100471,Yes,No
100472,No,No
100473,yes,Yes
100474,Yes,No
100475,No,No
100476,No,No
100477,No,No
100478,No,No
100479,No,No
100480,Yes,No
100481,No,No
100482,No,No
100483,Yes,No
100484,No,No
100485,No,No
100486,Yes,Yes
100487,Yes,No
100488,Yes,No
100489,Yes,No
100490,No,No
100491,Yes,No
100492,No,No
100493,No,No
100494,No,No
100495,Yes,No
100496,No,No
100497,No,No
100498,No,No
100499,No,No
100500,No,No
100501,No,No
100502,No,No
100503,No,No
100504,No,No
100505,No,Yes
100506,No,No
100507,No,No
100508,No,Yes
100509,Yes,No
100510,Yes,No
100511,No,No
100512,No,No
100513,No,No
100514,No,No
100515,No,No
100516,Yes,No
100517,No,No
100518,Yes,No
100519,No,No
100520,Yes,No
100521,Yes,No
100522,Yes,Yes
100523,No,No
100524,No,No
100525,No,No
100526,No,No
100527,Yes,No
100528,No,No
100529,yes,No
100530,No,No
100531,No,No
100532,Yes,No
100533,No,Yes
100534,No,No
100535,Yes,No
100536,No,N
100537,No,No
100538,Yes,No
100539,Yes,No
100540,No,No
100541,Yes,No
100542,No,No
100543,No,No
100544,No,No
100545,Yes,No
100546,Yes,No
100547,No,Yes
100548,Yes,Yes
100549,Yes,No
100550,No,No
100551,No,No
100552,Yes,No
100553,No,No
100554,Yes,No
100555,No,No
100556,Yes,No
100557,No,No
100558,No,No
100559,Yes,No
100560,No,Yes
100561,No,Yes
100562,No,Yes
100563,No,No
100564,Yes,No
100565,No,No
100566,No,No
100567,Yes,Yes
100568,Yes,No
100569,Yes,No
100570,No,No
100571,Yes,No
100572,Yes,No
100573,Yes,No
100574,No,No
100575,No,No
100576,Yes,Yes
100577,No,Yes
100578,No,No
100579,No,No
100580,Yes,No
100581,Yes,No
100582,Yes,No
100583,No,No
100584,No,No
100585,Yes,No
100586,Yes,No
100587,No,No
100588,Yes,Yes
100589,Yes,No
100590,No,Yes
100591,No,Yes
100592,Yes,No
100593,No,No
100594,No,No
100595,No,No
100596,No,No
100597,No,Yes
100598,Yes,No
100599,No,No
100600,No,Yes
100601,No,No
100602,No,No
100603,Yes,No
100604,Yes,No
100605,No,No
100606,No,No
100607,Yes,No
100608,Yes,No
100609,No,No
100610,Yes,No
100611,Yes,No
100612,Yes,No
100613,No, No
100614,No,No
100615,Yes,No
100616,No,No
100617,Yes,No
100618,No,Yes
100619,Yes,No
100620,No,No
100621,No,No
100622,No,No
100623,No,No
100624,No,No
100625,No,No
100626,Yes,No
100627,Yes,No
100628,Yes,No
100629,No,No
100630,Yes,Yes
100631,No,Yes
100632,Yes,No
100633,Yes,No
100634,No,No
100635,No,No
100636,No,No
100637,No,No
100638,No,No
100639,No,No
100640,No,no
100641,Yes,No
100642,Yes,Yes
100643,No,No
100644,No,Yes
100645,No,No
100646,No,No
100647,Yes,No
100648,Yes,No
100649,No,No
100650,Yes,No
100651,Yes,No
100652,No,No
100653,No,No
100654,No,No
100655,No,No
100656,No,Yes
100657,No,No
100658,Yes,No
100659,No,No
100660,No,No
100661,No,No
100662,Yes,No
100663,No,No
100664,Yes,No
100665,Yes,Yes
100666,No,No
100667,No,No
100668,No,No
100669,Yes,No
100670,Yes,No
100671,Yes,No
100672,No,No
100673,No,No
100674,No,No
100675,No,yes
100676,Yes,Yes
100677,No,No
100678,No,Yes
100679,No,No
100680,No,No
100681,No,No
100682,No,No
100683,No,No
100684,Yes,No
100685,Yes,No
100686,No,No
100687,No,No
100688,No, No
100689,Yes,No
100690,No,no
100691,No,No
100692,No,No
100693,Yes,No
100694,No,No
100695,Yes,Yes
100696,No,No
100697,No,Yes
100698,Yes,No
100699,No,No
100700,No,No
100701,No,No
100702,No,No
100703,Yes,No
100704,No,No
100705,No,Yes
100706,Yes,No
100707,No,No
100708,Yes,Yes
100709,No,Yes
100710,No,No
100711,No,No
100712,No,No
100713,No,No
100714,No,No
100715,No,nan
100716,Yes,No
100717,No,Yes
100718,No,No
100719,Yes,No
100720,Yes,No
100721,Yes,No
100722,No,No
100723,Yes,Yes
100724,Yes,No
100725,Yes,No
100726,No,No
100727,Yes,No
100728,No,Yes
100729,No,No
100730,No,No
100731,No,No
100732,Yes,Yes
100733,No,No
100734,No,No
100735,No,No
100736,Yes,No
100737,Yes,Yes
100738,No,No
100739,No,No
100740,No,No
100741,No,No
100742,Yes,No
100743,Yes,No
100744,Yes,Yes
100745,Yes,No
100746,Yes,No
100747,No,Yes
100748,Yes,No
100749,Yes,No
100750,Yes,Yes
100751,No,No
100752,Yes,No
100753,No,No
100754,No,No
100755,No,No
100756,No,No
100757,Yes,Yes
100758,Yes,No
100759,Yes,No
100760,Yes,No
100761,Yes,No
100762,No,No
100763,Yes,No
100764,No,No
100765,Yes,No
100766,No,No
100767,No,No
100768,No,No
100769,No,No
100770,No,Yes
100771,Yes,No
100772,Yes,No
100773,No,No
100774,No,No
100775,Yes,No
100776,No,No
100777,No,No
100778,No,No
100779,No,Yes
100780,Yes,No
100781,No,Yes
100782,Yes,No
100783,Yes,No
100784,Yes,No
100785,Yes,No
100786,No,No
100787,No,No
100788,No,No
100789,No,No
100790,No,No
100791,Yes,No
100792,Yes,No
100793,Yes,Yes
100794,Yes,No
100795,Yes,No
100796,No,No
100797,Yes,No
100798,Yes,No
100799,Yes,Yes
100800,Yes,No
100801,Yes,no
100802,Yes,Yes
100803,No,No
100804, Ye,No
100805,Yes,No
100806,No,No
100807,Yes,No
100808,No,No
100809,Yes,Yes
100810,No,No
100811,No,No
100812,Yes,No
100813,No,No
100814,No,Yes
100815,No,No
100816,No,No
100817,Yes,Yes
100818,No,No
100819,Yes,No
100820,Yes,No
100821,Yes,No
100822,Yes,No
100823,No,Yes
100824,No,No
100825,Yes,No
100826,Yes,No
100827,No,No
100828,Yes,No
100829,No,nan
100830,No,No
100831,No,No
100832,No,No
100833,Yes,No
100834,Yes,No
100835,Yes,No
100836,No,Yes
100837,Yes,Yes
100838,No,Yes
100839,Yes,No
100840,No,No
100841,Yes,No
100842,No,No
100843,Yes,No
100844,No,No
100845,No,No
100846,Yes,No
100847,No,No
100848,Yes,No
100849,Yes,No
100850,No,No
100851,No,No
100852,Yes,No
100853,No,Yes
100854,Yes,Yes
100855,No,No
100856, No,No
100857,No,No
100858,No,No
100859,No,No
100860,No,No
100861,No,Yes
100862,No,No
100863,Yes,No
100864,No,No
100865,No,No
100866,Yes,Yes
100867,No,No
100868,Yes,No
100869,Yes,No
100870,No,No
100871,No,No
100872,Yes,No
100873,Yes,No
100874,No,No
100875,No,No
100876,Yes,No
100877,Yes,No
100878,Yes,No
100879,No,No
100880,No,No
100881,No,No
100882,No,No
100883,No,No
100884,No,Yes
100885,No,No
100886,Yes,Yes
100887,No,No
100888,Yes,No
100889,Yes,No
100890,No,No
100891,No,No
100892,No,No
100893,No,No
100894,No,No
100895,Yes,No
100896,No,No
100897,Yes,No
100898,Yes,No
100899,No,No
100900,No,No
100901,No,No
100902,No,No
100903,Yes,No
100904,No,No
100905,No,No
100906,Yes,No
100907,No,No
100908,No,No
100909,Yes,No
100910,Yes,No
100911,No,No
100912,Yes,No
100913,Yes,No
100914,No,Yes
100915,No,No
100916,Yes,No
100917,No,No
100918,No,No
100919,No,No
100920,Yes,No
100921,No,Yes
100922,No,No
100923,No,No
100924,No,No
100925,No,No
100926,Yes,No
100927,No,No
100928,No,No
100929,nan,Yes
100930,Yes,No
100931,Yes,Yes
100932,No,No
100933,No,No
100934,No,No
100935,No,nan
100936,No,No
100937,Yes,No
100938,No,No
100939,No,No
100940,No,No
100941,No,No
100942,No,No
100943,No,No
100944,No,No
100945,Yes,No
100946,Yes,No
100947,No,No
100948,No,No
100949,Yes,No
100950,No,No
100951,Yes,No
100952,No,No
100953,No,No
100954,No,No
100955,No,No
100956,No,No
100957,No,No
100958,Yes,No
100959,No,No
100960,Yes,No
100961,No,No
100962,Yes,No
100963,yes,No
100964,Yes,No
100965,Yes,Yes
100966,No,No
100967,Yes,No
100968,No,No
100969,Yes,No
100970,No,No
100971,No,No
100972,Yes,nan
100973,No,No
100974,No,No
100975,No,No
100976,No,No
100977,Yes,No
100978,No,No
100979,Yes,Yes
100980,No,No
100981,No,No
100982,No,No
100983,No,No
100984,No,No
100985,No,No
100986,No,No
100987,No,No
100988,Yes,No
100989,No,Yes
100990,No,No
100991,Yes,No
100992,Yes,No
100993,No,Yes
100994,No,No
100995,No,No
100996,Yes,No
100997,No,No
100998,Yes,No
100999,No,No
101000,Yes,No
101001,No,No
101002,Yes,No
101003,Yes,no
101004,No,No
101005,no,No
101006,No,No
101007,No,No
101008,Yes,No
101009,Yes,No
101010,Yes,No
101011,Yes,No
101012,Yes,No
101013,No,No
101014,Yes,No
101015,Yes,No
101016,No,Yes
101017,No,No
101018,Yes,No
101019,No,No
101020,No,Yes
101021,No,No
101022,No,No
101023,No,Yes
101024,No,Yes
101025,No,No
101026,Yes,No
101027,No,No
101028,Yes,No
101029,Yes,Yes
101030,No,No
101031,No,No
101032,No,No
101033,No,No
101034,No,No
101035,Yes,No
101036,Yes,Yes
101037,Yes,Yes
101038,No,No
101039,No,No
101040,No,No
101041,Yes,No
101042,No,No
101043, No,Yes
101044,No,No
101045,No,No
101046,No,No
101047,No,No
101048,No,No
101049,Yes,Yes
101050,No,No
101051,Yes,No
101052,No, No
101053,No,No
101054,Yes,Yes
101055,No,Yes
101056,No,No
101057,No,No
101058,No,No
101059,No,No
101060,No,No
101061,Yes,No
101062,No,No
101063,Yes,No
101064,No,No
101065,Yes,No
101066,No,No
101067,No,No
101068,No,No
101069,No,Yes
101070,No,No
101071,No,Yes
101072,Yes,No
101073,No,No
101074,No,No
101075,No,No
101076,Yes,No
101077,No,No
101078,No,No
101079,Yes,No
101080,No,No
101081,Yes,Yes
101082,No,No
101083,Yes,No
101084,No,No
101085,No,No
101086,Yes,No
101087,Yes,Yes
101088,Yes,No
101089,Yes,No
101090,No, No
101091,No,Yes
101092,No,Yes
101093,Yes,No
101094,No,No
101095,Yes,Yes
101096,No,No
101097,No,No
101098,Yes,No
101099,No,No
101100,No,Yes
101101,No,No
101102,Yes,No
101103,Yes,No
101104,No,No
101105,No,Yes
101106,No,No
101107,Yes,Yes
101108,Yes,No
101109,No,No
101110,Yes,No
101111,Yes,No
101112,No,No
101113,Yes,No
101114,No,No
101115,No,No
101116,Yes,Yes
101117,Yes,No
101118,Yes,No
101119,No,No
101120,Yes,No
101121,Y,No
101122,Yes,No
101123,No,No
101124,No,No
101125,No,No
101126,No,No
101127,No,No
101128,No,No
101129,No,No
101130,Yes,Yes
101131,No,No
101132,No,No
101133,No,No
101134,No,No
101135,No,No
101136,No,No
101137,No,No
101138,No,No
101139,Yes,No
101140,No,No
101141,Yes,No
101142,Yes,No
101143,No,No
101144,Yes,No
101145,Yes,No
101146,Yes,Yes
101147,Yes,Yes
101148,No,No
101149,No,Yes
101150,No,No
101151,No,No
101152,No,Yes
101153,No,No
101154,Yes,No
101155,Yes,No
101156,No,No
101157,Yes,Yes
101158,No,No
101159,Yes,Yes
101160,Yes,No
101161,Yes,No
101162,No,No
101163,No,No
101164,Yes,No
101165,Yes,No
101166,Yes,No
101167,No,No
101168,Yes,No
101169,No,No
101170,No,No
101171,Y,Yes
101172,No,No
101173,No,No
101174,No,No
101175,No,Yes
101176,No,No
101177,No,No
101178,Yes,Yes
101179,No,No
101180,No,No
101181,No,No
101182,No,Yes
101183,Yes,Yes
101184,No,No
101185,No,No
101186,Yes,No
101187,No,No
101188,Yes,No
101189,Yes,No
101190,Yes,No
101191,No,No
101192,No,No
101193,No,No
101194,No,No
101195,No,No
101196,Yes,No
101197,Yes,Yes
101198,Yes,No
101199,Yes,No
101200,No,Yes
101201,No,No
101202,Yes,No
101203,No,No
101204,Yes,No
101205,Yes,No
101206,Yes,No
101207,No,Yes
101208,No,No
101209,No,No
101210,No,No
101211,No,No
101212,No,No
101213,Yes,No
101214,No,No
101215,Yes,Yes
101216,No,No
101217,No,No
101218,No,No
101219,No,No
101220,No,No
101221,No,No
101222,No,No
101223,No,No
101224,No,No
101225,No,No
101226,Yes,No
101227,No,No
101228,Yes,No
101229,No,No
101230,No,No
101231,No,No
101232,No,No
101233,No,No
101234,No,No
101235,No,No
101236,Yes,No
101237,N,No
101238,Yes,Yes
101239,No,No
101240,No,No
101241,No,No
101242,Yes,No
101243,No,No
101244,No,No
101245,Yes,No
101246,No,No
101247,No,No
101248,Yes,No
101249,No,No
101250,Yes,Yes
101251,No,No
101252,No,No
101253,No,Yes
101254,Yes,No
101255,Yes,No
101256,No,Yes
101257,No,No
101258,No,No
101259,No,Yes
101260,Yes,No
101261,Yes,No
101262,No,No
101263,Yes,No
101264,No,No
101265,No,Yes
101266,Yes,Yes
101267,No, No
101268,Yes,No
101269,Yes,No
101270,No,No
101271,No,No
101272,No,No
101273,No,Yes
101274,No,No
101275,No,No
101276,No,No
101277,No,No
101278,Yes,No
101279,No,No
101280,No,No
101281,No,No
101282,Yes,Yes
101283,Yes,No
101284,No,No
101285,Yes,No
101286,No,No
101287,No,Yes
101288,Yes,No
101289,No,No
101290,No,No
101291,Yes,Yes
101292,No,No
101293,Yes,No
101294,No,No
101295,No,nan
101296,Yes,No
101297,Yes,No
101298,No,No
101299,No,No
101300,No,No
101301,No,No
101302,No,No
101303,Yes,No
101304,No,No
101305,No,No
101306,No,No
101307,Yes,Yes
101308,No,No
101309,No, No
101310,No,No
101311,No,No
101312,Yes,No
101313,Yes,No
101314,Yes,Yes
101315,No,Yes
101316,Yes,No
101317,No,No
101318,Yes,yes
101319,Yes,No
101320,No,Yes
101321,Yes,Yes
101322,Yes,No
101323,No, No
101324,No,No
101325,No,No
101326,No,No
101327,No,No
101328,No,No
101329,Yes,No
101330,No,No
101331,No,Yes
101332,no,Yes
101333,Yes,No
101334,No,No
101335,No,No
101336,No,No
101337,No,No
101338,No,No
101339,No,Yes
101340,Yes,No
101341,No,No
101342,No,No
101343,Yes,No
101344,Yes,No
101345,No,No
101346,Yes,No
101347,No,Yes
101348,No,No
101349,No,No
101350,Yes,No
101351,Yes,No
101352,No,No
101353,Yes,No
101354,No,No
101355,N,No
101356,No,No
101357,Yes,No
101358,No,No
101359,Yes,Yes
101360,No,No
101361,No,No
101362,No,No
101363,Yes,No
101364,Yes,No
101365,Yes,No
101366,No,No
101367,Yes,No
101368,No,Yes
101369,No,No
101370,No,Yes
101371,Yes,Yes
101372,No,No
101373,No,No
101374,Yes,Yes
101375,No,No
101376,No,Yes
101377,Yes,No
101378,Yes,No
101379,No,No
101380,No,No
101381,Yes,No
101382,No,No
101383,No,No
101384,Yes,No
101385,No,No
101386,Yes,No
101387,Yes,No
101388,Yes,No
101389,Yes,No
101390,No,No
101391,No,No
101392,No,No
101393,No,No
101394,No,No
101395,Yes,No
101396,No,No
101397,Yes,No
101398,Yes,No
101399,No,No
101400,Yes,No
101401,No,No
101402,No,No
101403,No,No
101404,No,No
101405,Yes,No
101406,No,No
101407,nan,No
101408,Yes,No
101409,Yes,No
101410,No,No
101411,Yes,No
101412,Yes,No
101413,No,No
101414,No,No
101415,No,No
101416,Yes,No
101417,Yes,No
101418,Yes,No
101419,No,No
101420,Yes,No
101421,No,nan
101422,No,No
101423,No,Yes
101424,No,No
101425,No,No
101426,No,No
101427,No,No
101428,Yes,No
101429,No,No
101430,No,No
101431,Yes,No
101432,No,Yes
101433,No,Yes
101434,No,No
101435,Yes,No
101436,Yes,No
101437,N,No
101438,Yes,Yes
101439,No,No
101440,Yes,Yes
101441,Yes,No
101442,No,No
101443,Yes,No
101444,No,No
101445,No,No
101446,Yes,No
101447,No,Yes
101448,No,No
101449,Yes,No
101450,Yes,Yes
101451,No,No
101452,No,No
101453,No,No
101454,Yes,No
101455,No,Yes
101456,No,No
101457,N,Yes
101458,No,No
101459,Yes,No
101460,Yes,No
101461,N,No
101462,Yes,No
101463,No,No
101464,No,No
101465,No,No
101466,No,No
101467,Yes,No
101468,No,No
101469,No,No
101470,No,Yes
101471,No,No
101472,No,No
101473,No,No
101474,Yes,No
101475,No,No
101476,No,No
101477,Yes,No
101478, Ye,No
101479,No,No
101480,No,No
101481,Yes,No
101482,No,No
101483,Yes,Yes
101484,Yes,No
101485,Yes,No
101486,Yes,No
101487, No,No
101488,Yes,No
101489,No,No
101490,No,No
101491,Yes,Yes
101492,Yes,No
101493,No,No
101494,No,Yes
101495,Yes,No
101496,Yes,Yes
101497,Yes,Yes
101498,N,No
101499,No,No
101500,No,No
101501,No,No
101502,Yes,No
101503,No,No
101504,No,No
101505,No,No
101506,Yes,No
101507,Yes,No
101508,Yes,No
101509,Yes,No
101510,No,No
101511,No,No
101512,No,No
101513,No,Yes
101514,No,No
101515,No, No
101516,No,No
101517,Yes,No
101518,No,No
101519,Yes,No
101520,Yes,Yes
101521,No,N
101522,No,No
101523,No,No
101524,No,No
101525,Yes,No
101526,No,No
101527,No,No
101528,No,No
101529,No,No
101530,Yes,No
101531,No,Yes
101532,No,No
101533,Yes,Yes
101534,Yes,No
101535,No,No
101536,Yes,No
101537,No,No
101538,Yes,No
101539,No,No
101540,No,No
101541,No,No
101542, No,Yes
101543,Yes,No
101544,Yes,Yes
101545,Yes,No
101546,No,Yes
101547,Yes,Yes
101548,Yes,Yes
101549,No,No
101550,Yes,No
101551,No,No
101552,Yes,No
101553,Yes,No
101554,No,No
101555,No,No
101556,No,No
101557,Yes,Yes
101558,Yes,No
101559,No,No
101560,Yes,Yes
101561,Yes,No
101562,No,No
101563,No,No
101564,No,No
101565,Yes,No
101566,Yes,No
101567,Yes,No
101568,No,No
101569,No,No
101570,Yes,No
101571,No,No
101572,Yes,No
101573,No,No
101574,No,No
101575,Yes,Yes
101576,No,No
101577,No,No
101578,Yes,Yes
101579,No,No
101580,Yes,No
101581,No,No
101582,Yes,No
101583,No,No
101584,No,No
101585,Yes,No
101586,Yes,No
101587,Yes,No
101588,No,No
101589,Yes,Yes
101590,Yes,No
101591,No,No
101592,Yes,Yes
101593,No,Yes
101594,No,No
101595,Yes,No
101596,Yes,Yes
101597,No,No
101598,No,No
101599,No,No
101600,Yes,No
101601,No,No
101602,Yes,Yes
101603,Yes,Yes
101604,No,Yes
101605,No,Yes
101606,Yes,No
101607,Yes,No
101608,Yes,No
101609,Yes,No
101610,No,No
101611,No,Yes
101612,No,No
101613,No,No
101614,Yes,Yes
101615,No,No
101616,Yes,Yes
101617,No,No
101618,No,No
101619,No,No
101620,No,No
101621,Yes,No
101622,No,No
101623,No, No
101624,Yes,No
101625,No,No
101626,Yes,No
101627,No,No
101628,No,No
101629,yes,No
101630,No,No
101631,No,No
101632,Yes,No
101633,No,No
101634,Yes,Yes
101635,No,No
101636,Yes,No
101637,Yes, No
101638,Yes,Yes
101639,No,No
101640,No,No
101641,No,No
101642,Yes,No
101643,Yes,No
101644,No,No
101645,No,No
101646,No,No
101647,No,No
101648,Yes,No
101649,Yes,No
101650,Yes,Yes
101651,No,No
101652,Yes,No
101653,No,No
101654,No,No
101655,Yes,No
101656,No,No
101657,No,Yes
101658,No,Yes
101659,No,No
101660,Yes,No
101661,No,No
101662,Yes,No
101663,Yes,No
101664,No,No
101665,Yes,No
101666,No,No
101667,No,N
101668,No,Yes
101669,No,No
101670,No,No
101671,No,No
101672,No,No
101673,No,No
101674,No,Yes
101675,No,No
101676,No,No
101677,No,Yes
101678,Yes,No
101679,Yes,No
101680,No,No
101681,Yes,No
101682,No,No
101683,No,No
101684,Yes,No
101685,Yes,Yes
101686,No,No
101687,No,No
101688,No,No
101689,Yes,No
101690,No,No
101691,No,No
101692,Yes,No
101693,Yes,No
101694,No,Yes
101695,No,No
101696,Yes,No
101697,Yes,No
101698,Yes,Yes
101699,Yes,Yes
101700,No,No
101701,No,No
101702,No,No
101703,Yes,No
101704,Yes,No
101705,Yes,No
101706,No,No
101707,yes,Yes
101708,Yes,Yes
101709,No,No
101710,No,No
101711,Yes,No
101712,No,No
101713,No,No
101714,No,No
101715,No,No
101716,Yes,No
101717,No,No
101718,No,No
101719,No,No
101720,No,No
101721,No,No
101722,Yes,no
101723,No,No
101724,Yes,No
101725,No,No
101726,No,No
101727,No,No
101728,Yes,No
101729,No,No
101730,Yes,No
101731,Yes,No
101732,Yes,No
101733,No,No
101734,No,No
101735,No,No
101736,No,No
101737,Yes,No
101738,Yes,Yes
101739,Yes,No
101740,No,No
101741,Yes,No
101742,Yes,No
101743,No,No
101744,Yes,Yes
101745,Yes,No
101746,No,No
101747,No,No
101748,No,No
101749,No,No
101750,No,No
101751,No,No
101752,No,No
101753,No,No
101754,Yes,No
101755,Yes,No
101756,No,No
101757,Yes,Yes
101758,No,Yes
101759,Yes,Yes
101760,Yes,No
101761,No,No
101762,No,No
101763,Yes,No
101764,Yes,No
101765,Yes,No
101766,No,No
101767,No,No
101768,Yes,No
101769,No,No
101770,No,No
101771,Yes,No
101772,No,No
101773,Yes,No
101774,No,No
101775,No,No
101776,Yes,No
101777,No,No
101778,yes,No
101779,No,Yes
101780,Yes,No
101781,No,No
101782,No,No
101783,Yes,No
101784,Yes,Yes
101785,Yes,No
101786,No,Yes
101787,No, Ye
101788,No,No
101789,No,No
101790,No,Yes
101791,Yes,No
101792,No,No
101793,Yes,Yes
101794,Yes,No
101795,No,No
101796,Yes,No
101797,No,No
101798,No,No
101799,No,No
101800,No,No
101801,No,No
101802,No,No
101803,No,No
101804,No,No
101805,Yes,Yes
101806,No,No
101807,Yes,No
101808,No,No
101809,No,No
101810,No,No
101811,No,Yes
101812,No,No
101813, No,No
101814,Yes,No
101815,No,No
101816,Yes,No
101817,Yes,No
101818,Yes,No
101819,No,No
101820,No,No
101821,Yes,No
101822,No,No
101823,No,No
101824,No,No
101825,Yes,Yes
101826,No,No
101827,No,No
101828,Yes,No
101829,No,No
101830,No,No
101831,No,No
101832,No,No
101833,Yes,Yes
101834,Yes,No
101835,No,No
101836,No,No
101837,Yes,Yes
101838,Yes,Yes
101839,No,No
101840,No,No
101841,Yes,No
101842,Yes,No
101843,Yes,Yes
101844,Yes,No
101845,Yes,Yes
101846,No,No
101847,Yes,No
101848,Yes,No
101849,No,No
101850,No,Yes
101851,Yes,No
101852,Yes,Yes
101853,Yes,No
101854,Yes,No
101855,No,No
101856,No,No
101857,Yes,No
101858,No,No
101859,No,No
101860,No,No
101861,Yes,Yes
101862,Yes,No
101863,No,No
101864,No,Yes
101865,No,No
101866,No,No
101867,No,No
101868,No,No
101869,No,No
101870,Yes,No
101871,Yes,Yes
101872,No,No
101873,Yes,No
101874,Yes,Yes
101875,Yes,Yes
101876,No,Yes
101877,Yes,Yes
101878,Yes,No
101879,No,No
101880,No,No
101881,Yes,No
101882,No,No
101883,No,No
101884,No,No
101885,Yes,No
101886,Yes,No
101887,No,No
101888,No,No
101889,No,No
101890,No,No
101891,No,Yes
101892,No,No
101893,No,No
101894,No,No
101895,No,No
101896,No,No
101897,No,No
101898,Yes,No
101899,Yes,No
101900,No,No
101901,No,No
101902,Yes,No
101903,No,No
101904,No,No
101905,Yes,No
101906,Yes,No
101907,No,No
101908,No,No
101909,Yes,No
101910,No,No
101911,Yes,Yes
101912,No,No
101913,No,No
101914,No,Yes
101915,No,No
101916,Yes,Yes
101917,No,No
101918,No,No
101919,No,No
101920,No,Yes
101921,Yes,Yes
101922,No,No
101923,Yes,No
101924,Yes,Yes
101925,No,No
101926,Yes,no
101927,No,No
101928,No,No
101929,No,No
101930,No,N
101931,No,No
101932,No,No
101933,No,No
101934,No,No
101935,No,No
101936,Yes,No
101937,No,Yes
101938,No,No
101939,No,No
101940,Yes,No
101941,No,No
101942,No,No
101943,No,No
101944,No,No
101945,Yes,No
101946,Yes,No
101947,No,No
101948,No,Yes
101949,Yes,No
101950,No,No
101951,Yes,No
101952,No,No
101953,No,No
101954,Yes,No
101955,No,No
101956,Yes,Yes
101957,Yes,No
101958,No,Yes
101959,Yes,No
101960,No,No
101961,Yes,Yes
101962,No,No
101963,No,No
101964,No,No
101965,Yes,No
101966,Yes,No
101967,Yes,Yes
101968,No,No
101969,No,No
101970,Yes,No
101971,No,No
101972,Yes,No
101973,No,No
101974,Yes,No
101975,No,No
101976,Yes,No
101977,No,No
101978,Yes,No
101979,No,No
101980,Yes,No
101981,No,No
101982,Yes,No
101983,No,No
101984,Yes,No
101985,No,No
101986,Yes,Yes
101987,No,No
101988,No,No
101989,Yes,No
101990,Yes,Yes
101991,Yes,No
101992,No,No
101993,No,Yes
101994,No,No
101995,Yes,Yes
101996,No, No
101997,No,Yes
101998,Yes,No
101999,No,No
102000,No,No
102001, Ye,No
102002,No,No
102003,No,No
102004,Yes,Yes
102005,Yes,No
102006,Yes,No
102007,No,No
102008,No,Yes
102009,No,No
102010,Yes,Yes
102011,No,Yes
102012,No,No
102013,Yes,No
102014,No,Yes
102015,No,Yes
102016,No,No
102017,No,No
102018,No,No
102019,Yes,No
102020,Yes,No
102021,Yes,No
102022,Yes,No
102023,Yes,No
102024,No,Yes
102025,No,No
102026,No,No
102027,No,No
102028,Yes,No
102029,Yes,No
102030,No,No
102031,Yes,No
102032,Yes,No
102033,No,Yes
102034,No,No
102035,No,No
102036,no,No
102037,No,No
102038,Yes,No
102039,Yes,No
102040,Yes,No
102041,Yes,No
102042,No,No
102043,No,No
102044,Yes,no
102045,No,No
102046,Yes,No
102047,No,No
102048,Yes,Yes
102049,Yes,No
102050,No,No
102051,No,No
102052,No,No
102053,No,Yes
102054,No,No
102055,Yes,No
102056,No,Yes
102057,Yes,No
102058,No,No
102059,No,No
102060,Yes,No
102061,No,Yes
102062,Yes,No
102063,Yes,No
102064,No,No
102065,Yes,Yes
102066,No,Yes
102067,No,No
102068,Yes,No
102069,Yes,No
102070,Yes,No
102071,No,No
102072,No,No
102073,Yes,No
102074,No,Yes
102075,No,No
102076,No,No
102077,No,No
102078,No,No
102079,No,No
102080,No,No
102081,No,No
102082,No,No
102083,No,No
102084,No,No
102085,No,No
102086,No,No
102087,Yes,No
102088,Yes,No
102089,Yes,Yes
102090,Yes,No
102091,No,No
102092,No,No
102093,Yes,No
102094,Yes,No
102095,Yes,No
102096,No,No
102097,No,No
102098,No,No
102099,No,No
102100,Yes,No
102101,No,No
102102,No,No
102103,No,Yes
102104,Yes,Yes
102105,No,No
102106,Yes,No
102107,Yes,No
102108,No,No
102109,No,No
102110,No,No
102111,No,No
102112,Yes,No
102113,No,No
102114,Yes,Yes
102115,No,Yes
102116,No,No
102117,No,No
102118,Yes,No
102119,No,No
102120,Yes,No
102121,No,No
102122,Yes,No
102123,Yes,No
102124,No,Yes
102125,Yes,No
102126,Yes,Yes
102127,No,No
102128,No,Yes
102129,No,No
102130,No,No
102131,Yes,No
102132,No,No
102133,No,no
102134,Yes,No
102135,No,No
102136,No,No
102137,Yes,No
102138,No,No
102139,No,No
102140,Yes,Yes
102141,No,No
102142,Yes,Yes
102143,Yes,No
102144,No,No
102145,No,No
102146,Yes,No
102147,No,No
102148,No,No
102149,Yes,No
102150,No,No
102151,No,No
102152,Yes,Yes
102153,No,No
102154,Yes,No
102155,No,No
102156,No,No
102157,No,No
102158,No,No
102159,No,No
102160,Yes,No
102161,No,No
102162,Yes,No
102163,Yes,No
102164,No,No
102165,Yes,No
102166,No,No
102167,Yes,Yes
102168,Yes,No
102169,Yes,No
102170,No,No
102171,No,No
102172,No,Yes
102173,Yes,No
102174,No,Yes
102175,Yes,Yes
102176,Yes,No
102177,No,No
102178,No,No
102179,Yes,No
102180,No,No
102181,No,No
102182,Yes,No
102183,Yes,No
102184,No,No
102185,No,No
102186,No,No
102187,No,No
102188,No,No
102189,No,No
102190,No,No
102191,Yes,Yes
102192,No,No
102193,No,Yes
102194,No,No
102195,No,No
102196,Yes,No
102197,Yes,No
102198,Yes,No
102199,No,No
102200,No,No
102201,No,No
102202,Yes,No
102203,No,No
102204,No,No
102205,No,No
102206,No,No
102207,Yes,Yes
102208,Yes,No
102209,No,No
102210,Yes,No
102211,No,No
102212,No,No
102213,Yes,Yes
102214,No,No
102215,Yes,No
102216,No,No
102217,Yes,Yes
102218,No,No
102219,No,No
102220,No,No
102221,No,No
102222,No,No
102223,Yes,No
102224,No,No
102225,Yes,Yes
102226,No,No
102227,No,No
102228,No,No
102229,No,No
102230,No,No
102231,No,No
102232,No,Yes
102233,Yes,No
102234,No,No
102235,Yes,No
102236,No,Yes
102237,No,No
102238,No,nan
102239,Yes,No
102240,Yes,Yes
102241,No,No
102242,No,No
102243,No,Yes
102244,No,No
102245,No,No
102246,Yes,No
102247,Yes,No
102248,No,No
102249,Yes,No
102250,Yes,No
102251,Yes,No
102252,Yes,No
102253,Yes,No
102254,Yes,No
102255,No,No
102256,No,No
102257,No,No
102258,Yes,Yes
102259,Yes,No
102260,Yes,No
102261,Yes,No
102262,No,No
102263,No,Yes
102264,Yes,No
102265,No,No
102266,No,No
102267,No,No
102268,No,No
102269,Yes,No
102270,No,No
102271,Yes,No
102272,No,No
102273,No,Yes
102274,No,No
102275,No,No
102276,No,No
102277,Yes,No
102278,No,No
102279,Yes,No
102280,No,No
102281,Yes,No
102282,Yes,Yes
102283,No,No
102284,No,No
102285,Yes,No
102286,No,No
102287,Yes,No
102288,No,No
102289,No,No
102290,Yes,No
102291,Yes,No
102292,Yes,No
102293,Yes,No
102294,No,No
102295,Yes,No
102296,Yes,No
102297,Yes,No
102298,No,No
102299,No,No
102300,No,No
102301,No,No
102302,Yes,No
102303,Yes,No
102304,No,Yes
102305,Yes,No
102306,No,No
102307,Yes,No
102308,No,No
102309,No,No
102310,No,No
102311,No,No
102312,Yes,No
102313,No,No
102314,Yes,No
102315,Yes,Yes
102316,Yes,No
102317,Yes,No
102318,No,No
102319,No,No
102320,No,Yes
102321,No,No
102322,No,No
102323,No,No
102324,Yes,No
102325,No,No
102326,Yes,No
102327,Yes,No
102328,Yes,No
102329,Yes,Yes
102330,Yes,No
102331,No,No
102332,Yes,Yes
102333,No,No
102334,No,Yes
102335,No,No
102336,No,No
102337,No,No
102338,No,No
102339,No,No
102340,Yes,No
102341,Yes,No
102342,Yes,No
102343,No,No
102344,No,No
102345,No,No
102346,Yes,No
102347,Yes,No
102348,Yes,Yes
102349,No,No
102350,No,No
102351,Yes,No
102352,No,No
102353,Yes,No
102354,No,No
102355,Yes,No
102356,No,No
102357,Yes,No
102358,Yes,Yes
102359,No,No
102360,Y,No
102361,No,No
102362,No,No
102363,Yes,Yes
102364,No,No
102365,No,No
102366,No,No
102367,No,No
102368,No,No
102369,No,No
102370,Yes,No
102371,No,No
102372,No,No
102373,No,No
102374,No,No
102375,Yes,Yes
102376,Yes,No
102377,No, No
102378,No,No
102379,Yes,No
102380,Yes,No
102381,No,No
102382,No,No
102383,No,No
102384,Yes,No
102385,Yes,No
102386,No,No
102387,No,No
102388,Yes,No
102389, Ye,Yes
102390,No,No
102391,Yes,No
102392,No,Yes
102393,Yes,No
102394,Yes,N
102395,No,Yes
102396,No,No
102397,No,No
102398,No,No
102399,Yes,Yes
102400,No,No
102401,No,No
102402,No,No
102403,No,No
102404,Yes,No
102405,No,Yes
102406,No,No
102407,No,No
102408,No,No
102409,No,No
102410,No,Yes
102411,Yes,Yes
102412,No,No
102413,Yes,No
102414,Yes,Yes
102415,No,No
102416,No,No
102417,No,No
102418,Yes,No
102419,Yes,Yes
102420,No,No
102421,No,No
102422,No,No
102423,No,No
102424,No,No
102425,nan,No
102426,Yes,No
102427,No,No
102428,No,No
102429,Yes,No
102430,Yes,No
102431,Yes,Yes
102432,No,No
102433,Yes,Yes
102434,No,No
102435,No,No
102436,Yes,No
102437,No,No
102438,No,No
102439,No,No
102440,No,No
102441,Yes,Yes
102442,Yes,No
102443,Yes,No
102444,Yes,No
102445,Yes,No
102446,Yes,No
102447,Yes,No
102448,No,No
102449,No,No
102450,No,No
102451,Yes,No
102452,Yes,No
102453,No,No
102454,No,No
102455,Yes,Yes
102456,No,No
102457,No,No
102458,Yes,No
102459,No,No
102460,Yes,No
102461,No,No
102462,Yes,Yes
102463,Yes,Yes
102464,No,No
102465,No,No
102466,Yes,No
102467,No,No
102468,No,No
102469,Yes,No
102470,No,No
102471,Yes,No
102472,Yes,No
102473,No,No
102474,Yes,No
102475,Yes,No
102476,Yes,No
102477,Yes,No
102478,Yes,No
102479,No,No
102480,No,No
102481,No,Yes
102482,No,No
102483, No,No
102484,No,No
102485,No,No
102486,No,No
102487,No,No
102488,Yes,No
102489,Yes,No
102490,Yes,No
102491,Yes,Yes
102492,No,No
102493,Yes,No
102494,No,No
102495,Yes,No
102496,No,Yes
102497,Yes,No
102498,No,Yes
102499,No,No
102500,Yes,No
102501,No,No
102502,No,No
102503,No,No
102504,Yes,No
102505,No,No
102506,Yes,No
102507,No,No
102508,No,Yes
102509,No,Yes
102510,Yes,No
102511,No,No
102512,No,Yes
102513,No,No
102514,No,N
102515,No,Yes
102516,Yes,Yes
102517,No,Yes
102518,No,Yes
102519,Yes,No
102520,Yes,Yes
102521,no,No
102522,Yes,Yes
102523,No,No
102524,No,No
102525,Yes,No
102526,No,No
102527,No,Yes
102528,No,No
102529,No,No
102530,No,No
102531,No,No
102532,No,No
102533,No,No
102534,No,No
102535,No,No
102536,Yes,No
102537,Yes,No
102538,Yes,No
102539,No,No
102540,Yes,No
102541,No,No
102542,Yes,No
102543,No,Yes
102544,No,No
102545,No,No
102546,No,No
102547,No,No
102548,No,No
102549,No,No
102550,Yes,No
102551,Yes,Yes
102552,No,No
102553,No,No
102554,No,No
102555,No,No
102556,Yes,Yes
102557,Yes,No
102558,No,No
102559, Ye,No
102560,Yes,No
102561,Yes,No
102562,No,No
102563,No,No
102564,Yes,No
102565,No,No
102566,No,No
102567,No,No
102568,No,No
102569,Yes,No
102570,Yes,No
102571,No,Yes
102572,Yes,Yes
102573,Yes,No
102574,No,No
102575,Yes,No
102576,No,No
102577,No,No
102578,No,No
102579,No,No
102580,No,No
102581,Yes,No
102582,No,No
102583,Yes,Yes
102584,Yes,Yes
102585,No,No
102586,Yes,No
102587,No,No
102588,Yes,No
102589,No,Yes
102590,Yes,No
102591,Yes,No
102592,No,No
102593,No,No
102594,No,No
102595,No,No
102596,Yes,No
102597,Y,No
102598,No,No
102599,No,No
102600,No,No
102601,Yes,No
102602,Yes,No
102603,Yes,No
102604,Yes,No
102605,Yes,No
102606,Yes,No
102607,No,No
102608,Yes,No
102609,N,No
102610,No,Yes
102611,No,No
102612,No,No
102613,No,Yes
102614,Yes,No
102615,Yes,No
102616,Yes,No
102617,No,No
102618,No,No
102619,No,No
102620,Yes,No
102621,No,No
102622,Yes,Yes
102623,No,Yes
102624,Yes,No
102625,No,No
102626,No,Yes
102627,No,No
102628,Yes,Yes
102629, No,No
102630,Yes,No
102631,Yes,No
102632,Yes,No
102633,No,No
102634,Yes,No
102635,Yes,No
102636,No,No
102637,No,No
102638,Yes,Yes
102639,Yes,No
102640,No,No
102641,No,No
102642,No,No
102643,No,No
102644,Yes,Yes
102645,No,No
102646,No,No
102647,No,Yes
102648,No,No
102649,Yes,Yes
102650,Yes,No
102651,No,No
102652,No,No
102653,No,No
102654,Yes,No
102655,Yes,No
102656,No,No
102657,No,No
102658,No,No
102659,No,No
102660,N,No
102661,No,No
102662,No,No
102663,No,No
102664,No,No
102665,No,No
102666,Yes,No
102667,Yes,Yes
102668,No,No
102669,No,No
102670,Yes,No
102671,No,No
102672,Yes,No
102673,No,No
102674,No,No
102675,No,No
102676,Yes,No
102677,Yes,No
102678,No,No
102679,No,No
102680,No,No
102681,No,No
102682,Yes,No
102683,No,No
102684,No,No
102685,No,Yes
102686,No,No
102687,Yes,No
102688,No,No
102689,No,No
102690,No,No
102691,Yes,No
102692,Yes,No
102693,No,No
102694,No,No
102695,Yes,No
102696,Yes,No
102697,No,No
102698,No,No
102699,Yes,Yes
102700,Yes,No
102701,Yes,No
102702,No,No
102703,Yes,No
102704,Yes,No
102705,No,No
102706,Yes,Yes
102707,No,No
102708,No,No
102709,Yes,No
102710,No,No
102711,Yes,No
102712,Yes,No
102713,Yes,No
102714,No,No
102715,Yes,No
102716,Yes,No
102717,No,No
102718,Yes,No
102719,Yes,No
102720,Yes,No
102721,No,No
102722,No,No
102723,Yes,Yes
102724,Yes,Yes
102725,Yes,No
102726,No,No
102727,Yes,No
102728,No,No
102729,No,No
102730,Yes,No
102731,Yes,No
102732,Yes,No
102733,No,No
102734,No,No
102735,No,No
102736,No,No
102737,No,No
102738,No,No
102739,No,No
102740,Yes,No
102741,No,Yes
102742,Yes,Yes
102743,Yes,No
102744,No,No
102745,No,Yes
102746,No,No
102747,Yes,No
102748,Yes,No
102749,No,No
102750,No,No
102751,No,No
102752,No,No
102753,No,No
102754,No,No
102755,Yes,No
102756,No,Yes
102757,No,No
102758,No,No
102759,No,No
102760,Yes,No
102761,Yes,No
102762,No,No
102763,No,No
102764,Yes,No
102765,No,No
102766,Yes,No
102767,Yes,No
102768,No,No
102769,No,No
102770,No,No
102771,No,No
102772,No,No
102773,No,No
102774,No,No
102775,No,No
102776,No,No
102777,Yes,No
102778,Yes,No
102779,Yes,No
102780,Yes,No
102781,Yes,No
102782,Yes,No
102783,No,No
102784,No,No
102785,No,No
102786,Yes,Yes
102787,Yes,No
102788,Yes,Yes
102789,No,Yes
102790,No,No
102791,No,No
102792,Yes,No
102793,Yes,No
102794,No,Yes
102795,No,No
102796,No,Yes
102797,No,Yes
102798,No,No
102799,No,No
102800,No,No
102801,No,No
102802,No,No
102803,Yes,No
102804,No,No
102805,No,Yes
102806,Yes,No
102807,No,No
102808,No,Yes
102809,Yes,No
102810,No,No
102811,Yes,No
102812,Yes,No
102813,Yes,No
102814,Yes,No
102815,No,No
102816,No,No
102817,No,Yes
102818,Yes,Yes
102819,No,No
102820,Yes,No
102821,No,No
102822,No,No
102823,No,No
102824,No,No
102825,Yes,Yes
102826,No,No
102827,No,Yes
102828,No,No
102829,No,No
102830,No,No
102831,No,No
102832,No,No
102833,nan,No
102834,No,No
102835,No,No
102836,Yes,No
102837,No,Yes
102838,No,No
102839,No,No
102840,No,No
102841,Yes,No
102842,Yes,No
102843,No,No
102844,Yes,No
102845,No,No
102846,No,No
102847,No,Yes
102848,Yes,Yes
102849,Yes,No
102850,No,No
102851,Yes,No
102852,Yes,No
102853,Yes,Yes
102854,Yes,No
102855,Yes,No
102856,Yes,No
102857,Yes,No
102858,No,No
102859,No,No
102860,Yes,No
102861,No,No
102862,Yes,Yes
102863,No,No
102864,No,No
102865,Yes,Yes
102866,Yes,No
102867,No,No
102868,Yes,No
102869,Yes,No
102870,No,No
102871,No,No
102872,Yes,Yes
102873,No,No
102874,Yes,No
102875,No,Yes
102876,No,No
102877,No,No
102878,Yes,No
102879,No,No
102880,No,Yes
102881,Yes,No
102882,No,Yes
102883,Yes,No
102884,No,No
102885,No,No
102886,No,No
102887,No,No
102888,No,No
102889,Yes,No
102890,No,No
102891,Yes,Yes
102892,Yes,No
102893,Yes,No
102894,No,Yes
102895,No,No
102896,Yes,No
102897,Yes,No
102898,Yes,No
102899,Yes,No
102900,No,No
102901,Yes,Yes
102902,Yes,Yes
102903,Yes,No
102904,Yes,Yes
102905,Yes,Yes
102906,No,No
102907,No,No
102908,Yes,No
102909,Yes,No
102910,Yes,No
102911,No,No
102912,No,Y
102913,Yes,Yes
102914,No,No
102915,Yes,No
102916,Yes,No
102917,Yes,No
102918,No,No
102919,No,No
102920,No,No
102921,No,No
102922,Yes,No
102923,No,Yes
102924,No,No
102925,Yes,No
102926,No,No
102927,Yes,No
102928,No,No
102929,Yes,Yes
102930,Yes,Yes
102931,Yes, No
102932,Yes,No
102933,No,No
102934,Yes,No
102935,No,No
102936,No,Yes
102937,No,No
102938,No,No
102939,No,No
102940,Yes,No
102941,No,No
102942,Yes,No
102943,Yes,No
102944,Yes,No
102945,No,No
102946,Yes,No
102947,Yes,Yes
102948,No,No
102949,Yes,Yes
102950,Yes,No
102951,No,No
102952,Yes,Yes
102953,No,No
102954,No,No
102955,No,No
102956,No,No
102957,Yes,Yes
102958,Yes,Yes
102959,N,No
102960,No,Yes
102961,No,No
102962,No,No
102963,No,No
102964,Yes,No
102965,No,Yes
102966,No,No
102967,Yes,No
102968,Yes,No
102969,No,No
102970,No,No
102971,No,Yes
102972,Yes,No
102973,No,Yes
102974,No,No
102975,Yes,No
102976,No,No
102977,Yes,No
102978,No,No
102979,No,No
102980,No,No
102981,Yes,No
102982,No,No
102983,No,No
102984,Yes,No
102985,Yes,No
102986,Yes,No
102987,Yes,Yes
102988,No,No
102989,No,No
102990,No,No
102991,Yes,No
102992,Yes,No
102993,Yes,no
102994,Yes,No
102995,No,No
102996,Yes,Yes
102997,No,No
102998,No,yes
102999,No,No
103000,Yes,No
103001,Yes,Yes
103002,Yes,No
103003,Yes,Yes
103004,No,No
103005,No,No
103006,No,No
103007,Yes,Yes
103008,No,Yes
103009,Yes,No
103010,No,No
103011,No,N
103012,No,Yes
103013,Yes,No
103014,No,No
103015,No,Yes
103016,Yes,No
103017,Yes,No
103018,Yes,No
103019,Yes,No
103020,Yes,Yes
103021,No,No
103022,Yes,No
103023,Yes,Yes
103024,Yes,No
103025,Yes,No
103026,No,No
103027,No,No
103028,No,No
103029,Yes,No
103030,No,No
103031,No,Yes
103032,No,No
103033,Yes,No
103034,No,No
103035,Yes,No
103036,Yes,No
103037,Yes,No
103038,Yes,No
103039,No,No
103040,No,No
103041,Yes,No
103042,No,No
103043,Yes,No
103044,No,Yes
103045,No,No
103046,No,No
103047,Yes,No
103048,No,No
103049,Yes,Yes
103050,No,No
103051,No,No
103052,No,No
103053,No,Yes
103054,No,No
103055,Yes,No
103056,No,No
103057,No,No
103058,No,No
103059,Yes,Yes
103060,No,No
103061,Yes,No
103062,No,No
103063,No,No
103064,No,Yes
103065,No,No
103066,No,No
103067,No,No
103068,Yes,No
103069,No,No
103070,No,No
103071,No,No
103072,No,No
103073,No,No
103074,Yes,No
103075,Yes,Yes
103076,No,No
103077,Yes,No
103078,No,No
103079,No,No
103080,No,No
103081,No,No
103082,No,No
103083,No,No
103084,No,No
103085,No,No
103086,No,No
103087,Yes,No
103088,No,Yes
103089,Yes,No
103090,No,No
103091,No,Yes
103092,No,No
103093,Yes,No
103094,No,No
103095,No,No
103096,Yes,Yes
103097,No,No
103098,No,No
103099, No,No
103100,Yes,No
103101,No,No
103102,No,No
103103,No,No
103104,Yes,No
103105,Yes,No
103106,No,No
103107,No,No
103108,Yes,Yes
103109,No,Yes
103110,No,No
103111,No,No
103112,No,Yes
103113,No,No
103114,Yes,No
103115,Yes,No
103116,No,No
103117,No,No
103118, No,No
103119,No,Yes
103120,Yes,No
103121,Yes,No
103122,No,Yes
103123,No,No
103124,Yes,No
103125,No,No
103126,Yes,No
103127,Yes,No
103128,No,No
103129,No,No
103130,Yes,No
103131,Yes,No
103132,No,No
103133,Yes,No
103134,No,No
103135,No,Yes
103136,No,Yes
103137,no,No
103138,Yes,No
103139,Yes,No
103140,No,No
103141,No,Yes
103142,No,No
103143,Yes,No
103144,No,No
103145,Yes,No
103146,No,No
103147,No,Yes
103148,Yes,No
103149,No,No
103150,No,No
103151,No,No
103152,No,No
103153,No,No
103154,No,No
103155,No,No
103156,No,No
103157,No,No
103158,No,No
103159,No,Yes
103160,No,No
103161,No,No
103162,Yes,No
103163,No,No
103164,Yes,No
103165,No,No
103166,No,No
103167,No,No
103168,No,No
103169,Yes,No
103170,No,No
103171,No,Yes
103172,Yes,No
103173,No,No
103174,Yes,Yes
103175,No,No
103176,No,No
103177,Yes,No
103178,No,No
103179,No,No
103180,No,No
103181,Yes,No
103182,No,No
103183,No,No
103184,No,No
103185,No,No
103186,No,Yes
103187,No,No
103188,No,Yes
103189,Yes,No
103190,No,Yes
103191,Yes,No
103192,No,No
103193,No,No
103194,Yes,No
103195,No,Yes
103196,No,Yes
103197,No,Yes
103198,Yes,No
103199,Yes,No
103200,No,No
103201,Yes,No
103202,No,No
103203,No,No
103204,Yes,Yes
103205,No,No
103206,No,No
103207,Yes,No
103208,No,No
103209,Yes,No
103210,Yes,No
103211,No,No
103212,No,No
103213,No,No
103214,Yes,No
103215,No,No
103216,No,No
103217,Yes,No
103218,No,No
103219,Yes,Yes
103220,No,Yes
103221,No,No
103222,Yes,Yes
103223,Yes,Yes
103224,Yes,No
103225,No,No
103226,No,No
103227,No,No
103228,Yes,Yes
103229,No,No
103230,Yes,No
103231,No,No
103232,No,No
103233,No,No
103234,No,No
103235,No,No
103236,No,No
103237,No,No
103238,No,No
103239,Yes,Yes
103240,No,Yes
103241,No,no
103242,No,No
103243,Yes,No
103244,Yes,No
103245,No,No
103246,No,No
103247,No,No
103248,No,No
103249,No,Yes
103250,No,Yes
103251,No,nan
103252,Yes,No
103253,No,No
103254,Yes,No
103255,No,No
103256,No,No
103257,Yes,No
103258,Yes,No
103259,No,No
103260,No,No
103261,Yes,No
103262,No,No
103263,No,No
103264,Yes,No
103265,No,No
103266,Yes,No
103267,Yes,No
103268,No,No
103269,No,No
103270,Yes,Yes
103271,Yes,No
103272,Yes,No
103273,No,No
103274,No,No
103275,No,Yes
103276,Yes,No
103277,Yes,No
103278,yes,No
103279,No,No
103280,Yes,Yes
103281,Yes,No
103282,No,No
103283,No,No
103284,No,No
103285,Yes,No
103286,Yes,Yes
103287,Yes,No
103288,Yes,No
103289,No,No
103290,No,No
103291,Yes,No
103292,No,No
103293,No,No
103294,No,No
103295,No,No
103296,No,No
103297,No,No
103298,Yes,No
103299,Yes,No
103300,No,No
103301,Yes,No
103302,No,No
103303,No,No
103304,Yes,Yes
103305,No,No
103306,No,No
103307,Yes,No
103308,Yes,Yes
103309,Yes,No
103310,Yes,No
103311,No,No
103312,No,Yes
103313,No,No
103314,nan,No
103315,Yes,No
103316,No,No
103317,No,No
103318,No,No
103319,no,Yes
103320,Yes,No
103321,Yes,No
103322,No,No
103323,No,No
103324,No,No
103325,No,No
103326,No,no
103327,No,No
103328,No,No
103329,Yes,No
103330,No,Yes
103331,No,No
103332,Yes,No
103333,Yes,No
103334,Yes,No
103335,Yes,No
103336,Yes,No
103337,No,No
103338,No,No
103339,No,No
103340,Yes,No
103341,No,No
103342,No,No
103343,No,No
103344,Yes,No
103345,Yes,No
103346,No,No
103347,No,No
103348,Yes,No
103349,No,No
103350,No,No
103351,Yes,No
103352,Yes,No
103353,Yes,No
103354,Yes,N
103355,Yes,Yes
103356,No,No
103357,No,No
103358,No,No
103359,Yes,No
103360,Yes,No
103361,Yes,No
103362,No,No
103363,No,No
103364,Yes,No
103365,Yes,No
103366,No,No
103367,No,No
103368,Yes,Yes
103369,Yes,Yes
103370,No,No
103371,Yes,No
103372,No,No
103373,Yes,No
103374,No,No
103375,No,No
103376,Yes,No
103377,No,Yes
103378,No,No
103379,Yes,No
103380,No,No
103381,No,No
103382,Yes,No
103383,Yes,No
103384,Yes,No
103385,No,No
103386,No,No
103387,no,No
103388,No,No
103389,No,No
103390,No,No
103391,No,No
103392,Yes,No
103393,No,No
103394,No,No
103395,No,No
103396,Yes,No
103397,No,No
103398,Yes,No
103399,No,No
103400,No,No
103401,No,Yes
103402,No,No
103403,No,No
103404,Yes,Yes
103405,No,No
103406,No,No
103407,Yes,No
103408,No,No
103409,Yes,No
103410,Yes,No
103411,Yes,No
103412,No,No
103413,No,No
103414,No,No
103415,No,Yes
103416,Yes,No
103417,No,No
103418,No,Yes
103419,No,No
103420,Yes,No
103421,Yes,No
103422,Yes,No
103423,Yes,No
103424,Yes,No
103425,No,No
103426,Yes,No
103427,No,No
103428,Yes,No
103429,No,No
103430,No,No
103431,No,No
103432,Yes,No
103433,Yes,No
103434,No,Yes
103435,No,No
103436,Yes,No
103437,No,No
103438,Yes,Yes
103439,Yes,No
103440,No,No
103441,No,No
103442,Yes,No
103443,No,Yes
103444,No,No
103445,No,No
103446,Yes,No
103447,No,No
103448,No,No
103449,Yes,Yes
103450, No,No
103451,Yes,No
103452,Yes,No
103453,Yes,Yes
103454,No,No
103455,Yes,No
103456,No,No
103457,Yes,No
103458,No,No
103459,No,No
103460,No,No
103461,No,Yes
103462,Yes,No
103463,No,No
103464,Yes,Yes
103465,Yes,No
103466,No,No
103467,Yes,Yes
103468,Yes,Yes
103469,No,No
103470,Yes,No
103471,No,No
103472,Yes,No
103473,No,No
103474, Ye,No
103475,No,No
103476,No,No
103477,No,No
103478,No,Yes
103479,No,No
103480,Yes,Yes
103481,No,No
103482,No,No
103483,Yes,Yes
103484,No,No
103485,No,No
103486,Yes,Yes
103487,No,No
103488,No,Yes
103489,No,No
103490,No,No
103491,No,Yes
103492,No,No
103493,No,No
103494,Yes,Yes
103495,No,No
103496,No,No
103497,Yes,No
103498,No,No
103499,No,No
103500,No,No
103501,No,No
103502,Yes,No
103503,No,No
103504,No,No
103505,No,No
103506,Yes,Yes
103507,No,No
103508,Yes,No
103509,Yes,No
103510,Yes,No
103511,Yes,No
103512,No,Yes
103513,Yes,No
103514,No,No
103515,No,No
103516,No,No
103517,Yes,No
103518,No,No
103519,Yes,No
103520,Yes,No
103521,Yes,No
103522,Yes,No
103523,Yes,No
103524,Yes,No
103525,Yes,No
103526,No,No
103527,Yes,No
103528,No,No
103529,Yes, No
103530,No,No
103531,Yes,Yes
103532,No,No
103533,No,No
103534,Yes,No
103535,Yes,No
103536,No,No
103537,No,No
103538,No,Yes
103539,No,No
103540,No,No
103541,No,No
103542,Yes,Yes
103543,Yes,No
103544,No,No
103545,No,No
103546,No,Yes
103547,No,No
103548,no,No
103549,Yes,Yes
103550,No,No
103551,No,No
103552,Yes,No
103553,No,No
103554,No,No
103555,No,No
103556,No,No
103557,No,No
103558,No,Yes
103559,No,No
103560,Yes,No
103561,Yes,No
103562,No,No
103563,No,No
103564,No,No
103565,Yes,No
103566,No,No
103567,No,No
103568,No,No
103569,No,No
103570,No,Yes
103571,No,No
103572,No,No
103573,No,Yes
103574,Yes,No
103575,No,No
103576,Yes,Yes
103577,No,No
103578,Yes,No
103579,Yes,Yes
103580,Yes,No
103581,Yes,No
103582,No,No
103583,No,No
103584,No,No
103585,No,No
103586,Yes,No
103587,Yes,Yes
103588,No, No
103589,No,No
103590,No,No
103591,No,No
103592,Yes,No
103593,No,No
103594,Yes,No
103595,Yes,No
103596,No,No
103597,No,No
103598,No,No
103599,Yes,No
103600,Yes,No
103601,No,No
103602,No,No
103603,Yes,No
103604,No,No
103605,No,No
103606,No,No
103607,No,No
103608,No,Yes
103609,No,No
103610,Yes,No
103611,No,No
103612,No,No
103613,No,No
103614,No,No
103615, No,No
103616,Yes,No
103617,Yes,No
103618,Yes,No
103619,Yes,No
103620,No,No
103621,Yes,Yes
103622,No,No
103623,Yes,Yes
103624,No,No
103625,No,No
103626,No,No
103627,Yes,No
103628,No,No
103629,Yes,Yes
103630,No,N
103631,No,No
103632,Yes,No
103633,No,No
103634,Yes,No
103635,No,No
103636,No,Yes
103637,Yes,No
103638,No,No
103639,No,No
103640,No,No
103641,No,No
103642,No,No
103643,No,No
103644,Yes,No
103645,No,No
103646,No,No
103647,No,No
103648,Yes,No
103649,No,No
103650,No,No
103651,No,No
103652,No,No
103653,No,No
103654,Yes,Yes
103655,Yes,Yes
103656,No,Yes
103657,No,No
103658,No,No
103659,Yes,No
103660,No,No
103661,Yes,No
103662,No,No
103663,No,No
103664,Yes,No
103665,No,No
103666,No,Yes
103667,Yes,No
103668,No,No
103669,Yes,Yes
103670,Yes,No
103671,No,No
103672,No,No
103673,No,No
103674,No,No
103675,Yes,Yes
103676,No,No
103677,No,No
103678,Yes,Yes
103679,Yes,No
103680,No, No
103681,Yes,Yes
103682,No,No
103683,No,No
103684,No,No
103685,No,No
103686,No,No
103687,Y,No
103688,No,Yes
103689,No,No
103690,No,No
103691,Yes,No
103692,No,No
103693,No,Yes
103694,Yes,Yes
103695,No,No
103696,Yes,No
103697,No,Yes
103698,Yes,No
103699,No,No
103700,No,No
103701,No,Yes
103702,Yes,No
103703,Yes, No
103704,No,No
103705,No,No
103706,No,No
103707,Yes,No
103708,Yes,No
103709,Yes,no
103710,Yes,Yes
103711,Yes,No
103712,No,No
103713,Yes,Yes
103714,Yes,No
103715,No,No
103716,no,No
103717,No,No
103718,No,Yes
103719,Yes,No
103720,Yes,No
103721,Yes,Yes
103722,Yes,No
103723,No,No
103724,No,No
103725,Yes,Yes
103726,Yes,Yes
103727,No,No
103728,No,No
103729,No,No
103730,No,No
103731,No,No
103732,No,No
103733,No,Yes
103734,No,No
103735,Yes,No
103736,No,No
103737,No,No
103738,Yes,Yes
103739,No,Yes
103740,Yes,No
103741,No,No
103742,No,No
103743,Yes,No
103744,Yes,No
103745,No,No
103746,No,No
103747,Yes,Yes
103748,No,No
103749,Yes,no
103750,Yes,No
103751,Yes,No
103752,No,No
103753,No,No
103754,No,No
103755,Yes,No
103756,No,No
103757,Yes,No
103758,Yes,No
103759,No,No
103760,Yes,No
103761,No,No
103762,No,No
103763,No,No
103764,No,Yes
103765,Yes,N
103766,Yes,No
103767,Yes,No
103768,No,No
103769,No,No
103770,No,No
103771,No,No
103772,No,No
103773,Yes,Yes
103774,Yes,Yes
103775,Yes,No
103776,No,No
103777,Yes,No
103778,Yes,No
103779,No,No
103780,Yes,Yes
103781,No,Yes
103782,No,No
103783,Yes,No
103784,No,No
103785,No,No
103786, Ye,No
103787,Yes,No
103788,No,No
103789,No,No
103790,Yes,No
103791,No,No
103792,No,No
103793,Yes,No
103794,No,No
103795,Yes,Yes
103796,Yes,No
103797,Yes,Yes
103798,No,No
103799,No,No
103800,No,No
103801,Yes,Yes
103802,No,No
103803,Yes,Yes
103804,No,No
103805,Yes,Yes
103806,Yes,No
103807,No,No
103808,No,No
103809,Yes,No
103810,Yes,No
103811,No,No
103812,No,No
103813,Yes,No
103814,No,No
103815,Yes,No
103816,Yes,No
103817,Yes,no
103818,No,No
103819,Yes,No
103820,No,No
103821,Yes,No
103822,No,No
103823,No,Yes
103824,No,No
103825,Yes,Yes
103826,No,No
103827,No,No
103828,No,No
103829,No,Yes
103830,No, No
103831,Yes,No
103832,No,No
103833,No,Yes
103834,Yes,Yes
103835,No,No
103836,Yes,Yes
103837,Yes,Yes
103838,No,No
103839,Yes,Yes
103840,Yes,No
103841,No,No
103842,Yes,No
103843,No,No
103844,No,No
103845,No,No
103846,No,No
103847,Yes,Yes
103848,No,No
103849,No, Ye
103850,No,No
103851,No,No
103852,Yes,No
103853,No,Yes
103854,No,No
103855,No,No
103856,Yes,No
103857,No,No
103858,Yes,Yes
103859,Yes,No
103860,Yes,No
103861,Yes,No
103862,No,No
103863,No,No
103864,Yes,Yes
103865,Yes,No
103866,Yes,No
103867,Yes,Yes
103868,No,Yes
103869,Yes,No
103870,No,No
103871,Yes,Yes
103872,Yes,No
103873,No,No
103874,Yes,No
103875,No,No
103876,No,No
103877,No,No
103878,Yes,Yes
103879,Yes,No
103880,No,Yes
103881,Yes,No
103882,Yes,No
103883,Yes,No
103884,No,Yes
103885,No,No
103886,No,No
103887,No,No
103888,No,No
103889,No,No
103890,No,No
103891,Yes,No
103892,No,Yes
103893,No,No
103894,Yes,No
103895,No,No
103896,Yes,No
103897,Yes,Yes
103898,No,No
103899,Yes,Yes
103900,No,No
103901,No,No
103902,No,No
103903,No,No
103904,No,Yes
103905,No,No
103906,No,No
103907,Yes,No
103908,Yes,No
103909,No,No
103910,No,No
103911,Yes,No
103912,No,No
103913,Yes,Yes
103914,Yes,No
103915,No,No
103916,Yes,No
103917,No,Yes
103918,No,No
103919,Yes,No
103920,No,No
103921,No,No
103922,No,No
103923,No,No
103924,No,No
103925,Yes,No
103926,No,No
103927,No,No
103928,No,No
103929,No,No
103930,Yes,No
103931,No,No
103932,No,Yes
103933,No,No
103934,No,Yes
103935,No,No
103936,No,No
103937,Yes,No
103938,No,No
103939,No,No
103940,nan,No
103941,No,No
103942,No,No
103943,No,No
103944,No,No
103945,no,No
103946,Yes,Yes
103947,No,No
103948,No,Yes
103949,No,nan
103950,Yes, No
103951,No,No
103952,No,No
103953,Yes,Yes
103954,No,No
103955,Yes,Yes
103956,No,No
103957,No,No
103958,No,No
103959,Yes,Yes
103960,No,No
103961,No,No
103962,Yes,No
103963,Yes,No
103964,no,No
103965,No,No
103966,Yes,Yes
103967,Yes,Yes
103968,No,No
103969,No,No
103970,No,No
103971,No,No
103972,No,No
103973,Yes,No
103974,Yes,No
103975,Yes,Yes
103976,No,No
103977,Yes,No
103978,No,No
103979,Yes,No
103980,Yes,No
103981,No,No
103982,No,Yes
103983,Yes,No
103984,Yes,No
103985,Yes,Yes
103986,No,No
103987,Yes,No
103988,No,No
103989,Yes,No
103990,No,No
103991,No,No
103992,Yes,No
103993,No,No
103994,Yes,No
103995,nan,No
103996,No,No
103997,Yes,No
103998,Yes,No
103999,Yes,No
104000,No,No
104001,No,No
104002,No,No
104003,No,Yes
104004,Yes,No
104005,Yes,No
104006,Yes,No
104007,no,No
104008,Yes,No
104009,Yes,Yes
104010,No,Yes
104011,Yes,Yes
104012,No,Yes
104013,No,No
104014,yes,No
104015,No,No
104016,No,No
104017,Yes,Yes
104018,No,No
104019,No,Yes
104020,No,No
104021,No,Yes
104022,No,No
104023,No,No
104024,Yes,No
104025,Yes,No
104026,No,No
104027,No,No
104028,No,No
104029,No,No
104030,Yes,No
104031,No,No
104032,No,Yes
104033,Yes,No
104034,No,No
104035,No,No
104036,Yes,No
104037,No,No
104038,No,No
104039,No,No
104040,No,No
104041,No,No
104042,No,No
104043,No,No
104044,No,No
104045,No,No
104046,Yes,No
104047,Yes,No
104048,No,No
104049,Yes,Yes
104050,No,No
104051,No,No
104052,Yes,No
104053,No,No
104054,Yes,No
104055,No,No
104056,Yes,Yes
104057,Yes,No
104058,No,Yes
104059,No,No
104060,No,Yes
104061,No,No
104062,Yes,Yes
104063,Yes,No
104064,No,No
104065,Yes,No
104066,No,Yes
104067,No,No
104068,No,No
104069,No,Yes
104070,No,No
104071,Yes,No
104072,No,No
104073,No,No
104074,Yes,no
104075,No,No
104076,No,No
104077,Yes,No
104078,No,No
104079,No,No
104080,No,Yes
104081,No,No
104082,No,No
104083,No,No
104084,No,No
104085,No,No
104086,Yes,No
104087,No,No
104088,Yes,No
104089,No,No
104090,Yes,No
104091,Yes,Yes
104092,No,No
104093,No,No
104094,Yes,Yes
104095,Yes,No
104096,No,No
104097,Yes,No
104098,No,No
104099,No,No
104100,Yes,Yes
104101,Yes,No
104102,Yes,No
104103,No,No
104104,No,No
104105,No,No
104106,No,No
104107,No,No
104108,No,No
104109,Yes,No
104110,No,No
104111,Yes,No
104112,No,No
104113,No,No
104114,No,No
104115,No,No
104116,No,No
104117,No,No
104118,No,No
104119,No,No
104120,No,No
104121,Yes,No
104122,No,Yes
104123,Yes,No
104124,No,No
104125,Yes,No
104126,Yes,No
104127,No,No
104128,No,No
104129,No,No
104130,No,No
104131,no,No
104132,No,Yes
104133,No,No
104134,Yes,No
104135,No,No
104136,No,No
104137,No,No
104138,No,No
104139,Yes,No
104140,N,No
104141,No,No
104142,No,No
104143,Yes,Yes
104144,Yes,No
104145,No,No
104146,Yes,No
104147,No,Yes
104148,No,No
104149,No,No
104150,Yes,No
104151,No,No
104152,No,No
104153,Yes,No
104154,Yes,No
104155,No,No
104156,No,No
104157,No,Yes
104158,No,No
104159,No,No
104160,No,No
104161,No, No
104162,No,No
104163,No,No
104164,Yes,No
104165,Yes,Yes
104166,No,No
104167,No,No
104168,Yes,Yes
104169,No,Yes
104170,No,No
104171,Yes,No
104172,No,No
104173,No,No
104174,No,No
104175,Yes,Yes
104176, No,No
104177,No,No
104178,No,No
104179,Yes,No
104180,No,No
104181,No,No
104182,Yes,No
104183,No,Yes
104184,No,No
104185,Yes,Yes
104186,No,Yes
104187,Yes,No
104188,No,Yes
104189,Yes,no
104190,No,No
104191,Yes,No
104192,Yes,No
104193,Yes,No
104194,No,Yes
104195,No,No
104196,Yes,No
104197,No,No
104198,Yes,No
104199,Yes,No
104200,Yes,No
104201,No,No
104202,Yes,No
104203,No,No
104204,Yes,No
104205,No,Yes
104206,No,No
104207,No,No
104208,No,Yes
104209,No,No
104210,No,No
104211,No,No
104212,Yes,No
104213,No,No
104214,No,No
104215,No,No
104216,Yes,No
104217,No,No
104218,No,No
104219,No,No
104220,No, No
104221,Yes,No
104222,No,Yes
104223,Yes,No
104224,No,No
104225,Yes,No
104226,Yes,No
104227,Yes,No
104228,Yes,No
104229,No,No
104230,No,No
104231,No,No
104232,no,No
104233,Yes,No
104234,Yes,Yes
104235,Yes,Yes
104236,No,Yes
104237,No,Yes
104238,No,No
104239,Yes,No
104240,Yes,No
104241,Yes,Yes
104242,No,No
104243,Yes,No
104244,Yes,No
104245,Yes,No
104246,No,No
104247,No,No
104248,Yes,No
104249,No,No
104250,no,Yes
104251,No,No
104252,No,No
104253,Yes,No
104254,Yes,No
104255,No,Yes
104256,Yes,No
104257,No,No
104258,No,Yes
104259,No,No
104260,No,No
104261,Yes,Yes
104262,Yes,No
104263,No,No
104264,Yes,No
104265,Yes,No
104266,No,No
104267,No,Yes
104268,Yes,No
104269,Yes,No
104270,No,No
104271,No,No
104272,Yes,No
104273,No,No
104274,No,No
104275,Yes,Yes
104276,No,No
104277,Yes,No
104278,Yes,No
104279,No,Yes
104280,Yes,No
104281,Yes,No
104282,Yes,No
104283,Yes,Yes
104284,Yes,No
104285,No,No
104286,Yes,No
104287,Yes,No
104288,No,No
104289,Yes,No
104290,No,No
104291,Yes,No
104292,No,No
104293,No,No
104294,No,No
104295,No,No
104296,No,No
104297,Yes,No
104298,No,Yes
104299, No,Yes
104300,No,No
104301,No,No
104302,Yes,No
104303,No,No
104304,Yes,No
104305,Yes,No
104306,Yes,No
104307,No,No
104308,No,No
104309,Yes,No
104310,No,No
104311,Yes,No
104312,No,No
104313,No,No
104314,Yes,No
104315,Yes,No
104316,Yes,No
104317,No,Yes
104318,Yes,No
104319,No,No
104320,No,No
104321,Yes,No
104322,Yes,No
104323,No,No
104324,No,no
104325,No,Yes
104326,Yes,No
104327,No,No
104328,Yes,No
104329,Yes,No
104330,No,No
104331,No,No
104332,Yes,No
104333,Yes,No
104334,Yes,No
104335,No,No
104336,no,Yes
104337,No,No
104338,No,Yes
104339,No,No
104340,Yes,No
104341,No,No
104342,No,No
104343,No,No
104344,Yes,No
104345,Yes,No
104346,No,No
104347,No,No
104348,No,No
104349,No,No
104350,No,No
104351,Yes,No
104352,No,No
104353,Yes,No
104354,No,No
104355,No,No
104356,No,No
104357,No,Yes
104358,No,nan
104359,Yes,Yes
104360,Yes,No
104361,Yes,No
104362,No,No
104363,No,No
104364,No,No
104365,No,No
104366,No,No
104367,Yes,Yes
104368,Yes,No
104369,Yes,Yes
104370,No,No
104371,No,No
104372,No,No
104373,No,Yes
104374,No,No
104375,Yes,No
104376,Yes,No
104377,Yes,No
104378,No,No
104379,No,No
104380,No,No
104381,Yes,No
104382,No,No
104383,No,No
104384,Yes,No
104385,No,No
104386,Yes,No
104387,No,No
104388,No,No
104389,Yes,No
104390,Yes,No
104391,No,No
104392,Yes,Yes
104393,No,No
104394,Yes,No
104395,Yes,Yes
104396,No,No
104397,No,No
104398,No,No
104399,Yes,Yes
104400,No,No
104401,No,No
104402,No,No
104403,Yes,Yes
104404,No,No
104405,No,No
104406,Yes,No
104407,No,no
104408,No,Yes
104409,No,No
104410,No,No
104411,Yes,No
104412,No,No
104413,No,No
104414,No,No
104415,No,No
104416,Yes,No
104417,No,No
104418, No,No
104419,No,Yes
104420,No,No
104421,No,Yes
104422,Yes,No
104423,No,No
104424,Yes,No
104425,No,No
104426,No,No
104427,No,Yes
104428,No,No
104429,no,No
104430,No,No
104431,No,No
104432,Yes,Yes
104433,No,No
104434,No,No
104435,Yes,No
104436,No,No
104437,No,No
104438,Yes,No
104439,No,Yes
104440,No,No
104441,No,No
104442,No,No
104443,No,No
104444,Yes,Yes
104445,No,No
104446,No,N
104447,Yes,No
104448,No,No
104449,No,No
104450,Yes,no
104451,Yes,No
104452,Yes,No
104453,Yes,No
104454,No,Yes
104455,No,No
104456,Yes,No
104457,No,No
104458, No,No
104459,Yes,No
104460,Yes,Yes
104461,Yes,No
104462,No,Yes
104463,Yes,No
104464,No,No
104465,Yes,Yes
104466,Yes,No
104467,No,No
104468,Yes,Yes
104469,No,No
104470,Yes,No
104471,Yes,No
104472,Yes,No
104473,No,No
104474,No,No
104475,No,No
104476,No,No
104477,Yes,Yes
104478,No,Yes
104479,Yes,No
104480,Yes,No
104481,No,No
104482,No,No
104483,No,No
104484,No,No
104485,No,No
104486,No,No
104487,No,No
104488,No,Yes
104489,Yes,No
104490,Yes,No
104491,Yes,No
104492,No,No
104493,Yes,No
104494,No,No
104495,Yes,No
104496,No,No
104497,No,No
104498,Yes,No
104499,No,No
104500,No,No
104501,Yes,No
104502,No,No
104503,No,No
104504,Yes,No
104505,No,No
104506,No,Yes
104507,Yes,No
104508,Yes,No
104509,Yes,Yes
104510,Yes,No
104511,Yes,No
104512,No,No
104513,No,No
104514,No,No
104515,Yes,No
104516,Yes,No
104517,No,No
104518,Yes,Yes
104519,No,No
104520,No,No
104521,Yes,No
104522,Yes,No
104523,No,No
104524,No,No
104525,Yes,No
104526,Yes,No
104527,No,No
104528,No,No
104529,Yes,No
104530,Yes,No
104531,No,No
104532,Yes,Yes
104533,Yes,No
104534,No,No
104535,Yes,Yes
104536,No,No
104537,No,No
104538,Yes,No
104539,No,Yes
104540,No,No
104541,No,No
104542,Yes,No
104543,No,No
104544,No,No
104545,No,No
104546,No,No
104547,No,No
104548,Yes,No
104549,No,No
104550,No,No
104551,No,No
104552,No,No
104553,Yes,No
104554,Yes,No
104555,No,No
104556,Yes,No
104557,Yes,No
104558,No,No
104559,Yes,No
104560,No,No
104561,No,No
104562,No,Yes
104563,Yes,Yes
104564,Yes,No
104565,No,No
104566,No,No
104567,No,Yes
104568,Yes,Yes
104569,No,No
104570,No,No
104571,No,No
104572,No,Yes
104573,No,No
104574,Yes,No
104575,No,No
104576,Yes,No
104577,Yes,No
104578,Yes,No
104579,Yes,No
104580,No,No
104581,Yes,No
104582,Yes,No
104583,No,No
104584,No,No
104585,Yes,no
104586,No,No
104587,Yes,No
104588,No,No
104589,Yes,No
104590,No,No
104591,Yes,No
104592,No,Yes
104593,No,No
104594,Yes,No
104595,Yes,Yes
104596,No,No
104597,Yes,No
104598,Yes,No
104599,Yes,Yes
104600,No,No
104601,No,No
104602,Yes,No
104603,No,No
104604,N,No
104605,No,No
104606,No,No
104607,Yes,Yes
104608,No,No
104609,Yes,No
104610,No,No
104611,No,No
104612,No,No
104613,Yes,No
104614,Yes,No
104615,Yes,No
104616,Yes,No
104617,No,No
104618,No,No
104619,Yes,Yes
104620,No,No
104621,Yes,Yes
104622,Yes,No
104623,nan, No
104624,Yes,Yes
104625,No,No
104626,No,No
104627,No,No
104628,No,No
104629,No,No
104630,No,No
104631,Yes,Yes
104632,Yes,No
104633,No,No
104634,Yes,No
104635,No,No
104636,No,No
104637,No,No
104638,No,No
104639,Yes,Yes
104640,No,No
104641,No,yes
104642,No,No
104643,Yes,No
104644,No,No
104645,Yes,No
104646,No,No
104647,Yes,No
104648,No,No
104649,No,No
104650,No,No
104651,No,No
104652,Yes,No
104653,No,No
104654,No,No
104655,No,No
104656,No,No
104657,No,No
104658,Yes,No
104659,No,N
104660,Yes,Yes
104661,Yes,No
104662,Yes,No
104663,No,No
104664,No,No
104665,Yes,No
104666,Yes,No
104667,Yes,No
104668,No,No
104669,Yes,No
104670,Yes,No
104671,Yes,No
104672,No,No
104673,Yes,No
104674,No,No
104675,No,No
104676,No,No
104677,No,N
104678,Yes,No
104679,No,No
104680,No,Yes
104681,No,No
104682,No,No
104683,No,No
104684,No,No
104685,No,nan
104686,No,No
104687,No,No
104688,Yes,nan
104689,Yes,Yes
104690,No,No
104691,No,No
104692,No,No
104693,Yes,Yes
104694,Yes,No
104695,No,No
104696,No,Yes
104697,Yes,No
104698,No,No
104699,Yes,No
104700,Yes,No
104701,Yes,Yes
104702,Yes,No
104703,No,No
104704,No,Yes
104705,Yes,No
104706,No,No
104707,Yes,Yes
104708,No,No
104709,No,Yes
104710,No,No
104711,Yes,No
104712,Yes,No
104713,Yes,No
104714,No,No
104715,Yes,No
104716,No,No
104717,No,No
104718,Yes,No
104719,No,No
104720,No,No
104721,No,No
104722,No,No
104723,Yes,No
104724,No,No
104725,Yes,No
104726,Yes,No
104727,No,Yes
104728,No,No
104729,Yes,Yes
104730,Yes,No
104731,No,Yes
104732,Yes,No
104733,Yes,No
104734,Yes,No
104735,Yes,No
104736,Yes,No
104737,Yes,N
104738,No,No
104739,Yes,Yes
104740,Yes,No
104741,Yes,Yes
104742,No,No
104743,Yes,Yes
104744,No,No
104745,Yes,No
104746,No,No
104747,Yes,No
104748,Yes,No
104749,No,No
104750,No,No
104751,No,No
104752,No,No
104753,Yes,No
104754,No,No
104755,Yes,No
104756,Yes,No
104757,Yes,No
104758,Yes,No
104759,No,No
104760,No,No
104761,Yes,No
104762,Yes,No
104763,Yes,No
104764,No,No
104765,No,Yes
104766,No,No
104767,Yes,No
104768,Yes,Yes
104769,No,No
104770,No,No
104771,No,Yes
104772,No,No
104773,Yes,Yes
104774,Yes,No
104775,No,No
104776,No,Yes
104777,No,No
104778,No,No
104779,No,Yes
104780,No,Yes
104781,No,No
104782,No,Yes
104783,No,No
104784,No,Yes
104785,No,No
104786,Yes,Yes
104787,Yes,Yes
104788,No,No
104789,No,No
104790,Yes,No
104791,Yes,No
104792,Yes,No
104793,Yes,no
104794,No,No
104795,No,No
104796,Yes,Yes
104797,No,No
104798,No,No
104799,No,No
104800,No,No
104801,Yes,Yes
104802,No,Yes
104803,No,No
104804,Yes,No
104805,Yes,No
104806,No,No
104807,Yes,No
104808,Yes,Yes
104809,Yes,No
104810,No,Yes
104811,No,No
104812,Yes,No
104813,Yes,Yes
104814,Yes,No
104815,No,No
104816,Yes,No
104817,No,N
104818,Yes,No
104819,No,No
104820,No,No
104821,No,No
104822,Yes,No
104823,No,No
104824,No,No
104825,No,No
104826,No,No
104827,No,No
104828,Yes,No
104829,Yes,No
104830,Yes,No
104831,No,No
104832,No,No
104833,No,Yes
104834,Yes,No
104835,No,Yes
104836,Yes,No
104837,No,No
104838,No,No
104839,No,No
104840,No,No
104841,Yes,No
104842,Yes,No
104843,No,No
104844,No,No
104845,Yes,No
104846,No,No
104847,Yes,No
104848,No,No
104849,No,No
104850,No,No
104851,No,No
104852,No,No
104853,Yes,No
104854,No,No
104855,Yes,Yes
104856,Yes,nan
104857,No,No
104858,Yes,No
104859,No,No
104860,Yes,No
104861,Yes,No
104862,No,No
104863,No,No
104864,No,No
104865,Yes,No
104866,No,No
104867,No,No
104868,No,No
104869,Yes,Yes
104870,No,No
104871,No,No
104872,Yes,No
104873,No,No
104874,No,No
104875,Yes,Yes
104876,No,No
104877,No,No
104878,Yes,No
104879,No,No
104880,Yes,No
104881,No,No
104882,Yes,No
104883,Yes,No
104884,No,No
104885,No,No
104886,No,No
104887,Yes,No
104888,No,No
104889,No,Yes
104890,No,No
104891, Ye,No
104892,N,Yes
104893,No,No
104894,Yes,Yes
104895,No,No
104896,Yes,No
104897,Yes,No
104898,Yes,No
104899,No,No
104900,No,No
104901,No,No
104902,No,No
104903,No,No
104904,No,No
104905,No,No
104906,Yes,Yes
104907,Yes,No
104908,No,No
104909,No,No
104910,Yes,No
104911,No,No
104912,No,No
104913,Yes,No
104914,Yes,Yes
104915,No,No
104916,Yes,No
104917,No,No
104918,Yes,Yes
104919,Yes,No
104920,No, No
104921,Yes,No
104922,Yes,Yes
104923,No,Yes
104924,No,No
104925,Yes,No
104926,No,No
104927,No,Yes
104928,No,No
104929,Yes,No
104930,No,No
104931,No,No
104932,Yes,No
104933,No,No
104934,Yes,No
104935,No,No
104936,Yes,No
104937,No,No
104938,Yes,No
104939,No,No
104940,Yes,No
104941,No,No
104942,Yes,No
104943,No,No
104944,No,No
104945,Yes,No
104946,No,No
104947,No,No
104948,No,No
104949,Yes,No
104950,No,No
104951,No,No
104952,No,No
104953,No,No
104954,No,no
104955,No,Yes
104956,Yes,No
104957,No,No
104958,No,No
104959,No,No
104960,Yes,No
104961,No,No
104962,Yes,No
104963,Yes,No
104964,Yes,No
104965,No,No
104966,Yes,No
104967,No,No
104968,No,No
104969,No,No
104970,Yes,No
104971,No,Yes
104972,Yes,No
104973,No,No
104974,No,No
104975,No,No
104976,No,No
104977,Yes,No
104978,No,No
104979,Yes,No
104980,Yes,No
104981, No,No
104982,Yes,No
104983,No,Yes
104984,Yes,No
104985,Yes,No
104986,No,No
104987,Yes,Yes
104988,Yes,No
104989,No,No
104990,No,Yes
104991,No,No
104992,No,No
104993,No,No
104994,No,No
104995,No,No
104996,Yes,No
104997,yes,Yes
104998,No,No
104999,No,No
105000,Yes,No
105001,Yes,Yes
105002,Yes,No
105003,Yes,No
105004,No,No
105005,Yes,No
105006,No,No
105007,No,No
105008,Yes,No
105009,Yes,No
105010,N,No
105011, No,No
105012,No,No
105013,Yes,Yes
105014,Yes,No
105015,No,No
105016,No,Yes
105017,Yes,No
105018,No,No
105019,No,No
105020,Yes,No
105021,No,No
105022,Yes,No
105023,Yes,No
105024,Yes,No
105025, No,No
105026,No,Yes
105027,Yes,No
105028,No,No
105029,Yes,No
105030,No,No
105031,No,No
105032,No,Yes
105033,Yes,No
105034,Yes,No
105035,Yes,No
105036,Yes,No
105037,No,No
105038,Yes,No
105039,Yes,No
105040,Yes,No
105041,Yes,No
105042,Yes,No
105043,No,No
105044,Yes,No
105045,Yes,No
105046,No,Yes
105047,Yes,No
105048,No,No
105049,Yes,No
105050,Yes,No
105051,No,Yes
105052,Yes,No
105053,No,No
105054,No,No
105055,No,No
105056,No,No
105057,Yes,No
105058,No,No
105059,No,No
105060,No,No
105061,Yes,No
105062,Yes,No
105063,Yes,No
105064,No,No
105065,No,No
105066,Yes,No
105067,Yes,No
105068,Yes,No
105069,Yes,Yes
105070,Yes,Yes
105071,Yes,No
105072,No,No
105073,Yes,No
105074,No,No
105075,No,N
105076,Yes,No
105077,No,No
105078,No,No
105079,No,No
105080,No,No
105081,No,No
105082,No,No
105083,No,No
105084,No,Yes
105085,Yes,No
105086,Yes,No
105087,No,Yes
105088,No,No
105089,Yes,No
105090,No,No
105091,Yes,No
105092,Yes,No
105093,Yes,Yes
105094,No,No
105095,Yes,No
105096,No,No
105097,No,Yes
105098,Yes,No
105099,Yes,No
105100,No,No
105101,No,No
105102,No,No
105103,No,Yes
105104,Yes,No
105105,Yes,No
105106,Yes,No
105107,No,No
105108,No,No
105109,No,Yes
105110,No,No
105111,Yes,No
105112,No,No
105113,Yes,Yes
105114,No,No
105115,Yes,No
105116,No,No
105117,No,Yes
105118,No,Yes
105119,No,No
105120,Yes,No
105121,No,No
105122,No,N
105123,Yes,No
105124,Yes,No
105125,Yes,No
105126,Yes,No
105127,Yes,No
105128,No,No
105129,Yes,No
105130,No,No
105131,No,No
105132,No,Yes
105133,No,No
105134,No,No
105135,Yes,Yes
105136,No,No
105137,no,No
105138,Yes,Yes
105139, No,No
105140,Yes,Yes
105141,No,No
105142,No,Yes
105143,No,No
105144,No,No
105145,Y,No
105146,No,Yes
105147,Yes,No
105148,No,No
105149,Yes,Yes
105150,No,No
105151,Yes,Yes
105152,nan,No
105153,No,Yes
105154,No,No
105155,Yes,No
105156,No,No
105157,No,No
105158,Yes,No
105159,Yes,No
105160,Yes,No
105161,No,No
105162,No,No
105163,No,No
105164,No,Yes
105165,Yes,No
105166,Yes,No
105167,Yes,No
105168,Yes,No
105169,Yes,No
105170,No,No
105171,No,No
105172,No,nan
105173,No,Yes
105174,Yes,No
105175,No,Yes
105176,Yes,No
105177,No,No
105178,No,No
105179,Yes,No
105180,No,No
105181,No,No
105182,No,No
105183, Ye,Yes
105184,Yes,No
105185,No,No
105186,No,No
105187,No,No
105188,No,No
105189,No,No
105190,No,No
105191,Yes,Yes
105192,No,No
105193,No,No
105194,No,No
105195,No,No
105196,No,No
105197,Yes,Yes
105198,No,No
105199,No,No
105200,No,No
105201,No,No
105202,No,No
105203,No, No
105204,No,No
105205,No,No
105206,No,No
105207,No,No
105208,Yes,No
105209,No,No
105210,No,No
105211,No,No
105212,No,No
105213,No,No
105214,Yes,No
105215,No,No
105216,Yes,No
105217,Yes,Yes
105218,Yes,No
105219,Yes,No
105220,No,Yes
105221,Yes,Yes
105222,No,No
105223,Yes,Yes
105224,No,No
105225,No,No
105226,Yes,No
105227,Yes,N
105228,Yes,No
105229,No,No
105230,Yes,No
105231,Yes,No
105232,Yes,No
105233,Yes,Yes
105234,No,No
105235,Yes,No
105236,No,No
105237,No,No
105238,Yes,No
105239,Yes,No
105240,No,No
105241,No,Yes
105242,Yes,No
105243,Yes,No
105244,No,Yes
105245,No,No
105246,No,No
105247,Yes,Yes
105248,No,No
105249,No,Yes
105250,No,No
105251,No,No
105252,Yes,No
105253,No,No
105254,No,No
105255,Yes,No
105256,No,No
105257,No,Yes
105258,no,No
105259,Yes,Yes
105260,No,no
105261,Yes,No
105262,Yes,Yes
105263,No,Yes
105264,Yes,No
105265,No,No
105266,No,No
105267,Yes,No
105268,No,No
105269,No,No
105270,No,No
105271,No,No
105272, Ye,No
105273,No,No
105274,Yes,Yes
105275,Yes,No
105276,No,No
105277,Yes,No
105278,Yes,No
105279,Yes,No
105280,Yes,Yes
105281,No,No
105282,No,No
105283,Yes,No
105284,No,No
105285,No,No
105286,Yes,No
105287,No,No
105288,Yes,Yes
105289,No,No
105290,No,Yes
105291,Yes,No
105292,No,Yes
105293,Yes,No
105294,No,No
105295,No,No
105296,Yes,Yes
105297,Yes,Yes
105298,No,No
105299,No,Yes
105300,No,No
105301,No,No
105302,No,No
105303,No,No
105304,No,No
105305, Ye,No
105306,No,No
105307,No,No
105308,Yes,Yes
105309,No,No
105310,No,No
105311,No,No
105312,No,Yes
105313,No,No
105314,Yes,No
105315,No,No
105316,Yes,Yes
105317,No,No
105318,No,No
105319,No,Yes
105320,Yes,No
105321,No,No
105322,Yes,No
105323,No,No
105324,No,Yes
105325,No,No
105326,No,No
105327,No,Yes
105328,Yes,No
105329,No,Yes
105330,No,No
105331,Yes,No
105332,Yes,Yes
105333,Yes,No
105334,No,No
105335,No,No
105336,Yes,No
105337,No,No
105338,No,No
105339,No,No
105340,No,No
105341,Yes,No
105342,No,No
105343,Yes,No
105344,No,No
105345,No,Yes
105346,No,No
105347,No,No
105348,No,No
105349,No,No
105350,No,Yes
105351,No,No
105352,No,No
105353,No,No
105354,No,No
105355,No,No
105356,No,No
105357,Yes,No
105358,No,No
105359,No,No
105360,No,No
105361,No,Yes
105362,No,No
105363,No,Yes
105364,Yes,No
105365,Yes,Yes
105366,No,No
105367,Yes,No
105368,No,No
105369,No,No
105370,No,No
105371,No,No
105372,No,No
105373,No,Yes
105374,No,No
105375,No,No
105376,No,No
105377,No,No
105378,Yes,No
105379,No,No
105380,No,No
105381,Yes,No
105382,No,No
105383,No,No
105384,Yes,No
105385,Yes,Yes
105386,No,Yes
105387,No,No
105388,No,No
105389,Yes,No
105390,No,No
105391,No,No
105392,Yes,No
105393,No,No
105394,No,Yes
105395,Y,Yes
105396,No,No
105397,No,No
105398,No,Yes
105399,Yes,No
105400,No,No
105401,Yes,No
105402,Yes,No
105403,Yes,No
105404,No,No
105405,No,No
105406,No,No
105407,Yes,No
105408,Y,No
105409,No,No
105410,No,Yes
105411,Yes,No
105412,No,Yes
105413,No,No
105414,No,No
105415,No,No
105416,Yes,No
105417,No,No
105418,No,No
105419,Yes,No
105420,No,No
105421,No,No
105422,No,Yes
105423,Yes,No
105424,Yes,No
105425,Yes,No
105426,No,No
105427,No,No
105428,No,No
105429,Yes,Yes
105430,Yes,No
105431,No,Yes
105432,No,Yes
105433,No,No
105434,Yes,No
105435,No,No
105436,Yes,No
105437,No,No
105438,No,No
105439,Yes,No
105440,Yes,No
105441,Yes,No
105442, No,No
105443,Yes,No
105444,No,No
105445,No,No
105446,No,No
105447,Yes,No
105448,No,No
105449,Yes,No
105450,No,No
105451,No,No
105452,No,No
105453,Yes,No
105454,Yes,No
105455,No,No
105456,No,No
105457,No,No
105458,No,No
105459,Yes,No
105460,Yes,No
105461,No,No
105462,Yes,No
105463,No,No
105464,No,No
105465,No,No
105466,Yes,No
105467,No,Yes
105468,No,Yes
105469,Yes,No
105470,Yes,No
105471,No,No
105472,Yes,No
105473,No,No
105474,No,No
105475,Yes,No
105476,No,No
105477,No,No
105478,No,No
105479,Yes,Yes
105480,No,No
105481,Yes,No
105482,No,No
105483,No,No
105484,No,No
105485,Yes,No
105486,No,No
105487,Yes,No
105488,Yes,No
105489,Yes,No
105490,No,No
105491,No,Yes
105492,No,No
105493,No,No
105494,No,No
105495,No,No
105496,No,No
105497,No,No
105498,No,No
105499,Yes,No
105500,Yes,No
105501,Yes,Yes
105502,No,Yes
105503,No,No
105504,Yes,No
105505,Yes,Yes
105506,No,Yes
105507,No,No
105508,No,No
105509,Yes,No
105510,Yes,No
105511,No,No
105512,No,No
105513,Yes,No
105514,Yes,No
105515,Yes,No
105516,No,No
105517,No,No
105518,No,No
105519,No,No
105520,No,No
105521,No,No
105522,Yes,Yes
105523,Yes,No
105524,Yes,No
105525,No,No
105526,No,no
105527,Yes,No
105528,Yes,No
105529,Yes,No
105530,No,No
105531,No,No
105532,Yes,No
105533,No,Yes
105534,No,No
105535,Yes,No
105536,Yes,No
105537,No,No
105538,No,No
105539,Yes,No
105540,Yes,No
105541,No,No
105542,Yes,No
105543,Yes,No
105544,No,No
105545,No,No
105546,No,No
105547,Yes,No
105548,No,No
105549,No,No
105550,Yes,No
105551,No,No
105552,No,No
105553,No,No
105554,No,No
105555,No,No
105556,Yes,Yes
105557,Yes,No
105558,Yes,No
105559,Yes,Yes
105560,No,Yes
105561,Yes,Yes
105562,Yes,No
105563,No,Yes
105564,Yes,No
105565,No,No
105566,Yes,No
105567,No,No
105568,No,No
105569,No,No
105570,Yes,No
105571,No,Yes
105572,Yes,No
105573,Yes,No
105574,No,No
105575,No,No
105576,Yes,No
105577,Yes,No
105578,Yes,No
105579,Yes,No
105580,Yes,No
105581,No,Yes
105582,No,No
105583,No,No
105584,Yes,No
105585,No,No
105586,No,No
105587,No,No
105588,No,No
105589,No,No
105590,No,No
105591,Yes,No
105592,Yes,No
105593,No,No
105594,Yes,No
105595,No,No
105596,No,No
105597,No,Yes
105598,Yes,No
105599,No,No
105600,No,No
105601,No,No
105602,No,No
105603,No,No
105604,Yes,No
105605,Yes,No
105606,No,No
105607,Yes,No
105608,Yes,No
105609,Yes,Yes
105610,Yes,No
105611,Yes,Yes
105612,No,No
105613,No,No
105614,No,No
105615,No,No
105616,No,No
105617,Yes,No
105618,Yes,No
105619,No,Yes
105620,No,No
105621,N,nan
105622,Yes,No
105623,No,No
105624,Yes,No
105625,Yes,No
105626,Yes,No
105627,Yes,No
105628,Yes,Yes
105629,Yes,No
105630,No,No
105631,No,No
105632,No,No
105633,No,Yes
105634,Yes,No
105635,No,N
105636,Yes,No
105637,No,No
105638,No,No
105639,No,No
105640,No,No
105641,No,No
105642,No,No
105643,Yes,Yes
105644,No,No
105645,Yes,No
105646,No,Yes
105647,No,No
105648,Yes,No
105649,No,No
105650,No,No
105651,No,No
105652,No,No
105653,No,Yes
105654,No,No
105655,No,No
105656,No,No
105657,No,No
105658,No,No
105659,Yes,No
105660,No,No
105661,No,No
105662,No,No
105663,Yes,No
105664,No,No
105665,No,No
105666,Yes,Yes
105667,No,No
105668,No,No
105669,Yes,No
105670,Yes,No
105671,No,No
105672,Yes,No
105673,No,No
105674,No,No
105675,Yes,Yes
105676,No,Yes
105677,Yes,No
105678,Yes,No
105679,No,Yes
105680,Yes,No
105681,Yes,Yes
105682,No,No
105683,No,No
105684,Yes,No
105685,Yes,No
105686,Yes,No
105687,No,Yes
105688,Yes,No
105689,No,No
105690,Yes,No
105691,No,No
105692,Yes,No
105693,yes,No
105694,No,No
105695,No,No
105696,Yes,No
105697,No,No
105698,No,No
105699,No,No
105700,Yes,No
105701,No,No
105702,No,No
105703,No,No
105704,No,No
105705,No,No
105706,No,Yes
105707,Yes,No
105708,No,No
105709,No,No
105710,Yes,No
105711,No,No
105712,Yes,Yes
105713,No,No
105714,Yes,Yes
105715,No,No
105716,Yes,Yes
105717,No,No
105718, Ye,No
105719,Yes,No
105720,Yes,No
105721,No,No
105722,No,No
105723,Yes,No
105724,No,No
105725,Yes,Yes
105726,Yes,No
105727,No,No
105728,Yes,No
105729,Yes,No
105730,No,No
105731,No,No
105732,Yes,Yes
105733,Yes,No
105734,No,No
105735,No,Yes
105736,Yes,No
105737,Yes,No
105738,No,No
105739,Yes,No
105740,No,No
105741,No,No
105742,No,Yes
105743,Yes,No
105744,Yes,No
105745,No,No
105746,Yes,No
105747,Yes,No
105748,No,No
105749,Yes,No
105750,No,No
105751,No,No
105752,Yes,No
105753,No,No
105754,Yes,No
105755,No,No
105756,No,No
105757,Yes,No
105758,No,No
105759,No,No
105760,No,No
105761,No,No
105762,No,No
105763,Yes,No
105764,No,No
105765,No,No
105766,No,No
105767,No,No
105768,No,No
105769,No,No
105770,No,No
105771,No,No
105772,Yes,No
105773,No,No
105774,No,Yes
105775,No,No
105776,Yes,N
105777,No,Yes
105778,Yes,No
105779,No,No
105780,No,Yes
105781,No,No
105782,Yes,No
105783,Yes,No
105784,Yes,No
105785,Yes,No
105786,No,No
105787,No,No
105788,No,no
105789,Yes,N
105790,No,Yes
105791,No,No
105792,No,No
105793,No,No
105794,Yes,Yes
105795,No,No
105796,Yes,No
105797,No,No
105798,No,No
105799,No,No
105800,Yes,No
105801,No,No
105802,No,No
105803,Yes,Yes
105804,Yes,No
105805,No,No
105806,No,No
105807,No,No
105808,No,No
105809,Yes,Yes
105810,No,No
105811,No,No
105812,No,No
105813,No,No
105814,No,No
105815,No,No
105816,Yes,Yes
105817,No,No
105818,Yes,Yes
105819,No,No
105820,No,No
105821,Yes,No
105822,No,No
105823,Yes,Yes
105824,Yes,No
105825,No,No
105826,Yes,N
105827,No,No
105828,Yes,No
105829,Yes,No
105830,No,No
105831,Yes,No
105832,No,No
105833,No,No
105834,No,No
105835,No,Yes
105836,Yes,No
105837,No,No
105838,nan,No
105839,No,No
105840,Yes,No
105841,No,No
105842,Yes,No
105843,Yes,No
105844,No,No
105845,No,No
105846,Yes,No
105847,Yes,No
105848,Yes,No
105849,Yes,No
105850,No,No
105851,No,No
105852,No,No
105853,No,Yes
105854,Yes,No
105855,No,No
105856,No,No
105857,No,No
105858,Yes,No
105859,No,No
105860,No,No
105861,No,No
105862,No,Yes
105863,Yes,No
105864,No,No
105865,No,No
105866,No,No
105867,No,No
105868,No,No
105869,no,No
105870,No,No
105871,Yes,No
105872,Yes,No
105873,Yes,No
105874,Yes,No
105875,Yes,No
105876,Yes,Yes
105877,No,No
105878, No,No
105879,Yes,No
105880,Yes,No
105881,No,No
105882,N,No
105883,No,No
105884,No,No
105885,No,No
105886,No,No
105887,No,No
105888,No,No
105889,No,No
105890,Yes,No
105891,Yes,No
105892,No,No
105893,Yes,No
105894,Yes,No
105895,No,No
105896,No,No
105897,Yes,N
105898,No,No
105899,No,No
105900,No,No
105901,Yes,No
105902,No,No
105903,Yes,No
105904,No,No
105905,Yes,No
105906,No,No
105907,Yes,No
105908,Yes,No
105909,No,No
105910,Y,No
105911,Yes,Yes
105912,Yes,No
105913,No,No
105914,Yes,No
105915,Yes,Yes
105916,No,No
105917,Yes,No
105918,No,Yes
105919,No,No
105920,No,No
105921,Yes,No
105922,Yes,No
105923,No,No
105924,Yes,No
105925,No,No
105926,Yes,No
105927,No,No
105928,No,No
105929,No,No
105930,No,No
105931,Yes,No
105932,No,No
105933,Yes,No
105934,No,No
105935,Yes,No
105936,No,No
105937,No,No
105938,Yes,No
105939,Yes,No
105940,No,Yes
105941,No,No
105942,Yes,No
105943,No,No
105944,No,No
105945,No,No
105946,No,No
105947,No,No
105948,Yes,No
105949,Yes,No
105950,No,No
105951,Yes,Yes
105952,No,No
105953,No,No
105954,Yes,No
105955,No,No
105956,Yes,Yes
105957,Yes,No
105958,No,No
105959,No,Yes
105960,No,No
105961,No,No
105962,Yes,No
105963,Yes,No
105964,Yes,No
105965,Yes,No
105966,No,No
105967,No,No
105968,Yes,No
105969,Yes,No
105970,No,No
105971,No,No
105972,No,No
105973,No,No
105974,No,No
105975,No,No
105976,No,Yes
105977,No,No
105978,Yes,No
105979,No,No
105980,Yes,No
105981,Yes,No
105982,No,Yes
105983,No,Yes
105984,Yes,No
105985,No,No
105986,No,Yes
105987,No,Yes
105988,No,No
105989,No,No
105990,No,No
105991,No,No
105992,No,No
105993,Yes,Yes
105994,No,No
105995,Yes,No
105996,No,No
105997,Yes,No
105998,No,No
105999,No,No
106000,No,Yes
106001,No,No
106002,No,No
106003,Yes,No
106004,No,No
106005,No,Yes
106006,No,No
106007,Yes,No
106008,No,No
106009,Yes,Yes
106010,No, No
106011,No,No
106012,No,No
106013,No,No
106014,No,No
106015,No,No
106016,No,No
106017,No,Yes
106018,Yes,Yes
106019,Yes,yes
106020,Yes,Yes
106021,Yes,No
106022,Yes,No
106023,No,No
106024,No,No
106025,No,No
106026,No,No
106027,Yes,No
106028,Yes,No
106029,Yes,No
106030,Yes,No
106031,No,No
106032,Yes,Yes
106033,Yes,No
106034,No,No
106035,No,nan
106036,Yes,No
106037,Yes,No
106038,Yes,No
106039,Yes,No
106040,No,No
106041,No,No
106042,No,Yes
106043,No,No
106044,Yes,Yes
106045,No,No
106046,Yes,No
106047,Yes,Yes
106048,No,No
106049,Yes,No
106050,No,No
106051,No,No
106052,Yes,No
106053,Yes,Yes
106054,Yes,Yes
106055,Yes,Yes
106056, No,No
106057,Yes,No
106058,No,No
106059,No,No
106060,No,No
106061,No,No
106062,No,No
106063,No,No
106064,No,No
106065,Yes,No
106066,No,No
106067,Yes,No
106068,No,No
106069,No,No
106070,No,No
106071,No,No
106072,Yes,No
106073,Yes,Yes
106074,Yes,No
106075,Yes,No
106076,No,No
106077,No,No
106078,No,No
106079,Yes,No
106080,No,No
106081,Yes,No
106082,No,No
106083,Yes,No
106084,No,Yes
106085,No,No
106086,No,Yes
106087,No,No
106088,Yes,Yes
106089,Yes,No
106090,No,Yes
106091,No,No
106092,Yes,No
106093,Y,No
106094,No,No
106095,No,Yes
106096,No,Yes
106097,Yes,No
106098,No,No
106099,No,No
106100,Yes,Yes
106101,Yes,No
106102,No,No
106103,No,No
106104,No,No
106105,Yes,Yes
106106,No,No
106107,No,No
106108,No,No
106109,Yes,No
106110,Yes,No
106111,No,No
106112,Yes,No
106113,Yes,No
106114,Yes,Yes
106115,No,No
106116,No,No
106117,Yes,No
106118,Yes,No
106119,No,No
106120,Yes,No
106121,Yes,Yes
106122,Yes,No
106123,No,No
106124,No,Yes
106125,No,No
106126,Yes,No
106127,No,No
106128,Yes,No
106129,Yes,no
106130,No,No
106131,No,No
106132,Yes,No
106133,Yes,No
106134,Yes,No
106135,No,No
106136,No,No
106137,Yes,No
106138,No,No
106139,No,No
106140,Yes,N
106141,Yes,No
106142,No,No
106143,No,No
106144,Yes,Yes
106145,No,No
106146,No,No
106147,Yes,Yes
106148,No,No
106149,Yes,No
106150,Yes,No
106151,No,Yes
106152,No,No
106153,No,No
106154,No,No
106155,Yes,No
106156,No,No
106157,No,No
106158,Yes,No
106159,No,No
106160,Yes,No
106161,Yes,No
106162,No,No
106163,No,No
106164,Yes,No
106165,Yes,No
106166,Yes,Yes
106167,No,No
106168,Yes,Yes
106169,No,No
106170,Yes,Yes
106171,No,No
106172,no,No
106173,No,Yes
106174,No,Yes
106175,No,No
106176,No,No
106177,N,No
106178,No,No
106179,Yes,No
106180,No,No
106181,Yes,No
106182,No,No
106183,No,No
106184,Yes,No
106185,No,No
106186,No,No
106187,No,No
106188,Yes,Yes
106189,No,No
106190,Yes,No
106191,No,No
106192,No,No
106193,No,No
106194,No,Yes
106195,Yes,No
106196,No,No
106197,Yes,No
106198,No,No
106199,No,No
106200,Yes,nan
106201,Yes,No
106202,Yes,No
106203,Yes,No
106204,No,No
106205,Yes,Yes
106206,Yes,No
106207,No,No
106208,No,No
106209,Yes,No
106210,No,No
106211,No,Yes
106212,Yes,No
106213,No,No
106214,No,No
106215,No,No
106216,No,No
106217,No,No
106218,Yes,No
106219,No,No
106220,No,Yes
106221,Yes,No
106222,No,No
106223,No,No
106224,No,Yes
106225,No,No
106226,Yes,No
106227,Yes,No
106228,Yes,No
106229,No,No
106230,No,No
106231,No,No
106232,No,No
106233,Yes,No
106234,No,No
106235,Yes,No
106236,Yes,No
106237,No,No
106238,Yes,Yes
106239,No,No
106240,No,No
106241,No,No
106242,No,No
106243,No,No
106244,No,No
106245,Yes,No
106246,No,No
106247,No,no
106248,No,Yes
106249,No,No
106250,No,No
106251,No,No
106252,No,No
106253,Yes,No
106254,Yes,No
106255,Yes,No
106256,Yes,Yes
106257,Yes,Yes
106258,No,Yes
106259,No,No
106260,No,No
106261,Yes,No
106262,Yes,Yes
106263,Yes,Yes
106264,No,No
106265,Yes,No
106266,Yes,No
106267,No,Yes
106268,Yes,No
106269,No,No
106270,No,No
106271,No,No
106272,No,No
106273,Yes,Yes
106274,Yes,No
106275,Yes,No
106276,No,No
106277,No,No
106278,No,No
106279,No,No
106280,Yes,No
106281,Yes,No
106282,Yes,Yes
106283,Yes,No
106284,No,No
106285,Yes,No
106286,No,No
106287,No,Yes
106288,No,No
106289,No,No
106290,No,No
106291,No,No
106292,Yes,No
106293,No,No
106294,Yes,No
106295,No,No
106296,No,No
106297,Yes,No
106298,Yes,No
106299,Yes,No
106300, Ye,No
106301,No,No
106302,Yes,No
106303,Yes,No
106304,No,No
106305,Yes,No
106306,Yes,No
106307,Yes,No
106308,Yes,No
106309,Yes,No
106310,No,No
106311,Yes,No
106312,Yes,Yes
106313,No,No
106314,Yes,No
106315,No,No
106316,Yes,No
106317,No,No
106318,Yes,No
106319,No,No
106320,No,No
106321,No,No
106322,No,No
106323,No,No
106324,No,Yes
106325,Yes,No
106326,No,No
106327,No,No
106328,Yes,No
106329,Yes,No
106330,No,No
106331,No,No
106332,No,No
106333,Yes,No
106334,Yes,No
106335,Yes,No
106336,Yes,No
106337,Yes,No
106338,No,No
106339,Yes,No
106340,No,No
106341,No,No
106342,No,No
106343,No,No
106344,Yes,No
106345,No,No
106346,Yes,No
106347,Yes,No
106348,No,No
106349,No,Yes
106350,No,No
106351,No,No
106352,No,No
106353,No,No
106354,No,no
106355,Yes,No
106356,Yes,Yes
106357,Yes,No
106358,Yes,N
106359,No,No
106360,Yes,Yes
106361,No,No
106362,No,No
106363,No,Yes
106364,No,No
106365,No,No
106366,No,No
106367,Yes,No
106368,No,No
106369,Yes,No
106370,No,No
106371,Yes,No
106372,No,No
106373,No,No
106374,No,No
106375,Yes,No
106376,No,No
106377,No,No
106378,Yes,Yes
106379,Yes,No
106380,Yes,Yes
106381,Yes,No
106382,Yes,No
106383,No,No
106384,Yes,No
106385,Yes,No
106386,No,N
106387,No,No
106388,No,No
106389,No,No
106390,No,No
106391,No,No
106392,No,No
106393,Yes,No
106394,Yes,No
106395,No,No
106396,Yes,No
106397,Yes,No
106398,Yes,Yes
106399,No,No
106400,Yes,Yes
106401,No,No
106402,No,No
106403,No,No
106404,no,No
106405,Yes,No
106406,No,No
106407,No,No
106408,No,No
106409,No,Yes
106410,Yes,No
106411,Yes,No
106412,No,No
106413,No,No
106414,No,Yes
106415,No,No
106416,No,No
106417,No,No
106418,Yes,No
106419,No,No
106420,No,No
106421,Yes,No
106422,Yes,No
106423,No,No
106424,Yes,No
106425,No,No
106426,No,No
106427,No,No
106428,No,No
106429,No,No
106430,Yes,No
106431,No,No
106432,No,No
106433,Yes,No
106434,Yes,No
106435,Yes,No
106436,Yes,No
106437,No,No
106438,Yes,No
106439,Yes,No
106440,No,No
106441,Yes,No
106442,No,Yes
106443,No,No
106444,Yes,No
106445,Yes,No
106446,Yes,No
106447,No,No
106448,No,No
106449,No,No
106450,No,No
106451,Yes,Yes
106452,No,No
106453,No,No
106454,No,Yes
106455,no,No
106456,Yes,Yes
106457,Yes,No
106458,No,No
106459,No,No
106460,Yes,No
106461,No,No
106462,No,Yes
106463,No,No
106464,Yes,No
106465,No,No
106466,No,No
106467,No,No
106468,No,No
106469,No,No
106470,No,No
106471,No,No
106472,No,No
106473,No,No
106474,Yes,No
106475,No,Yes
106476,Yes,No
106477,No,No
106478,No,No
106479,No,No
106480,No,Yes
106481,No,No
106482,Yes,Yes
106483,Yes,No
106484, Ye,No
106485,No,No
106486,No,No
106487,No,Yes
106488,No,No
106489,No,Yes
106490,Yes,Yes
106491,No,No
106492,No,No
106493,Yes,No
106494,Yes,No
106495,Yes,No
106496,No,No
106497,No,No
106498,Yes,No
106499,No,No
106500,Yes,Yes
106501,No,No
106502,No,No
106503,No,No
106504,No,No
106505,Yes,No
106506,No,No
106507,Yes,No
106508,No,No
106509,No,No
106510,Yes,No
106511,Yes,No
106512,No,No
106513,No,No
106514,No,No
106515,No,No
106516,No,Yes
106517,Yes,No
106518,Yes,No
106519,No,No
106520,Yes,No
106521,No,No
106522,Yes,Yes
106523,Yes,Yes
106524,Yes,No
106525,Yes,No
106526,Yes,Yes
106527,No,No
106528,Yes,No
106529,Yes,Yes
106530,Yes,No
106531,Yes,No
106532,No,Yes
106533,Yes,No
106534,No,No
106535,No,Yes
106536,Yes,No
106537,Yes,Yes
106538,Yes,No
106539,No,No
106540,No,No
106541,No,No
106542,Yes,No
106543,Yes,No
106544,No,No
106545,Yes,No
106546,No,No
106547,Yes,Yes
106548,Yes,No
106549,Yes,No
106550,No,No
106551,No,No
106552,Yes,No
106553,Yes,No
106554,No,Yes
106555,Yes,No
106556,No,No
106557,No,No
106558,No,No
106559,No,No
106560,No,No
106561,No,No
106562,No,No
106563,Yes,No
106564,Yes,No
106565,No,No
106566,Yes,No
106567,Yes,No
106568,Yes,No
106569,No,Yes
106570,No,No
106571,No,No
106572,No,No
106573,No,No
106574,Yes,No
106575,No,Yes
106576,No,No
106577,Yes,No
106578,Yes,No
106579,No,No
106580,Yes,No
106581,No,No
106582,Yes,Yes
106583,Yes,No
106584,Yes,No
106585,No,No
106586,Yes,No
106587,Yes,No
106588,No,No
106589,No,No
106590,No,No
106591,No,Yes
106592,No,Yes
106593,Yes,Yes
106594,No,No
106595,No,No
106596,No,No
106597, Ye,No
106598,No,No
106599,Yes,No
106600,No,No
106601,No,Yes
106602,Yes,No
106603,Yes,Yes
106604,No,Yes
106605,No,No
106606,Yes,No
106607,Yes,No
106608,Yes,Yes
106609,No,No
106610,No,No
106611,No,No
106612,No,No
106613,No,No
106614,No,No
106615,No,No
106616,No,No
106617,No,No
106618,No,No
106619,No,No
106620,Yes,No
106621,Yes,No
106622,Yes,No
106623,No,No
106624,Yes,Yes
106625,Yes,No
106626,Yes,No
106627,Yes,Yes
106628,Yes,No
106629,No,No
106630,No,No
106631,No,N
106632,No,No
106633,Yes,No
106634,No,No
106635,Yes,No
106636,No,No
106637,Yes,No
106638,No,No
106639,No,No
106640,No,Yes
106641,Yes,No
106642,Yes,No
106643,No,Yes
106644,Yes,No
106645,No,No
106646,No,Yes
106647,Yes,No
106648,Yes,No
106649,Yes,No
106650,Yes,Yes
106651,No,No
106652,No,No
106653,No,No
106654,Yes,Yes
106655,Yes,No
106656,Yes,No
106657,No,No
106658,No,No
106659,No,No
106660,No,No
106661,nan,No
106662,No,No
106663,Yes,No
106664,No,No
106665,No,No
106666,No,No
106667,Yes,No
106668,Yes,Yes
106669,No,No
106670,No,No
106671,No,No
106672,No,No
106673,Yes,No
106674,Yes,No
106675,Yes,No
106676,no,No
106677,Yes,No
106678,No,No
106679,No,No
106680,No,No
106681,No,No
106682,No,No
106683,No,Yes
106684,No,Yes
106685,No,No
106686,No,No
106687,No,No
106688,No,No
106689,No,No
106690,Yes,No
106691,No,No
106692,Yes,No
106693,Yes,No
106694,No,No
106695,Yes,Yes
106696,No,No
106697,Yes,No
106698,Yes,No
106699,Yes,No
106700,No,No
106701,Yes,No
106702,No,No
106703,No,No
106704,No,No
106705,No,No
106706,Yes,nan
106707,No,Yes
106708,Yes,Yes
106709,Yes,No
106710,No,No
106711,No,No
106712,No,No
106713,Yes,No
106714,No,No
106715,No,Yes
106716,Yes,No
106717,Yes,No
106718,No,No
106719,Yes,No
106720,No,No
106721,No,No
106722,No,No
106723,No,No
106724,No,No
106725,Yes,No
106726,Yes,No
106727,No,No
106728,No,No
106729,No,No
106730,Yes,No
106731,Yes,No
106732,Yes,No
106733,No,No
106734,Yes,No
106735,Yes,No
106736,Yes,Yes
106737,No,No
106738,No,No
106739,No,No
106740,No,No
106741,No,Yes
106742,Yes,No
106743,Yes,Yes
106744,Yes,Yes
106745,No,No
106746,No,No
106747,Yes,No
106748,No,No
106749,No,No
106750,Yes,No
106751,Yes,No
106752,No,No
106753,Yes,No
106754,Yes,No
106755,Yes,No
106756,No,No
106757,No,No
106758,Yes,Yes
106759,No,No
106760,No,No
106761,No,No
106762,Yes,No
106763,No,No
106764,yes,No
106765,Yes,No
106766,Yes,No
106767,Yes,Yes
106768,Yes,No
106769,Yes,No
106770,No,No
106771,No,No
106772,Yes,No
106773,No,No
106774,Yes,No
106775,Yes,No
106776,No,No
106777,Yes,No
106778,Yes,No
106779,Yes,No
106780,No,No
106781,No,No
106782,No,No
106783,Yes,No
106784,Yes,Yes
106785,No,No
106786,No,No
106787,Yes,No
106788,Yes,No
106789,yes,Yes
106790,Yes,Yes
106791,No,No
106792,No,No
106793,No,Yes
106794,No,No
106795,No,No
106796,No,No
106797,No,No
106798,Yes,No
106799,No,No
106800,No,Yes
106801,Yes,Yes
106802,No,No
106803,No,No
106804,No,Yes
106805,Yes,Yes
106806,Yes,Yes
106807,No,No
106808,No,Yes
106809,Yes,N
106810,No,No
106811,No,No
106812,Yes,No
106813,No,No
106814,No,No
106815,Yes,No
106816,Yes,No
106817,No,No
106818,No,No
106819,No,No
106820,No,Yes
106821,No,No
106822,Yes,No
106823,No,No
106824,No,No
106825,Yes,No
106826,Yes,No
106827,Yes,No
106828,Yes,No
106829,Yes,No
106830,Yes,No
106831,Yes,No
106832,No,No
106833,Yes,No
106834,No,Yes
106835,No,No
106836,No,No
106837,No,Yes
106838,Yes,Yes
106839,No,No
106840,No,No
106841,No,No
106842,No,Yes
106843,Yes,Yes
106844,Yes,No
106845,Yes,No
106846,No,No
106847,Yes,No
106848,Yes,No
106849,No,No
106850,Yes,Yes
106851,No,No
106852,No,No
106853,No,No
106854,Yes,Yes
106855,Yes,No
106856,No,Yes
106857,Yes,No
106858,No,No
106859,Yes,Yes
106860,No,No
106861,Yes,No
106862,Yes,Yes
106863,No,No
106864,Yes,No
106865,No,No
106866,No,No
106867,No,No
106868,No,No
106869,No,No
106870,Yes,No
106871,Yes,No
106872,No,No
106873,No,No
106874,No,No
106875,Yes,No
106876,Yes,No
106877,No,No
106878,Yes,No
106879,No,No
106880,No,No
106881,Yes,No
106882,Yes,No
106883,No,No
106884,Yes,Yes
106885,Yes,No
106886,Yes,No
106887,No,No
106888,No,No
106889,Yes,No
106890,Yes,No
106891,No,No
106892,No,No
106893,No,No
106894,Yes,No
106895,No,No
106896,Yes,No
106897,Yes,No
106898,No,N
106899,No,No
106900,No,No
106901,Yes,No
106902,No,No
106903,Yes,No
106904,Yes,No
106905,Yes,No
106906,No,Yes
106907,No,No
106908,Yes,No
106909,Yes,No
106910,No,No
106911,No,Yes
106912,No,No
106913,Yes,No
106914,Yes,No
106915,Yes,No
106916,No,No
106917,Yes,No
106918,No,No
106919,Yes,Yes
106920,No,Yes
106921,Yes,No
106922,No,No
106923,No,Yes
106924,Yes,No
106925,Yes,No
106926,Yes,No
106927,No,No
106928,No,No
106929,Yes,No
106930,No,Yes
106931,No,Yes
106932,No,No
106933,No,No
106934,No,No
106935,No,Yes
106936,No,No
106937,No,No
106938,No,No
106939,No,Yes
106940,No,Yes
106941,Yes,No
106942,Yes,No
106943,No,No
106944,Yes,Yes
106945,No,No
106946,No,No
106947,Yes,No
106948,No,No
106949,No,No
106950,No,No
106951,Yes,Yes
106952,Yes,No
106953,No,No
106954,No,Yes
106955,Yes,Yes
106956,Yes,No
106957,No,No
106958,No,No
106959,Yes,No
106960,Yes,No
106961,No,No
106962,No,No
106963,No,No
106964,No,Yes
106965,Yes,Yes
106966,No,No
106967,Yes,No
106968,No,No
106969,No,Yes
106970,Yes,No
106971,Yes,No
106972,Yes,No
106973,No,No
106974,No,Yes
106975,No,No
106976,No,No
106977,No,No
106978,No,Yes
106979,No,No
106980,Yes,No
106981,Yes,No
106982,Yes,No
106983,Yes,No
106984,Yes,No
106985,No,Yes
106986,No,No
106987,No,No
106988,No,No
106989,No,Yes
106990,No,No
106991,No,No
106992,Yes,No
106993,No,No
106994,No,No
106995,Yes,No
106996,No,No
106997,Yes,No
106998,Yes,No
106999,No,No
107000,No,No
107001,Yes,No
107002,No,No
107003,Yes,No
107004,No,No
107005,Yes,No
107006,No,Yes
107007,Yes,No
107008,Yes,No
107009,No,No
107010,No,No
107011,No,Yes
107012,Yes,No
107013,No,No
107014,No,No
107015,No,No
107016,Yes,Yes
107017,Yes,No
107018,No,N
107019,Yes,No
107020,No,No
107021,No,No
107022,No,No
107023,Yes,No
107024,No,No
107025,No,Yes
107026,Yes,No
107027,No,Yes
107028, No,Yes
107029,Yes,No
107030,No,No
107031,Yes,No
107032,No,Yes
107033,Yes,No
107034,No,No
107035,No,No
107036,Yes,No
107037,Yes,No
107038,No,No
107039,No,Yes
107040,Yes,No
107041,No,No
107042,Yes,No
107043,No,No
107044,No,No
107045,No,Yes
107046,Yes,No
107047,Yes,No
107048,No,No
107049,Yes,No
107050,No,No
107051,Yes,No
107052,Yes,No
107053,Yes,No
107054,No,No
107055,No,No
107056,No,No
107057,No,No
107058,Yes,Yes
107059,Yes,No
107060,No,No
107061,No,No
107062,No,No
107063,Yes,Yes
107064,No,No
107065,No,Yes
107066,No,No
107067,No,Yes
107068,Yes,Yes
107069,Yes,No
107070,No,No
107071,No,No
107072,No,No
107073,No,Yes
107074,No,No
107075,Yes,No
107076,No,No
107077,Yes,No
107078,No,No
107079,Yes,No
107080,No,Yes
107081,Yes,No
107082,No,No
107083,No,No
107084,Yes,Yes
107085,No,No
107086,No,No
107087,No,No
107088,No,No
107089,Yes,No
107090,No,Yes
107091,No,No
107092,No,No
107093,Yes,Yes
107094,No,No
107095,No,Yes
107096,Yes,No
107097,Yes,No
107098,No,No
107099,Yes,No
107100,No,No
107101,No,Yes
107102,Yes,Yes
107103,No,No
107104,Yes,No
107105,No,No
107106,Yes,No
107107,Yes,No
107108,No,No
107109,Yes,No
107110,No,No
107111,Yes,Yes
107112,Yes,No
107113,Yes,No
107114,No,No
107115,Yes,No
107116,No,No
107117,No,No
107118,No,No
107119,Yes,No
107120,Yes,No
107121,No,No
107122,No,No
107123,No,No
107124,Yes,No
107125,No,No
107126,Yes,No
107127,Yes,No
107128,Yes,No
107129,Yes,No
107130,No,No
107131,No,Yes
107132,Yes,No
107133,No,No
107134,No,No
107135,Yes,No
107136,Yes,Yes
107137,No,No
107138,No,No
107139,Yes,No
107140,Yes,No
107141,No,No
107142,Yes,Yes
107143,Yes,No
107144,No,No
107145,No,No
107146,No,Yes
107147,Yes,No
107148,Yes,No
107149,No,No
107150,No,No
107151,No,No
107152,No,No
107153,No,Yes
107154,Yes,No
107155,Yes,No
107156,No,No
107157,Yes,Yes
107158,Yes,No
107159,No,No
107160,No,No
107161,No,No
107162,Yes,No
107163,No,No
107164,No,No
107165,No,Yes
107166,Yes,Yes
107167,Yes,No
107168,Yes,Yes
107169,Yes,Yes
107170,No,No
107171,No,No
107172, No,No
107173,No,No
107174,Yes,No
107175,Yes,N
107176,No,No
107177,No,No
107178,Yes,No
107179,No,No
107180,No,N
107181,No,Yes
107182,Yes,Yes
107183,Yes,No
107184,No,No
107185,Yes,No
107186,Yes,No
107187,No,No
107188,Yes,Yes
107189,No,No
107190,No,No
107191,No,No
107192,No,No
107193,No,No
107194,Yes,Yes
107195,Yes,No
107196,No,No
107197,Yes,No
107198,Yes,No
107199,No,No
107200,Yes,No
107201,No,No
107202,Yes,No
107203,No,No
107204,No,No
107205,No,No
107206,No,No
107207,No,No
107208,Yes,No
107209,Yes,No
107210,Yes,No
107211,Yes,Yes
107212,Yes,No
107213,Yes,No
107214,Yes,No
107215,No,No
107216,No,No
107217,Yes,No
107218,Yes,Yes
107219,Yes,No
107220,No,No
107221,Yes,No
107222,Yes,No
107223,No,No
107224,Yes,No
107225,Yes,Yes
107226,No,No
107227,No,No
107228,Yes,Yes
107229,No,No
107230,Yes,No
107231,Yes,No
107232,Yes,No
107233,Yes,No
107234,Yes,No
107235,No,No
107236,Yes,No
107237,No,No
107238,No,No
107239,Yes,No
107240,No,Yes
107241,No,No
107242,No,No
107243,No,No
107244,No,No
107245,No,No
107246,Yes,No
107247,No,No
107248,No,No
107249,Yes,No
107250,No,Yes
107251,No,No
107252,No,Yes
107253,No,No
107254,Yes,No
107255,No,No
107256,No,Yes
107257,No,No
107258,No,Yes
107259,No,No
107260,No,Yes
107261,Yes,No
107262,Yes,no
107263,No,No
107264,Yes,No
107265,No,No
107266,No,No
107267,No,No
107268,Yes,No
107269,No,No
107270,No,No
107271,Yes,No
107272,No,No
107273,Yes,No
107274,No,No
107275,No,No
107276,No,No
107277,no,No
107278,No,No
107279,No,No
107280,No,No
107281,Yes,No
107282,No,No
107283,No,No
107284,No,No
107285,No,No
107286,Yes,No
107287,Yes,No
107288,Yes,nan
107289,No,No
107290,No,No
107291,No,No
107292,Yes,No
107293,No,Yes
107294,Yes,Yes
107295,No,No
107296,Yes,No
107297,Yes,No
107298,Yes,No
107299,No,No
107300,Yes,No
107301,Yes,No
107302,No,No
107303,Yes,No
107304,Yes,No
107305,Yes,No
107306,No,No
107307,No,no
107308,No,No
107309,No,No
107310,Yes,No
107311,Yes,No
107312,No,No
107313,No,Yes
107314,No,No
107315,No,No
107316,No,No
107317,No,No
107318,No,No
107319,Yes,No
107320,No,No
107321,No,No
107322,No,No
107323,Yes,No
107324,No,No
107325,No,No
107326,Yes,No
107327,Yes,No
107328,No,No
107329,No,Yes
107330,Yes,No
107331,No,No
107332,No,Yes
107333,No,No
107334,Yes,No
107335,No,No
107336,No,Yes
107337,Yes,No
107338,No,No
107339,Yes,No
107340,No,No
107341,No,No
107342,Yes,No
107343,Yes,No
107344,No,No
107345,No,No
107346,Yes,No
107347,No,No
107348,No,No
107349,No,No
107350,No,No
107351,Yes,Yes
107352,No,No
107353,Yes,No
107354,No,No
107355,No,No
107356,Yes,No
107357,No,No
107358,No,No
107359,No,Yes
107360,No,No
107361,No,No
107362,No,No
107363,No,No
107364,No,No
107365,No,Yes
107366,Yes,Yes
107367,Yes,Yes
107368,No,Yes
107369,Yes,Yes
107370,No,No
107371,Yes,No
107372,No,No
107373,No,No
107374,Yes,No
107375,No,No
107376,No,No
107377,No,No
107378,No,No
107379,Yes,No
107380,No,No
107381,No,No
107382,Yes,No
107383,No,No
107384,nan,No
107385,No,No
107386,Yes,Yes
107387,Yes,No
107388,No,Yes
107389,No,No
107390,No,No
107391,No,No
107392,Yes,No
107393,Yes,No
107394,Yes,No
107395,Yes,No
107396,Yes,Yes
107397,No,No
107398,Yes,No
107399,Yes,No
107400,No,No
107401,No,No
107402,Yes,No
107403,No,No
107404,Yes,No
107405,No,No
107406,Yes,No
107407,No,No
107408,No,No
107409,No,No
107410,Yes,No
107411,Yes,No
107412,No,No
107413,Yes,No
107414,Yes,No
107415,No,No
107416,Yes,No
107417,Yes,No
107418,Yes,No
107419,No,No
107420,Yes,No
107421,Yes,No
107422,nan,No
107423,No,No
107424,No,Yes
107425,Yes,No
107426,Yes,No
107427,No,No
107428,Yes,No
107429,No,Yes
107430,No,No
107431,No,Yes
107432,No,No
107433,Yes,Yes
107434,No,No
107435,Yes,No
107436,Yes,No
107437,No,No
107438,No,No
107439,Yes,No
107440,No,No
107441,Yes,No
107442,Yes,No
107443,No,No
107444,Yes,No
107445,No,No
107446,Yes,No
107447,No,No
107448,Yes,No
107449,No,No
107450,Yes,No
107451,No,Yes
107452,Y,No
107453,No,No
107454,No,No
107455,Yes,No
107456,No,No
107457,No,No
107458,No,No
107459,No,No
107460,No,No
107461,No,No
107462,No,No
107463,No,No
107464,Yes,No
107465,Yes,No
107466,No,No
107467,No,No
107468,No,No
107469,Yes,Yes
107470,Yes,No
107471,Yes,Yes
107472,No,No
107473,no,No
107474,Yes,No
107475,No,No
107476,Yes,No
107477,No,No
107478,Yes,Yes
107479,No,No
107480,No,No
107481,Yes,Yes
107482,Yes,Yes
107483,No,No
107484,Yes,No
107485,Yes,No
107486,No,No
107487,No,No
107488,No,No
107489,No,No
107490,Yes,No
107491,No,Yes
107492,No,No
107493,Yes,Yes
107494,No,No
107495,Yes,No
107496,Yes,No
107497,No,No
107498,Yes,No
107499,Yes,No
107500,No,No
107501,No,Yes
107502,No,No
107503,Yes,No
107504,Yes,No
107505,Yes,No
107506,Yes,No
107507,Yes,No
107508,Yes,No
107509,No,No
107510,Yes,Yes
107511,No,No
107512,No,No
107513,No,No
107514,Yes,No
107515,No,No
107516,No,Yes
107517,No,Yes
107518,No,No
107519,Yes,Yes
107520,Yes,No
107521,No,No
107522,No,Yes
107523,No,No
107524,No,Yes
107525, No,No
107526,Yes,No
107527,No,No
107528,Yes,Yes
107529,Yes,No
107530,No,No
107531,No,No
107532,Yes,No
107533,Yes,No
107534,Yes,Yes
107535,No,Yes
107536,Yes,No
107537,No,No
107538,Yes,No
107539,Yes,Yes
107540,No,No
107541,No,No
107542,No,No
107543,No,No
107544,No,Yes
107545,Yes,No
107546,No,No
107547,No,Yes
107548,No,No
107549,No,Yes
107550,No,No
107551,No,No
107552,No,No
107553,No,No
107554,No,No
107555,Yes,No
107556,Yes,No
107557,No,No
107558,No,No
107559,Yes,No
107560,Yes,Yes
107561,Yes,Yes
107562,Yes,No
107563,No,No
107564,No,No
107565,yes,No
107566,No,No
107567,No,No
107568,Yes,Yes
107569,No,No
107570,Yes,No
107571,No,Yes
107572,No,No
107573, No,No
107574,No,No
107575,No,Yes
107576,No,No
107577,No,No
107578,Yes,No
107579,Yes,No
107580,No,No
107581,No,No
107582,No,No
107583,No,No
107584,Yes,No
107585,No,No
107586,No,No
107587,No,No
107588,No,No
107589,No,No
107590,Yes,No
107591,No,No
107592,Yes,No
107593,No,No
107594,Yes,No
107595,No,Yes
107596,Yes,Yes
107597,No,No
107598,No,No
107599,No,Yes
107600,Yes,No
107601,No,No
107602,No,No
107603,Yes,No
107604,No,Yes
107605,No,No
107606,Yes,No
107607,No,No
107608,Yes,No
107609,No,No
107610,Yes,No
107611,Yes,No
107612,No,No
107613,Yes,No
107614,Yes,No
107615,No,No
107616,No,No
107617,No,No
107618,Yes,No
107619,No,Yes
107620,No,No
107621,No,No
107622,Yes,No
107623,No,Yes
107624,Yes,Yes
107625,Yes, No
107626,Yes,No
107627,No,No
107628,No,No
107629,No,No
107630,Yes,No
107631,Yes,No
107632,Yes,No
107633,No,No
107634,Yes,No
107635,No,No
107636,Yes,No
107637,Yes,No
107638,Yes,no
107639,No,No
107640,Yes,No
107641,Yes,Yes
107642,Yes,No
107643,No,No
107644,No,No
107645,Yes,Yes
107646,No,No
107647,No,No
107648,No,Yes
107649,Yes,No
107650,Yes,Yes
107651,Yes,No
107652,No,No
107653,Yes,No
107654,No,Yes
107655,No,No
107656,No,No
107657,No,No
107658,Yes,Yes
107659,No,No
107660,Yes,Yes
107661,No,No
107662,No,No
107663,Yes,No
107664,No,Yes
107665,Yes,No
107666,No,No
107667,No,No
107668,No,No
107669,Yes,No
107670,No,No
107671,Yes,No
107672,Yes,No
107673,No,Yes
107674,No,No
107675,No,No
107676,No,No
107677,Yes,No
107678,No,No
107679,Yes,No
107680,No,No
107681,Yes,No
107682,Yes,No
107683,Yes,No
107684,No,No
107685,Yes,No
107686,No,Yes
107687,No,No
107688,Yes,no
107689,No,No
107690,Yes,No
107691,No,No
107692,No,No
107693,No,No
107694,No,No
107695,Yes,No
107696,No,No
107697,No,No
107698,Yes,Yes
107699,No,No
107700,Yes,No
107701,Yes,Yes
107702,No,No
107703,No,No
107704,Yes,No
107705,Yes,No
107706,No,No
107707,No,No
107708,No,Yes
107709,Yes,No
107710,No,No
107711,No,No
107712,Yes,No
107713,No,No
107714,Yes,Yes
107715,No,No
107716,No,No
107717,No,No
107718,No,No
107719,Yes,No
107720,No,No
107721,No,Yes
107722,No,No
107723,Yes,No
107724,Yes,Yes
107725,No,No
107726,No,No
107727,No,No
107728,No,No
107729,Yes,Yes
107730,Yes,No
107731,Yes,No
107732,Yes,Yes
107733,No,No
107734,Yes,No
107735,Yes,No
107736,Yes,No
107737,Yes,No
107738,No,No
107739,No,No
107740,Yes,No
107741,No,No
107742,No,No
107743,No,No
107744,Yes,No
107745,No,No
107746,No,No
107747,Yes,Yes
107748,No,No
107749,No,No
107750,Yes,No
107751,Yes,No
107752,No,No
107753,Yes,No
107754,No,No
107755,No,No
107756,No,No
107757,Yes,No
107758,No,No
107759,No,No
107760,No,No
107761,Yes,No
107762,No,No
107763,No,No
107764,No,No
107765,Yes,No
107766,No,No
107767,No,No
107768,No,No
107769,No,No
107770,No,No
107771,No,No
107772,Yes,No
107773,Yes,No
107774,No,No
107775,No,Yes
107776,No,No
107777,No,No
107778,No,No
107779,Yes,No
107780,Yes,No
107781,Yes,No
107782,No,No
107783,Yes,No
107784,No,No
107785,No,No
107786,Yes,No
107787,No,No
107788,No,No
107789,No,No
107790,No,No
107791,No,Yes
107792,Yes,No
107793,No,No
107794,Yes,No
107795,No,Yes
107796,No,No
107797,No,No
107798,Yes,No
107799,No,No
107800,No,No
107801,Y,Yes
107802,Yes,Yes
107803,No,No
107804,No,No
107805,No,No
107806,No,No
107807,No,No
107808,No,No
107809,No,No
107810,Yes,No
107811,Yes,No
107812,No,No
107813,No,No
107814,Yes,No
107815,Yes,No
107816,No,Yes
107817,No,No
107818,No,No
107819,No,No
107820,Yes,No
107821,No,No
107822,No,No
107823,No,No
107824,No,No
107825,No,No
107826,No,No
107827,No,No
107828,No,No
107829,No,No
107830,Yes,No
107831,No,No
107832,Yes,No
107833,No,No
107834,No,No
107835,No,No
107836,Yes,No
107837,No,Yes
107838,Yes,No
107839,No,Yes
107840,No,No
107841,No,No
107842,No,No
107843,Yes,Yes
107844,Yes,No
107845,No,Yes
107846,No,No
107847,No,No
107848,Yes,No
107849,Yes,No
107850,Yes,Yes
107851,No,No
107852,No,Yes
107853,Yes,No
107854,Yes,No
107855,No,No
107856,No,Yes
107857,No,No
107858,No,No
107859,Yes,No
107860,No,No
107861,Yes,No
107862,No,No
107863,No,No
107864,No,No
107865,Yes,No
107866,No,No
107867,No,No
107868,Yes,No
107869,Yes,No
107870,No,No
107871,Yes,No
107872,Yes,Yes
107873,Yes,Yes
107874,No,No
107875,Yes,No
107876,Yes,N
107877,Yes,No
107878,No,No
107879,Yes,No
107880,No,No
107881,No,No
107882,Yes,Yes
107883,No,No
107884,Yes,No
107885,No,No
107886,No,No
107887,No,No
107888,No,No
107889,Yes,No
107890,Yes,No
107891,No,No
107892,Yes,Yes
107893,Yes,Yes
107894,No,No
107895,No,No
107896,No,Yes
107897,Yes,No
107898,No,No
107899,No,No
107900,No,No
107901,Yes,Yes
107902,No,No
107903,No,No
107904,No,No
107905,Yes,No
107906,Yes,Yes
107907,No,No
107908,No,No
107909,No,No
107910,Yes,No
107911,No,No
107912,Yes,No
107913,Yes,No
107914,No,No
107915,No,Yes
107916,No,No
107917,No,No
107918,No,Yes
107919,No,No
107920,No,Yes
107921,No,No
107922,Yes,Yes
107923,No,No
107924,Yes,No
107925,Yes,No
107926,No,Yes
107927,Yes,No
107928,Yes, No
107929,Yes,No
107930,No,Yes
107931,Yes,No
107932,Yes,No
107933,No,No
107934,No,No
107935,Yes,No
107936,Yes,No
107937,No,No
107938,No,No
107939,No,No
107940,Yes,No
107941,No,No
107942,No,No
107943,Yes,No
107944,No,No
107945,No,No
107946,No,No
107947,Yes,No
107948,Yes,No
107949,No,No
107950,No,No
107951,Yes,No
107952,No,No
107953,No,No
107954,Yes,No
107955,No,No
107956,Yes,Yes
107957,No,No
107958,No,No
107959,No,No
107960,No,No
107961,Yes,No
107962,Yes,No
107963,No,No
107964,No,No
107965,Yes,No
107966,No,No
107967,Yes,No
107968,No,No
107969,No,No
107970,No,No
107971,No,No
107972,Yes,No
107973,Yes,No
107974,Yes,No
107975,Yes,No
107976,No,No
107977,No,Yes
107978,No,No
107979,Yes,No
107980,Yes,No
107981,Yes,No
107982,Yes,No
107983,Yes,No
107984,Yes,No
107985,Yes,No
107986,Yes,No
107987,Yes, No
107988,Yes,No
107989,Yes,No
107990,Yes,No
107991,Yes,No
107992,No,No
107993,No,No
107994,Yes,No
107995,Yes,Yes
107996,No,No
107997,Yes,No
107998,No,No
107999,Yes,No
108000,No,No
108001,No,N
108002,No, No
108003,Yes,Yes
108004,No,No
108005,No,No
108006,No,No
108007,No,No
108008,Yes,No
108009,No,No
108010,Yes,No
108011,Yes,No
108012,No,Yes
108013,Yes,Yes
108014,No,No
108015,Yes,No
108016,No,No
108017,No,No
108018,No,Yes
108019,No,No
108020,No,No
108021,No, Ye
108022,No,No
108023,No,No
108024,Yes,Yes
108025,No,No
108026,No,Yes
108027,Yes,No
108028,Yes,No
108029,Yes,No
108030,No,No
108031,Yes,No
108032,Yes,Yes
108033,Yes,No
108034,Yes,No
108035,Yes,No
108036,Yes,Yes
108037,Yes,No
108038,Yes,No
108039,Yes,No
108040,Yes,No
108041,Yes,No
108042,Yes,Yes
108043,No,No
108044,Yes,No
108045,No,No
108046,No,No
108047,Y,No
108048,Yes,No
108049,No,No
108050,No,No
108051,Yes,No
108052,No,No
108053,Yes,Yes
108054,No,No
108055,No,No
108056,No,No
108057,Yes,No
108058,No,No
108059,Yes,No
108060,No,No
108061,No,No
108062,No,No
108063,Yes,No
108064,No,Yes
108065,No,Yes
108066,Yes,No
108067,No,No
108068,Yes,No
108069,No,No
108070,Yes,No
108071,Yes,No
108072,Yes,No
108073,Yes,No
108074,No,No
108075,No,No
108076,Yes,Yes
108077,Yes,No
108078,No,No
108079,Yes,No
108080,Yes,No
108081,No,No
108082,Yes,No
108083,Yes,No
108084,No,No
108085,Yes,No
108086,Yes,No
108087,No,No
108088,No,No
108089,Yes,No
108090,No,No
108091,No,No
108092,No,No
108093,No,No
108094,No,No
108095,No,No
108096,nan,No
108097,No,No
108098,No,Yes
108099,No,No
108100,No,No
108101,No,No
108102,No,No
108103,No,No
108104,No,No
108105,No,No
108106,No,No
108107,Yes,No
108108,Yes,No
108109,No,No
108110,No,No
108111,No,No
108112,No,No
108113,No,No
108114,No,No
108115,No,No
108116,No,No
108117,No,No
108118,No,Yes
108119,No,No
108120,Yes,No
108121,Yes,Yes
108122,No,No
108123,No,No
108124,Yes,No
108125,No,No
108126,No,No
108127,No,No
108128,No,Yes
108129,No,No
108130,Yes,No
108131,No,No
108132,No,No
108133,No,No
108134,No,No
108135,Yes,No
108136,No,No
108137,Yes,No
108138,Yes,Yes
108139,No,No
108140,Yes,Yes
108141,No,No
108142,No,No
108143,Yes,No
108144,No,No
108145,Yes,No
108146,No,No
108147,Yes,No
108148,No,No
108149,Yes,No
108150,No,No
108151,Yes,No
108152,Yes,Yes
108153,No,No
108154,No,No
108155,No,No
108156,No,No
108157,No,No
108158,No,No
108159,No,No
108160,Yes,No
108161,Yes,No
108162,Yes,No
108163,No,Yes
108164,Yes,Yes
108165,No,Yes
108166,No,No
108167,Yes,Yes
108168,No,No
108169,Yes,No
108170,No,No
108171,No,No
108172,No,No
108173,No,No
108174,No,No
108175,No,no
108176,Yes,Yes
108177,No,No
108178,Yes,No
108179,Yes,No
108180,Yes,N
108181,Yes,Yes
108182,Yes,No
108183,No,No
108184,Yes,No
108185,Yes,No
108186,Yes,No
108187,No,No
108188,No,No
108189,No,No
108190,Yes,No
108191,No,No
108192,Yes,No
108193,No,No
108194,No,No
108195,No,No
108196,No,No
108197,Yes,No
108198,No, No
108199,No,No
108200,No,No
108201,No,Yes
108202,Yes,No
108203,No,No
108204,Yes,Yes
108205,Yes,No
108206,Yes,No
108207,Yes,Yes
108208,No,No
108209,Yes,Yes
108210,Yes,Yes
108211,No,No
108212,Yes,No
108213,Yes,No
108214,Yes,No
108215,Yes,No
108216,No,No
108217,Yes,No
108218,No,No
108219,Yes,No
108220,No,No
108221,No,No
108222,No,No
108223,Yes,No
108224,Yes,Yes
108225,No,No
108226,No,No
108227,No,No
108228,No,No
108229,Yes,Yes
108230,No,No
108231,Yes,No
108232,Yes,No
108233,Yes,No
108234,No,No
108235,No,No
108236,Yes,Yes
108237,Yes,No
108238,No,No
108239,No,No
108240,yes,No
108241,Yes,Yes
108242,Yes,No
108243,Yes,No
108244,Yes,No
108245,Yes,No
108246,Yes,No
108247,No,No
108248,Yes,No
108249,Yes,No
108250,No,No
108251,Yes,No
108252,No,No
108253,No,No
108254,No,No
108255,Yes,Yes
108256,No,No
108257,No,Yes
108258,No,No
108259,Yes,No
108260,Yes,No
108261,No,No
108262,Yes,No
108263,No,No
108264,Yes,Yes
108265,No,No
108266,Yes,No
108267,Yes,No
108268,No,No
108269,Yes,No
108270,No,No
108271,No,Yes
108272,No,No
108273,Yes,No
108274,Yes,No
108275,Yes,No
108276,No,No
108277,No,No
108278,No,No
108279,No,No
108280,Yes,No
108281,No,No
108282,Yes,No
108283,No,No
108284,Yes,No
108285,No,no
108286,Yes,No
108287,Yes,No
108288,No,Yes
108289,No,Yes
108290,No,No
108291,No,Yes
108292,No,No
108293,No,No
108294,No,No
108295,Yes,Yes
108296,Yes,No
108297,No,No
108298,No,Yes
108299,Yes,No
108300,Yes,No
108301,No,No
108302,Yes,No
108303,No,No
108304,Yes,No
108305,No,No
108306,No,No
108307,Yes,No
108308,No,No
108309,No,No
108310,No,Yes
108311,No,No
108312,Yes,No
108313,No,No
108314,No,No
108315,Yes,No
108316,Yes,No
108317,No,No
108318,Yes,Yes
108319,No,No
108320,No,No
108321,Yes,No
108322,Yes,Yes
108323,Yes,Yes
108324,No,No
108325,No,No
108326,No,No
108327,Yes,No
108328,No,No
108329,No,No
108330,No,No
108331,No,No
108332,No,No
108333,No,No
108334,Yes,No
108335,Yes,No
108336,Yes,No
108337,Yes,No
108338,No,No
108339,Yes,No
108340,Yes,No
108341,Yes,No
108342,Yes,No
108343,No,No
108344,Yes,No
108345,No,No
108346,Yes,No
108347,No,No
108348,No,No
108349,Yes,Yes
108350,No,Yes
108351,No,No
108352,No,Yes
108353,Yes,Yes
108354,No,Yes
108355,No,no
108356,Yes,No
108357,No,No
108358,Yes,Yes
108359,No,No
108360, Ye,No
108361,No,No
108362,No,No
108363,No,No
108364,Yes,No
108365,No,No
108366,No,No
108367,No,Yes
108368,No,No
108369,No,No
108370,Yes,Yes
108371,No,No
108372,No,No
108373,Yes,No
108374,No,Yes
108375,No,No
108376,No,Yes
108377,Yes,No
108378,No,No
108379,No,No
108380,Yes,No
108381,No,No
108382,No,No
108383,Yes,Yes
108384,No,No
108385,Yes,No
108386,No,No
108387,Yes,No
108388,Yes,No
108389,Yes,No
108390,Yes,No
108391,no,No
108392,Yes,Yes
108393,No,No
108394,Yes,No
108395,No,No
108396,Yes,No
108397,Yes,No
108398,No,No
108399,No,No
108400,Yes,Yes
108401,No,Yes
108402,No,No
108403,Yes,No
108404,No,No
108405,No,No
108406,No,No
108407,Yes,No
108408,Yes,No
108409,Yes,No
108410,Yes,No
108411,Yes,No
108412,No,Yes
108413,No,Yes
108414,Yes,Yes
108415,No,No
108416,Yes,No
108417,No,N
108418,No,No
108419,No,No
108420,Yes,Yes
108421,No,No
108422,No,No
108423,No,No
108424,Yes,No
108425,No,No
108426,Yes,No
108427,No,Yes
108428,No,No
108429,No,No
108430,No,Yes
108431,Yes,Yes
108432,No,No
108433,Yes,No
108434,No,No
108435,Yes,No
108436,No,No
108437,No,No
108438,Yes,no
108439,No,No
108440,Yes,No
108441,No,No
108442,Yes,No
108443,No,No
108444,No,No
108445,Yes,No
108446,Yes,No
108447,No,No
108448,No,No
108449,Yes,No
108450,No,No
108451,No,No
108452,No,No
108453,Yes,No
108454,No,No
108455,No,No
108456,No,No
108457,No,Yes
108458,No,Yes
108459,No,No
108460,No,No
108461,Yes,No
108462,Yes,No
108463,No,No
108464,No,No
108465,No,Yes
108466,No,No
108467,Yes,No
108468,No,No
108469,Yes,No
108470,No,No
108471,Yes,No
108472,Yes,No
108473,Yes,No
108474,No,No
108475,No,Yes
108476,Yes,Yes
108477,Yes,No
108478,No,No
108479,Yes,No
108480,No,No
108481,No,No
108482,Yes,Yes
108483,No,No
108484,Yes,No
108485,No,No
108486,No,No
108487,No,No
108488,Yes,No
108489,No,No
108490,Yes,No
108491,No,No
108492,No,No
108493,No,No
108494,No,No
108495,Yes,No
108496,No,No
108497,No,No
108498,No,No
108499,No,No
108500,Yes,No
108501,No,No
108502,No, No
108503,Yes,No
108504,Yes,No
108505,No,No
108506,No,No
108507,Yes,No
108508,No,No
108509,Yes,No
108510,No,Yes
108511,Yes,No
108512,Yes,No
108513,Yes,no
108514,No,Yes
108515,Yes,Yes
108516,Yes,No
108517,Yes,No
108518,No,No
108519,No,No
108520,No,No
108521,No,No
108522,No,No
108523,No,No
108524,Yes,Yes
108525,No,No
108526,No,Yes
108527,No,No
108528,No,No
108529,Yes,No
108530,Yes,No
108531,No,No
108532,No,No
108533,No,No
108534,Yes,No
108535,No,No
108536,No,No
108537,Yes,No
108538,Yes,No
108539,No,No
108540,Yes,No
108541,Yes,No
108542,Yes,No
108543,Yes,No
108544,Yes,No
108545,Yes,No
108546,No,No
108547,No,No
108548,No,No
108549,Yes,No
108550,Yes,No
108551,Yes,No
108552,Yes,No
108553,No,No
108554,Yes,Yes
108555,Yes,No
108556,No,Yes
108557,No,No
108558,Yes,No
108559,No,No
108560,Yes,No
108561,Yes,No
108562,Yes,No
108563,No,No
108564,Yes,No
108565,No,No
108566,No,No
108567,Yes,No
108568,Yes,Yes
108569,No,No
108570,No,No
108571,No,No
108572,No,No
108573,Yes,No
108574,No,No
108575,Yes,No
108576,Yes,No
108577,No,No
108578,No,No
108579,No,No
108580,Yes,No
108581,No,No
108582,No, No
108583,No,No
108584,No,Yes
108585,Yes,No
108586,No,No
108587,No,No
108588,Yes,No
108589,No,No
108590,No,No
108591,No,No
108592,No,No
108593,No,No
108594,Yes,No
108595,Yes,No
108596,Yes,No
108597,Yes,Yes
108598,No,No
108599,No,No
108600,No,No
108601,No,No
108602,Yes,No
108603,No,No
108604,Yes,No
108605,Yes,No
108606,Yes,No
108607,No,No
108608,No,No
108609,No,Yes
108610,Yes,No
108611,Yes,Yes
108612,Yes,No
108613,No,No
108614,Yes,No
108615,No,No
108616,Yes,No
108617,Yes,No
108618,Yes,No
108619,Yes,No
108620,No,No
108621,Yes,No
108622,No,No
108623,Yes,No
108624,No,No
108625,No,No
108626,Yes,No
108627,Yes,No
108628,No,No
108629,Yes,No
108630,Yes,No
108631,Yes,No
108632,No,No
108633,No,No
108634,Yes,Yes
108635,No,No
108636,Yes,No
108637,Yes,No
108638,Yes,Yes
108639,Yes,No
108640,No,No
108641,Yes,No
108642,Yes,No
108643,Yes,No
108644,Yes,No
108645,Yes,Yes
108646,No,No
108647,No,No
108648,No,No
108649,No,No
108650,Yes,No
108651,No,No
108652,No,No
108653,No,No
108654,No,No
108655,No,Yes
108656,No,No
108657,Yes,Yes
108658,No,No
108659,No,No
108660,Yes,No
108661,No,no
108662,No,Yes
108663,Yes,No
108664,No,No
108665,No,No
108666,Yes,No
108667,Yes,No
108668,No,Yes
108669,Yes,Yes
108670,No,No
108671,No,No
108672,No,Yes
108673,No,No
108674,No,No
108675,Yes,No
108676,Yes,No
108677,No,Yes
108678,No,Yes
108679,Yes,Yes
108680,No,Yes
108681,Yes,No
108682,Yes,No
108683,Yes,No
108684,Yes,No
108685,No,No
108686,No,No
108687,No, No
108688,No,No
108689,No,No
108690,No,No
108691,Yes,No
108692,Yes,No
108693,No,No
108694,No,No
108695,Yes,No
108696,No,No
108697,Yes,No
108698,No,No
108699,No,No
108700,Yes,No
108701,Yes,No
108702,No,No
108703,No,No
108704,Yes,No
108705,No,No
108706,No,No
108707,No,No
108708,Yes,Yes
108709,Yes,Yes
108710,Yes,No
108711,No,No
108712,Yes,No
108713,No,No
108714,No,Yes
108715,Yes,No
108716,No,No
108717,No,No
108718,Yes,No
108719,No,No
108720,Yes,Yes
108721,Yes,Yes
108722,Yes,No
108723,No,No
108724,No,No
108725,No,No
108726,No,No
108727,No,No
108728,Yes,No
108729,No,No
108730,No,Yes
108731,Yes,No
108732,No,Yes
108733,No,No
108734,No,No
108735,No,No
108736,No,No
108737,No,No
108738,No,No
108739,Yes,No
108740,No,No
108741,Yes,No
108742,No,No
108743,No,No
108744,Yes,Yes
108745,No,No
108746,Yes,Yes
108747,Yes,No
108748,No,No
108749,No,No
108750,No,No
108751,No,No
108752,No,No
108753,No,No
108754,No,No
108755,Yes,No
108756,Yes,No
108757,No,No
108758,No,No
108759,No,No
108760,No,No
108761,No,No
108762,No,No
108763,Yes,No
108764,No,No
108765,No,No
108766,Yes,No
108767,Yes,No
108768,No,No
108769,Yes,No
108770,Yes,No
108771,No,No
108772,Yes,No
108773,No,No
108774,Yes,No
108775,No,No
108776,No,No
108777,No,No
108778,Yes,No
108779,No,Yes
108780,No,No
108781,Yes,No
108782,No,No
108783,Yes,No
108784,No,No
108785,Yes,No
108786,Yes,No
108787,No,No
108788,No,No
108789,No,Yes
108790,Yes,No
108791,Yes,No
108792,No,No
108793,Yes,No
108794,Yes,No
108795,Yes,No
108796,No,No
108797,Yes,No
108798,No,No
108799,No,No
108800,No,No
108801,No,No
108802,Yes,No
108803,No,No
108804,No,No
108805,Yes,No
108806,No,No
108807,No,Yes
108808,No,No
108809,No,No
108810,No,No
108811,Yes,No
108812,Yes,No
108813,Yes,Yes
108814,No,No
108815,Yes,Yes
108816,No,No
108817,No,No
108818,Yes,No
108819,No,No
108820,No,No
108821,Yes,Yes
108822,No,No
108823,Yes,No
108824,No,No
108825,Yes,Yes
108826,Yes,No
108827,Yes,Yes
108828,Yes,Yes
108829,Yes,Yes
108830,Yes,No
108831,No,No
108832,No,No
108833,Yes,No
108834,No,No
108835,Yes,No
108836,Yes,No
108837,No,No
108838,Yes,No
108839,Yes,Yes
108840,No,No
108841,Yes,Yes
108842,Yes,Yes
108843,No,No
108844,No,No
108845,No,No
108846,Yes,Yes
108847,No,No
108848,No,No
108849,No,Y
108850,No,No
108851,No,Yes
108852,No,No
108853,No,No
108854,No,No
108855,Yes,No
108856,Yes,No
108857,No,No
108858,Yes,No
108859,No,No
108860,Yes,No
108861,No,No
108862,No,No
108863,No,No
108864,Yes,No
108865,No,No
108866,Yes,No
108867,Yes,No
108868,No,No
108869,Yes,No
108870,No,No
108871,No,No
108872,Yes,No
108873,Yes,No
108874,No,No
108875,Yes,No
108876,Yes,No
108877,No,No
108878,Yes,Yes
108879,No,No
108880,No,No
108881,No,No
108882,No,No
108883,Yes,No
108884,No,No
108885,Yes,No
108886,No,No
108887,No,No
108888,No,No
108889,No,Yes
108890,Yes,No
108891,No,No
108892,No,No
108893,Yes,No
108894,No,No
108895,No,No
108896,No,Yes
108897,No,No
108898,No,No
108899,Yes,No
108900,No,Yes
108901,No,No
108902,nan,No
108903,No,No
108904,Yes,No
108905,No,No
108906,Yes,No
108907,Yes,Yes
108908,Yes,No
108909,Yes,No
108910,No,No
108911,No,No
108912,No,No
108913,Yes,Yes
108914,No,Yes
108915,No,No
108916,Yes,No
108917,No,No
108918,Yes,No
108919,N,No
108920,No,Yes
108921,Yes,No
108922,No,No
108923,Yes,No
108924,No,No
108925,No,No
108926,No,No
108927,No,No
108928,No,No
108929,Yes,No
108930,No,No
108931,Yes,No
108932,Yes,No
108933,No,No
108934,No,No
108935,No,No
108936,Yes,Yes
108937,No,No
108938,No,No
108939,No,No
108940,No,No
108941,No,yes
108942,Yes,No
108943,Yes,No
108944,No,Yes
108945,Yes,No
108946,No,Yes
108947,No,No
108948,No,No
108949,Yes,No
108950,No,Yes
108951,No,Yes
108952,No,No
108953,Yes,No
108954,yes,No
108955,No,No
108956,Yes,No
108957,No,No
108958,No,No
108959,No,No
108960,Yes,Yes
108961,Yes,No
108962,No,No
108963,No,No
108964,No,No
108965,No,No
108966,No,No
108967,Yes,No
108968,No,No
108969,Yes,No
108970,Yes,No
108971,No,No
108972,No,No
108973,No,No
108974,No,No
108975,No,No
108976,Yes,No
108977,Yes,No
108978, No,No
108979,No,No
108980,No,No
108981,Yes,No
108982,No,Yes
108983,No,No
108984,No,No
108985,Yes,No
108986,No,No
108987,No,No
108988,No,No
108989,Yes,No
108990,No,No
108991,No,No
108992,Yes,No
108993,No,Yes
108994,Yes,No
108995,No,Yes
108996,No,No
108997,No,No
108998,Yes,No
108999,No,No
109000,Yes,No
109001,Yes,No
109002,No,No
109003,No,No
109004,No,No
109005,No,No
109006,No,No
109007,Y,No
109008,Yes,No
109009,No,Yes
109010,Yes,No
109011,Yes,Yes
109012,Yes,No
109013,No, No
109014,Yes,No
109015,No,No
109016,No,No
109017,Yes,No
109018,No,No
109019,No,No
109020,No,No
109021,No,No
109022,Yes,Yes
109023,Yes,No
109024,Yes,Yes
109025,No,No
109026, No,No
109027,No,No
109028,Yes,No
109029,Yes,No
109030,No,No
109031,No,No
109032,Yes,No
109033,No,No
109034,No,No
109035,No,No
109036,Yes,No
109037,No,No
109038,No,Yes
109039,No,No
109040,No,No
109041,No,No
109042,Yes,No
109043,No,Yes
109044,Yes,No
109045,No,No
109046,No,No
109047,Yes,No
109048,No,No
109049,No,No
109050,Yes,No
109051,Yes,No
109052,No,No
109053,Yes,Yes
109054,No,Yes
109055,No,No
109056,No,Yes
109057,Yes,No
109058,No,No
109059,No,No
109060,No,Yes
109061,No,No
109062,No,Yes
109063,Yes,No
109064,No,No
109065,No,No
109066,No,No
109067,No,No
109068,No,No
109069,No,No
109070,No,No
109071,Yes,No
109072,Yes,No
109073,No,No
109074,Yes,No
109075,No,No
109076,Yes,No
109077,No,No
109078,Yes,No
109079,Yes,No
109080,No,No
109081,No,No
109082,Yes,No
109083,Yes,No
109084,Yes,No
109085,Yes,No
109086,Yes,No
109087,No,No
109088,No,No
109089,No,No
109090,No,No
109091,No,No
109092,Yes,Yes
109093,No,No
109094,No, No
109095,Yes,No
109096,No,No
109097,Yes,No
109098,Yes,No
109099,No,No
109100,No,No
109101,Yes,No
109102,Yes,No
109103,No,No
109104,No,No
109105,Yes,No
109106,No,No
109107,No,No
109108,No,No
109109,No,Yes
109110,No,No
109111,Yes,No
109112,Yes,No
109113,No,No
109114,No,No
109115,No,No
109116,No,No
109117,No,No
109118,No,No
109119,Yes,No
109120,No,Yes
109121,No,Yes
109122,No,No
109123,No,No
109124,Yes,Yes
109125,Yes,Yes
109126,No,No
109127,No,Yes
109128,Yes,No
109129,No,Yes
109130,No,No
109131,No,No
109132,Yes,No
109133,N,No
109134,No,No
109135,No,No
109136,Yes,No
109137,nan,No
109138,No,No
109139,Yes,No
109140,Yes,Yes
109141,Yes,Yes
109142,Yes,No
109143,No,No
109144,No,No
109145,Yes,No
109146,No,No
109147,Yes,No
109148,No,Yes
109149,No,No
109150,Yes,No
109151,Yes,No
109152,Yes,No
109153,No,No
109154,No,No
109155,Yes,No
109156,No,No
109157,No,No
109158,Yes,No
109159,Yes,No
109160,Yes,No
109161,No,No
109162,No,No
109163,No,No
109164,No,No
109165,No,No
109166, No,No
109167,No,No
109168,No,No
109169,No,No
109170,Yes,Yes
109171,Yes,No
109172,Yes,No
109173,No,No
109174,No,Yes
109175,No,No
109176,No,No
109177,Yes,No
109178,Yes,No
109179,No,Yes
109180,No,No
109181,Yes,Yes
109182,No,No
109183,Yes,Yes
109184,No,Yes
109185,Yes,No
109186,Yes,No
109187,No,Yes
109188,Yes,No
109189,No,No
109190,Yes,Yes
109191,Yes,No
109192,No,Yes
109193,Yes,No
109194,No,No
109195,Yes, No
109196,Yes,Yes
109197,No,No
109198,No,No
109199,No,No
109200,No,No
109201,No,No
109202,No,No
109203,No,No
109204,No,No
109205,No,No
109206,Yes,No
109207,Yes,Yes
109208,No,Yes
109209,Yes,No
109210,No,No
109211,Yes,No
109212,No,No
109213,Yes,No
109214,No,No
109215,No,No
109216,Yes,No
109217,No,No
109218,No,No
109219,No,No
109220,No,No
109221,No,No
109222,Yes,Yes
109223,No,No
109224,Yes,Yes
109225,No,Yes
109226,No,No
109227,Yes,No
109228,Yes,No
109229,No,No
109230,No,Yes
109231,No,No
109232,Yes,No
109233,No,No
109234,No,No
109235,Yes,No
109236,No,No
109237,Yes,Yes
109238,No,No
109239,Yes,No
109240,No,No
109241,No,No
109242,No,No
109243,No,No
109244,No,No
109245,No,No
109246,No,Yes
109247,Yes,No
109248,No,No
109249,No,Yes
109250,Yes,No
109251,No,No
109252,Yes,No
109253,No,No
109254,Yes,No
109255,Yes,No
109256,No,No
109257,Yes,Yes
109258,Yes,No
109259,No,No
109260,Yes,No
109261,No,No
109262,No,Yes
109263,No,No
109264,No,No
109265,No,No
109266,Yes,No
109267,No,No
109268,Yes,No
109269,Yes,No
109270,Yes,No
109271,Yes,No
109272,Yes,No
109273,No,No
109274,No,No
109275,No,No
109276,Yes,No
109277,No,No
109278,Yes,No
109279,No,No
109280,nan,No
109281,No,No
109282,No,Yes
109283,Yes,No
109284,No,No
109285,Yes,No
109286,No,No
109287,No,No
109288,No,No
109289,Yes,No
109290,No,Yes
109291,No,No
109292,No,Yes
109293,Yes,Yes
109294,Yes,Yes
109295,No,No
109296,Yes,No
109297,Yes,No
109298,No,No
109299,No,No
109300,No,No
109301,Yes,No
109302,No,No
109303,Yes,Yes
109304,No,No
109305,yes,No
109306,Yes,No
109307,No,No
109308,No,No
109309,Yes,No
109310,No,Yes
109311,No,No
109312,Yes,No
109313,No, No
109314,Yes,No
109315,No,No
109316,Yes,Yes
109317,No,No
109318,Yes,Yes
109319,No,Yes
109320,No,Yes
109321,No,No
109322,No,Yes
109323,No,No
109324,Yes,No
109325,Yes,No
109326,No,No
109327,Yes,No
109328,No,No
109329,Yes,No
109330,No,No
109331,no,No
109332,No,No
109333,Yes,no
109334,Yes,No
109335,Yes,No
109336,No,Yes
109337,Yes,No
109338,Yes,No
109339,No,No
109340,No,No
109341,Yes,Yes
109342,No,No
109343,Yes,No
109344,No,Yes
109345,No,No
109346,Yes,No
109347,No,No
109348,No,No
109349,Yes,No
109350,Yes,Yes
109351,Yes,No
109352,No,No
109353,No,No
109354,No,No
109355,Yes,No
109356,Yes,No
109357,Yes,No
109358,No,No
109359,Yes,No
109360,No,No
109361,No,No
109362,Yes,N
109363,Yes,Yes
109364,Yes,No
109365,No,No
109366,No,No
109367,No,Yes
109368,No,No
109369,Yes,No
109370,Yes,No
109371,Yes,No
109372,Yes,No
109373,No,No
109374,Yes,No
109375,Y,No
109376,Yes,No
109377,No,Yes
109378,Yes,No
109379,No,No
109380,No,No
109381,Yes, No
109382,No,No
109383,Yes,No
109384,No,No
109385,Yes,No
109386, Ye,No
109387,Yes,No
109388,Yes,Yes
109389,Yes,No
109390,No,No
109391,Yes,No
109392,Yes,No
109393,Yes,No
109394,Yes,No
109395,No,No
109396,No,No
109397,Yes,Yes
109398,No,No
109399,Yes,No
109400,No,No
109401,Yes,Yes
109402,Yes,No
109403,No,Yes
109404,No,No
109405,Yes,Yes
109406,No,No
109407,nan,No
109408,Yes,No
109409,No,No
109410,No,No
109411,Yes,No
109412,Yes,No
109413,No,No
109414,No,No
109415,Yes,Yes
109416,Yes,No
109417,Yes,No
109418,No,Yes
109419,No,No
109420,Yes,No
109421,Yes,No
109422,Yes,Yes
109423,Yes,No
109424,No,No
109425,Yes,No
109426,Yes,No
109427,No,No
109428,No,No
109429,No,No
109430,Yes,No
109431,No,No
109432,No,No
109433,No,No
109434,No,No
109435,Yes,No
109436,No,Yes
109437,No,No
109438,No,No
109439,No,No
109440,No,No
109441,No,No
109442,Yes,No
109443,Yes,Yes
109444,No,No
109445,No,No
109446,No,No
109447,No,No
109448,Yes,No
109449,Yes,No
109450,Yes,No
109451,Yes,No
109452,No,Yes
109453,nan,No
109454,Yes,No
109455,Yes,No
109456,No,No
109457, Ye,No
109458,No,No
109459,No,No
109460,No,No
109461,Yes,No
109462,Yes,No
109463,Yes,Yes
109464,No,No
109465,No,No
109466,No,No
109467,Yes,Yes
109468,No,No
109469,Yes,No
109470,Yes,No
109471,Yes,No
109472,No,Yes
109473,Yes,No
109474,No,No
109475,No,No
109476,Yes,No
109477,No,No
109478,Yes,No
109479,No,No
109480,Yes,No
109481,No,No
109482,No,No
109483,No,No
109484,Yes,Yes
109485,No,No
109486,No,No
109487,No,No
109488,Yes,No
109489,No,No
109490,No,No
109491,Yes,No
109492,Yes,Yes
109493,Yes,No
109494,No,No
109495,No,No
109496,Yes,No
109497,Yes,No
109498,Yes,No
109499,Yes,No
109500,Yes,No
109501,No,No
109502,Yes,No
109503,No,No
109504,No,No
109505,No,No
109506,No,No
109507,Yes,No
109508,No,No
109509,No,No
109510,Yes,No
109511,No,No
109512,No,No
109513,Yes, No
109514,Yes,No
109515,No,No
109516,No,Yes
109517,No,No
109518,No,No
109519,No,No
109520,No,Yes
109521,Yes,No
109522,Yes,No
109523,No,No
109524,No,No
109525,No,No
109526,Yes,No
109527,Yes,Yes
109528,No,No
109529,Yes,No
109530,Yes,No
109531,Yes,Yes
109532,No,No
109533,No,No
109534,Yes,No
109535,Yes,No
109536,Yes,No
109537,Yes,No
109538,No,No
109539,No,No
109540,No,No
109541,Yes,No
109542,Yes,No
109543,No,No
109544,Yes,No
109545,Yes,Yes
109546,No,No
109547,No,No
109548,No,No
109549,No,No
109550,No,Yes
109551,Yes,No
109552,No,No
109553,No,Yes
109554,No,No
109555,No,No
109556,No,No
109557,No,Yes
109558,No,No
109559,Yes,No
109560,No,No
109561,Yes,No
109562,Yes,No
109563,No,No
109564,No,No
109565,No,No
109566,Yes,Yes
109567,No,No
109568,Yes,No
109569,No,No
109570,Yes,No
109571,No,No
109572,Yes,Yes
109573,No,No
109574,No,No
109575,Yes,Yes
109576,No,No
109577,Yes,No
109578,No,No
109579,No,No
109580,No,No
109581,Yes,Yes
109582,Yes,No
109583,No,No
109584,No,No
109585,No,No
109586,No,No
109587,Yes,No
109588,Yes,Yes
109589,No,No
109590,Yes,No
109591,Yes,No
109592,No,No
109593,Yes,No
109594,Yes,No
109595,No,No
109596,No,Yes
109597,No,Yes
109598,Yes,No
109599,Yes,No
109600,Yes,No
109601,No,No
109602,No,No
109603,Yes,No
109604,Yes,No
109605,No,Yes
109606,Yes,No
109607,No,No
109608,No,No
109609,Yes,Yes
109610,No,No
109611,No,No
109612,No,No
109613,Yes,No
109614,No,No
109615,Yes,No
109616,Yes,No
109617,No,No
109618,No,No
109619,Yes,No
109620,No,Yes
109621,Yes,No
109622,No,No
109623,Yes,No
109624,Yes,Yes
109625,Yes,No
109626,No,No
109627,No,No
109628,No,No
109629,No,No
109630,Yes,No
109631,yes,No
109632,Yes,No
109633,No,No
109634,Yes,No
109635,Yes,No
109636,No,No
109637,Yes,No
109638,Yes,No
109639,Yes,No
109640,No,No
109641,Yes,No
109642,No,No
109643,No,No
109644,Yes,No
109645,No,No
109646,Yes,Yes
109647,No,No
109648,Yes,No
109649,No,No
109650,No,No
109651,No,No
109652,No,No
109653,Yes,No
109654,No,No
109655,Yes,No
109656,No,No
109657,Yes,No
109658,No,No
109659,No,No
109660,No,No
109661,No,Yes
109662,No,No
109663,N,No
109664,No,No
109665,No,No
109666,No,No
109667,Yes,No
109668,No,No
109669,No,No
109670,No,No
109671,No,No
109672,Yes,No
109673,No,No
109674,No,No
109675,No,No
109676,No,No
109677,Yes,No
109678,No,No
109679,No,No
109680,No,No
109681,Yes,Yes
109682,No,No
109683,Yes,Yes
109684,No,No
109685,Yes,No
109686,Yes,No
109687,No,No
109688,Yes,No
109689,Yes,No
109690,No,No
109691,No,No
109692,No,No
109693,No,No
109694,No,No
109695,No,No
109696,No,No
109697,Yes,No
109698,Yes,No
109699,No,Yes
109700,No,No
109701,Yes,No
109702,Yes,No
109703,No,No
109704,No,No
109705,Yes,No
109706,No,No
109707,No,No
109708,No,No
109709,No,No
109710,No,No
109711,Yes,No
109712,No,No
109713,Yes,No
109714,Yes,No
109715,No,No
109716,No,No
109717,No,No
109718,No,Yes
109719,No,No
109720,No,No
109721,No,No
109722,No,No
109723,Yes,no
109724,Yes,No
109725,No,No
109726,No,No
109727,Yes,No
109728,No,No
109729,No,No
109730,No,No
109731,No,No
109732,Yes,No
109733,Yes,Yes
109734,No,No
109735,No,Yes
109736,No,No
109737,No,Yes
109738,No,No
109739,No,Yes
109740,Yes, No
109741,Yes,No
109742,Yes,No
109743,Yes,No
109744,Yes,No
109745,Yes,No
109746,No,No
109747,Yes,No
109748,Yes,No
109749,Yes,Yes
109750,Yes,No
109751,Yes,Yes
109752,No,No
109753,No,No
109754,No, No
109755,No,yes
109756,No,No
109757,No,No
109758,No,Yes
109759,No,No
109760,No,No
109761,No,No
109762,No,Yes
109763,Yes,No
109764,No,No
109765,No,No
109766,No,No
109767,No,No
109768,No,No
109769,No,No
109770,No,No
109771,Yes,Yes
109772,Yes,No
109773,No,No
109774,Yes,Yes
109775,Yes,No
109776,Yes,No
109777,Yes,No
109778,Yes,No
109779,No,No
109780,No,No
109781,Yes,No
109782,No,No
109783,Yes,No
109784,No,No
109785,No,No
109786,N,No
109787,No,No
109788,No,No
109789,Yes,No
109790,No,No
109791,No,No
109792,Yes,No
109793,Y,No
109794,No,No
109795,No,No
109796,Yes,No
109797,Yes,no
109798,No,No
109799,No,No
109800,No,No
109801,No,Yes
109802,Yes,No
109803,No,No
109804,Yes,No
109805,No,No
109806,Yes,No
109807,No,No
109808,Yes,No
109809,Yes,Yes
109810,Yes,No
109811,Yes,No
109812,Yes,Yes
109813,No,No
109814,No, No
109815,Yes,No
109816,Yes,No
109817,Yes,No
109818,No,Yes
109819,No,No
109820,Yes,Yes
109821,Yes,No
109822,No,No
109823,No,Yes
109824,Yes,No
109825,No,No
109826,No,No
109827,No,No
109828,No,No
109829,No,Yes
109830,Yes,Yes
109831,No,No
109832,No,No
109833,No,No
109834,No,Yes
109835,No,No
109836,No,No
109837,Yes,No
109838,No,No
109839,No,No
109840,No,No
109841,Yes,No
109842,Yes,No
109843,Yes,No
109844,Yes,Yes
109845,No,No
109846,Yes,No
109847,Yes,No
109848,Yes,No
109849,No,No
109850,No,No
109851,No,No
109852,No,No
109853,No,No
109854,Yes,No
109855,No,No
109856,Yes,No
109857,No,No
109858,No,Yes
109859,No,Yes
109860,Yes,No
109861,no,Yes
109862,No,Yes
109863,No,No
109864,No,Yes
109865,No,Yes
109866,Yes,Yes
109867,No,No
109868,No,No
109869,Yes,No
109870,No,No
109871,Yes,No
109872,No,No
109873,Yes,No
109874,No,No
109875,No,No
109876,No,No
109877,No,No
109878,Yes,No
109879,Yes,Yes
109880,Yes,No
109881,No,Yes
109882,Yes,No
109883,No,No
109884,No,No
109885,No,No
109886,Yes,No
109887,No,Yes
109888,Yes,No
109889,No,No
109890,No,Yes
109891,No,No
109892,Yes,No
109893,No,No
109894,No,Yes
109895,Yes,No
109896,No,No
109897,No,No
109898,Yes,No
109899,Yes,No
109900,No,No
109901,No,No
109902,No,No
109903,No,Yes
109904,No,No
109905,Yes,No
109906,Yes,No
109907,No,No
109908,No,No
109909,No,No
109910,No,No
109911,Yes,No
109912,No,No
109913,No,No
109914,No,No
109915,No,No
109916,No,Yes
109917,No,No
109918,No,No
109919,Yes,No
109920,No,No
109921,No,No
109922,No,No
109923,yes,No
109924,No,Yes
109925,No,No
109926,Yes,No
109927,No,Yes
109928,Yes,No
109929,No,Yes
109930,Yes,Yes
109931,No,No
109932,No,No
109933,No,No
109934,Yes, Ye
109935,No,Yes
109936,Yes,Yes
109937,No,No
109938,No,No
109939,No,No
109940,No,No
109941,No,No
109942,No,No
109943,Yes,Yes
109944,No,Yes
109945,No,No
109946,No,No
109947,Yes,No
109948,No,No
109949,No,No
109950,No,No
109951,No,No
109952,Yes,Yes
109953,No,No
109954,No,Yes
109955,No,No
109956,No,No
109957,Yes,No
109958,Yes,No
109959,Yes,No
109960,Yes, No
109961,No,No
109962,No,No
109963,Yes,No
109964,No,No
109965,Yes,No
109966,No,No
109967,No,No
109968,No,No
109969,No,No
109970,Yes,No
109971,No,No
109972,No,No
109973,Yes,No
109974,No,Yes
109975,No,Yes
109976,No,Yes
109977,No,No
109978,Yes,No
109979,No,No
109980,No,No
109981,No,Yes
109982,No,No
109983,Yes,No
109984,No,No
109985,No,No
109986,Yes,No
109987,No,No
109988,Yes,No
109989,Yes,No
109990,No,Yes
109991,Yes,No
109992,Yes,No
109993,Yes,No
109994,Yes,No
109995,No,No
109996,No,Yes
109997,No,No
109998,No,No
109999,No,No
110000,Yes,No
